n,mean_net,t,sharpe,label,slot,period
23,-25.482085830207858,-1.2910113083965098,-4.256338238449026,円安1%→輸出Long,full,ALL
10,0.748555507194288,0.024449419635873923,0.12224709817936959,円安1%→輸出Long,full,IS
13,-45.65950224359412,-1.7980460452931726,-7.884953515538334,円安1%→輸出Long,full,OOS
23,5.766320676615168,0.2822738002748759,0.9306291602623775,円安1%→輸出Long,am,ALL
10,24.539060645322863,0.8021507619856038,4.010753809928018,円安1%→輸出Long,am,IS
13,-8.674248530083068,-0.3118506031707305,-1.3675553616831162,円安1%→輸出Long,am,OOS
23,-31.284675039814093,-2.066631880360204,-6.813483538033683,円安1%→輸出Long,pm,ALL
10,-28.031455242888875,-1.0011068917246,-5.005534458623,円安1%→輸出Long,pm,IS
13,-33.78715180667963,-1.984819649915788,-8.70400995418406,円安1%→輸出Long,pm,OOS
23,-21.382668302888266,-3.115424565894315,-10.271250625441288,円安1%→輸出Long,cls,ALL
10,-14.911937215075149,-1.0789756748314279,-5.394878374157139,円安1%→輸出Long,cls,IS
13,-26.360153755052206,-4.284458719055611,-18.788594389688228,円安1%→輸出Long,cls,OOS
25,37.31208601700493,0.8619230747201361,2.725640083971127,円高1%→輸出Short,full,ALL
14,88.81253985815114,1.2238834840447617,5.171851669161954,円高1%→輸出Short,full,IS
11,-28.233946144453846,-1.0365983829762693,-4.94178889120174,円高1%→輸出Short,full,OOS
25,-19.44216005732279,-1.0808880806021115,-3.418068230430336,円高1%→輸出Short,am,ALL
14,-11.209620169319475,-0.38357815014622243,-1.6209135280848683,円高1%→輸出Short,am,IS
11,-29.91993809659974,-1.641765376900916,-7.826809335968566,円高1%→輸出Short,am,OOS
25,47.88276367033538,1.348341225994164,4.263829337245389,円高1%→輸出Short,pm,ALL
14,90.86664468198725,1.495851079880105,6.321124523004584,円高1%→輸出Short,pm,IS
11,-6.823993980857894,-0.44132940751664224,-2.1039553980052044,円高1%→輸出Short,pm,OOS
23,21.81058187946427,0.6379464567396285,2.1032471832307067,円安1%→非鉄(コスト↑),full,ALL
10,7.541406771863706,0.20238044697472804,1.0119022348736402,円安1%→非鉄(コスト↑),full,IS
13,32.786870423772385,0.601908775826132,2.6395445936479303,円安1%→非鉄(コスト↑),full,OOS
23,34.10023738181695,1.191021775752392,3.926682511601516,円安1%→非鉄(コスト↑),am,ALL
10,3.324462317154925,0.10021584063218243,0.501079203160912,円安1%→非鉄(コスト↑),am,IS
13,57.77391050848006,1.319671047613497,5.787140375783629,円安1%→非鉄(コスト↑),am,OOS
23,-25.941062584609487,-1.0014983404899356,-3.3018422492867434,円安1%→非鉄(コスト↑),pm,ALL
10,-15.539949842734702,-0.6551587129235935,-3.2757935646179672,円安1%→非鉄(コスト↑),pm,IS
13,-33.941918539897785,-0.7914127433585707,-3.470574465722051,円安1%→非鉄(コスト↑),pm,OOS
13,-69.07161108360788,-0.9270097022612042,-4.0652064667180525,円高1%→内需Long,full,ALL
7,-44.748221556025214,-0.33489975330620425,-2.0014088320530297,円高1%→内需Long,full,IS
6,-97.44889886578767,-1.629764588434218,-10.520085182073851,円高1%→内需Long,full,OOS
91,-48.259415353631454,-2.049510698858152,-3.39703090493,SOX+2%→半導体Long,full,ALL
24,-116.84974962630572,-2.559883710685279,-8.261989149759776,SOX+2%→半導体Long,full,IS
67,-23.689743375360067,-0.8755238180485999,-1.6912218006500572,SOX+2%→半導体Long,full,OOS
91,-44.67540081474522,-2.104279186767132,-3.487808789693785,SOX+2%→半導体Long,am,ALL
24,-124.90026933379444,-3.177054581089746,-10.253899568793807,SOX+2%→半導体Long,am,IS
67,-15.938134479563388,-0.6537008072575368,-1.2627332729800373,SOX+2%→半導体Long,am,OOS
91,-10.077973111020553,-0.8955515818917016,-1.4843622930780387,SOX+2%→半導体Long,pm,ALL
24,-2.1289652017184943,-0.10817549657274042,-0.34913491391161766,SOX+2%→半導体Long,pm,IS
67,-12.925378929278006,-0.9484205551103364,-1.8320341330773404,SOX+2%→半導体Long,pm,OOS
91,-9.335751286252856,-1.3407939321132272,-2.2223443025053875,SOX+2%→半導体Long,cls,ALL
24,-7.354672410108216,-0.7381920262630176,-2.3825045200164796,SOX+2%→半導体Long,cls,IS
67,-10.045391480692727,-1.142020133808139,-2.2060043453556952,SOX+2%→半導体Long,cls,OOS
70,2.1917365421250654,0.06780668617795149,0.1281425920387574,SOX-2%→半導体Short,full,ALL
23,12.669996529072861,0.15693530552724003,0.51740038025532,SOX-2%→半導体Short,full,IS
47,-2.93592260042385,-0.1033557741032251,-0.23837231785052204,SOX-2%→半導体Short,full,OOS
70,9.249901339715873,0.4804740451257869,0.9080105963028986,SOX-2%→半導体Short,am,ALL
23,16.653679793276396,0.5727429357571826,1.8882775405683196,SOX-2%→半導体Short,am,IS
47,5.626775713505406,0.22431045468448474,0.5173334868339655,SOX-2%→半導体Short,am,OOS
70,-18.905773498875035,-0.8373792732640953,-1.5824980786405674,SOX-2%→半導体Short,pm,ALL
23,-5.89670831956342,-0.09365193528956414,-0.3087612871283221,SOX-2%→半導体Short,pm,IS
47,-25.27191177811263,-1.751314151384515,-4.039104899287096,SOX-2%→半導体Short,pm,OOS
106,-3.3915761600900804,-0.1788006941830842,-0.2745909833079732,FCX+2%→非鉄Long,full,ALL
16,-33.6836798589005,-0.9400604736901411,-3.715915293947047,FCX+2%→非鉄Long,full,IS
90,1.9936867196984345,0.09302454349096541,0.15504090581827568,FCX+2%→非鉄Long,full,OOS
106,0.3089346429019937,0.01808952986014458,0.027780774647271904,FCX+2%→非鉄Long,am,ALL
16,-32.94415138550576,-0.9750111721664051,-3.8540700601955105,FCX+2%→非鉄Long,am,IS
90,6.220594381285595,0.32406906738014085,0.5401151123002347,FCX+2%→非鉄Long,am,OOS
106,-12.357971888850459,-1.3193210152972317,-2.0261311430837505,FCX+2%→非鉄Long,pm,ALL
16,-5.190381403105858,-0.2881719216734042,-1.1390995377444977,FCX+2%→非鉄Long,pm,IS
90,-13.63221019742728,-1.2876993549148013,-2.1461655915246682,FCX+2%→非鉄Long,pm,OOS
106,-11.128707571539406,-2.517867711454798,-3.8667845999513952,FCX+2%→非鉄Long,cls,ALL
16,-1.6747152398121194,-0.2299056841317502,-0.9087820110944519,FCX+2%→非鉄Long,cls,IS
90,-12.809417319402034,-2.5444055532589385,-4.240675922098231,FCX+2%→非鉄Long,cls,OOS
86,-2.8230111476721227,-0.12121377804249063,-0.20666777622702245,FCX-2%→非鉄Short,full,ALL
31,5.351132473170534,0.12853050768785354,0.36500211451549874,FCX-2%→非鉄Short,full,IS
55,-7.430255733965261,-0.2641635737355435,-0.5631986315547599,FCX-2%→非鉄Short,full,OOS
86,-2.6196650477216252,-0.13276620806473838,-0.22636450593277677,FCX-2%→非鉄Short,am,ALL
31,-25.474980771169175,-1.0550133495185399,-2.9960365857384486,FCX-2%→非鉄Short,am,IS
55,10.262421996403354,0.3705189332689118,0.7899490199624861,FCX-2%→非鉄Short,am,OOS
86,-7.420153846577182,-0.440219774568026,-0.7505684859459041,FCX-2%→非鉄Short,pm,ALL
31,26.808961963508814,0.8321786541497568,2.3632285741607486,FCX-2%→非鉄Short,pm,IS
55,-26.712928212262018,-1.4174258268785151,-3.0219620167144288,FCX-2%→非鉄Short,pm,OOS
78,-16.263235005142405,-0.7828563390735067,-1.4015376716164893,COMEX銅+1.5%→非鉄Long,full,ALL
17,-35.55619327038123,-0.9074109178151606,-3.4797620223104335,COMEX銅+1.5%→非鉄Long,full,IS
61,-10.886508931223396,-0.4474782550569436,-0.905893248037192,COMEX銅+1.5%→非鉄Long,full,OOS
78,-24.622621836453884,-1.5180358776659586,-2.7177201783052443,COMEX銅+1.5%→非鉄Long,am,ALL
17,-37.49304444991369,-1.1347468681784831,-4.351555595485494,COMEX銅+1.5%→非鉄Long,am,IS
61,-21.0357827474569,-1.1250354134832838,-2.277567621129532,COMEX銅+1.5%→非鉄Long,am,OOS
78,-0.48640746830929604,-0.04127248975053308,-0.07388960949749195,COMEX銅+1.5%→非鉄Long,pm,ALL
17,-5.762766418671252,-0.27802883089217356,-1.0661918959223164,COMEX銅+1.5%→非鉄Long,pm,IS
61,0.9840532227751844,0.0703205111093128,0.1423597135560125,COMEX銅+1.5%→非鉄Long,pm,OOS
78,-10.299669506954235,-2.0834836187072754,-3.730034022934456,COMEX銅+1.5%→非鉄Long,cls,ALL
17,-4.497557070488144,-0.5879917854581127,-2.254845565881134,COMEX銅+1.5%→非鉄Long,cls,IS
61,-11.91665166137921,-1.9985159476798893,-4.045877274790649,COMEX銅+1.5%→非鉄Long,cls,OOS
44,-84.05805608106148,-2.964960838255772,-7.067448094637825,NQ+1.5%→半導体Long,full,ALL
13,-146.0256751286402,-2.0929045763625207,-9.177993711715647,NQ+1.5%→半導体Long,full,IS
31,-58.07163519014141,-2.1313263078196814,-6.052559995841453,NQ+1.5%→半導体Long,full,OOS
44,-86.93506396583926,-3.1564385140430953,-7.523865095985099,NQ+1.5%→半導体Long,am,ALL
13,-174.59672962187284,-2.715407880609547,-11.907851286890537,NQ+1.5%→半導体Long,am,IS
31,-50.173720303631676,-1.9000846959104771,-5.395877945570454,NQ+1.5%→半導体Long,am,OOS
44,-3.123854320834403,-0.2625046894072783,-0.625721002128434,NQ+1.5%→半導体Long,cls,ALL
13,2.6057894619139006,0.20148273185036292,0.8835602286062431,NQ+1.5%→半導体Long,cls,IS
31,-5.526608165212721,-0.34314648470812814,-0.9744705343513042,NQ+1.5%→半導体Long,cls,OOS
19,-27.4687193245571,-0.5976985501904098,-2.1680805144416455,AUD+1%→非鉄Long,full,ALL
5,-101.82082525248082,-1.669629578491983,-11.806063970213183,AUD+1%→非鉄Long,full,IS
14,-0.9143957788700652,-0.015788766637990573,-0.06671971650506694,AUD+1%→非鉄Long,full,OOS
19,-40.11539647909294,-1.0411250741665454,-3.7765575735092654,AUD+1%→非鉄Long,am,ALL
5,-140.39453387451977,-3.026807307670282,-21.402759725986527,AUD+1%→非鉄Long,am,IS
14,-4.3014188378690665,-0.0921592804364552,-0.38944403986794324,AUD+1%→非鉄Long,am,OOS
19,5.481084585184368,0.3985032070355163,1.4455230614846994,AUD+1%→非鉄Long,cls,ALL
5,19.286625443471216,2.929367267161795,20.7137545919601,AUD+1%→非鉄Long,cls,IS
14,0.5505342786533536,0.02969932526520986,0.1255025555522912,AUD+1%→非鉄Long,cls,OOS
