date,r_装置→AI下流_lag1
2018-01-05,
2018-01-09,
2018-01-10,
2018-01-11,
2018-01-12,
2018-01-15,
2018-01-16,
2018-01-17,
2018-01-18,
2018-01-19,
2018-01-22,
2018-01-23,
2018-01-24,
2018-01-25,
2018-01-26,
2018-01-29,
2018-01-30,
2018-01-31,
2018-02-01,
2018-02-02,
2018-02-05,
2018-02-06,
2018-02-07,
2018-02-08,
2018-02-09,
2018-02-13,
2018-02-14,
2018-02-15,
2018-02-16,
2018-02-19,
2018-02-20,
2018-02-21,
2018-02-22,
2018-02-23,
2018-02-26,
2018-02-27,
2018-02-28,
2018-03-01,
2018-03-02,
2018-03-05,
2018-03-06,
2018-03-07,
2018-03-08,
2018-03-09,
2018-03-12,
2018-03-13,
2018-03-14,
2018-03-15,
2018-03-16,
2018-03-19,
2018-03-20,
2018-03-22,
2018-03-23,
2018-03-26,
2018-03-27,
2018-03-28,
2018-03-29,
2018-03-30,
2018-04-02,
2018-04-03,
2018-04-04,
2018-04-05,
2018-04-06,
2018-04-09,
2018-04-10,
2018-04-11,
2018-04-12,
2018-04-13,
2018-04-16,
2018-04-17,
2018-04-18,
2018-04-19,
2018-04-20,
2018-04-23,
2018-04-24,
2018-04-25,
2018-04-26,
2018-04-27,
2018-05-01,
2018-05-02,
2018-05-07,
2018-05-08,
2018-05-09,
2018-05-10,
2018-05-11,
2018-05-14,
2018-05-15,
2018-05-16,
2018-05-17,
2018-05-18,
2018-05-21,
2018-05-22,
2018-05-23,
2018-05-24,
2018-05-25,
2018-05-28,
2018-05-29,
2018-05-30,
2018-05-31,
2018-06-01,
2018-06-04,
2018-06-05,
2018-06-06,
2018-06-07,
2018-06-08,
2018-06-11,
2018-06-12,
2018-06-13,
2018-06-14,
2018-06-15,
2018-06-18,
2018-06-19,
2018-06-20,
2018-06-21,
2018-06-22,
2018-06-25,
2018-06-26,
2018-06-27,
2018-06-28,
2018-06-29,0.01882082609666427
2018-07-02,0.009154966146421317
2018-07-03,0.0096765075992193
2018-07-04,0.03061592140407963
2018-07-05,0.02135640976856525
2018-07-06,0.04154992203124555
2018-07-09,0.04479729007690774
2018-07-10,0.05226073567906782
2018-07-11,0.0631735743473236
2018-07-12,0.06132556671413617
2018-07-13,0.05938307796949036
2018-07-17,0.06010152615085991
2018-07-18,0.05612765509308229
2018-07-19,0.061839621496371386
2018-07-20,0.07364262472800197
2018-07-23,0.0717358932790809
2018-07-24,0.0886089265947956
2018-07-25,0.08210319088308565
2018-07-26,0.08879483575857718
2018-07-27,0.08750220353413672
2018-07-30,0.07307233072041706
2018-07-31,0.017730325123201697
2018-08-01,0.020270130388423735
2018-08-02,0.019223376473847795
2018-08-03,0.03707889657249094
2018-08-06,0.002978416668969217
2018-08-07,-0.005347781688581175
2018-08-08,-0.007086780886074559
2018-08-09,-0.05621226237715561
2018-08-10,-0.02560522818931193
2018-08-13,-0.07068992374451863
2018-08-14,-0.08399610491774043
2018-08-15,-0.0809137002845798
2018-08-16,-0.08074343941934545
2018-08-17,-0.08093414870327613
2018-08-20,-0.06395869577534403
2018-08-21,-0.05435842535075785
2018-08-22,-0.04045283992775561
2018-08-23,-0.04142455634253392
2018-08-24,-0.04241108070562468
2018-08-27,-0.03092301202534744
2018-08-28,-0.02006855542902805
2018-08-29,-0.016742485459302483
2018-08-30,-0.02142500484174761
2018-08-31,-0.021392816672837746
2018-09-03,-0.030028266555508595
2018-09-04,-0.03669506630058329
2018-09-05,-0.026215982598677884
2018-09-06,-0.03168215697099033
2018-09-07,-0.05485691708107631
2018-09-10,-0.053859639597029337
2018-09-11,-0.043805731102757865
2018-09-12,-0.06957158940060287
2018-09-13,-0.06597156956461955
2018-09-14,-0.047024599497959854
2018-09-18,-0.014141199967387256
2018-09-19,-0.007085680243543287
2018-09-20,-0.01780949451628492
2018-09-21,-0.008195008697400379
2018-09-25,-0.005084329777935629
2018-09-26,-0.0024734742408511483
2018-09-27,-0.011742044724052771
2018-09-28,-0.00798108823044249
2018-10-01,-0.016679874507726334
2018-10-02,-0.007870736934934426
2018-10-03,-0.007391914075147681
2018-10-04,-0.006523829072192709
2018-10-05,0.025347203550257547
2018-10-09,0.044861324968663165
2018-10-10,0.012990622879531222
2018-10-11,-0.013589793459057045
2018-10-12,-0.05802363739498001
2018-10-15,-0.056830709481285456
2018-10-16,-0.05152110402469092
2018-10-17,-0.05360898031285945
2018-10-18,-0.04588229997225838
2018-10-19,-0.04632386852942292
2018-10-22,-0.07427353685119496
2018-10-23,-0.08036852158743676
2018-10-24,-0.06273238132074131
2018-10-25,-0.051757683648247045
2018-10-26,-0.04339475917577421
2018-10-29,-0.04242092975804594
2018-10-30,0.03938290898020889
2018-10-31,-0.09253933524578412
2018-11-01,-0.08937242752481067
2018-11-02,-0.08278790005468137
2018-11-05,-0.08206292966150873
2018-11-06,-0.08051957347295413
2018-11-07,-0.07826249114509795
2018-11-08,-0.08113444446916811
2018-11-09,-0.08740965867070735
2018-11-12,-0.08789156534647247
2018-11-13,-0.09442716029566288
2018-11-14,-0.0945567802323977
2018-11-15,-0.09596027271188354
2018-11-16,-0.11279313000371934
2018-11-19,-0.12134074062409203
2018-11-20,-0.1205920321503504
2018-11-21,-0.11080417673824652
2018-11-22,-0.11143016851757917
2018-11-26,-0.11280205010831808
2018-11-27,-0.10861909951547422
2018-11-28,-0.11116006619277317
2018-11-29,-0.10908404713939081
2018-11-30,-0.10367660414521385
2018-12-03,-0.11165766045802898
2018-12-04,-0.1085144903604088
2018-12-05,-0.09615479481058842
2018-12-06,-0.09403607167635958
2018-12-07,-0.09084113267183186
2018-12-10,-0.10581293096889399
2018-12-11,-0.10467090807951923
2018-12-12,-0.11234383107842921
2018-12-13,-0.11404981188334357
2018-12-14,-0.11217856801089988
2018-12-17,-0.11596966230621818
2018-12-18,-0.1147605063944284
2018-12-19,-0.11130816738382866
2018-12-20,-0.09508624836024168
2018-12-21,-0.09496916534782225
2018-12-25,-0.1137164643798918
2018-12-26,-0.09470177631308534
2018-12-27,-0.1032759114620408
2018-12-28,-0.10114298736763526
2019-01-04,-0.12579444928926828
2019-01-07,-0.10819957528683004
2019-01-08,-0.10859142249506178
2019-01-09,-0.10746053449874378
2019-01-10,-0.10691088573297648
2019-01-11,-0.10639095780755364
2019-01-15,-0.10208192479858187
2019-01-16,-0.10262466921251738
2019-01-17,-0.10788172540658074
2019-01-18,-0.1101518764662288
2019-01-21,-0.11033051084096325
2019-01-22,-0.11225693142128393
2019-01-23,-0.11381670682331761
2019-01-24,-0.10512022005831653
2019-01-25,-0.10790674985948727
2019-01-28,-0.10576845490407633
2019-01-29,-0.09957607045422637
2019-01-30,-0.09382286624518116
2019-01-31,-0.0908606300878171
2019-02-01,-0.09158934214118387
2019-02-04,-0.0863652923303487
2019-02-05,-0.08869338949352099
2019-02-06,-0.07991492361026654
2019-02-07,-0.07241719539825693
2019-02-08,-0.09310808497946278
2019-02-12,-0.06575481707891824
2019-02-13,-0.0639145628262467
2019-02-14,-0.06495531330285863
2019-02-15,-0.06942163396531827
2019-02-18,-0.0681057436124972
2019-02-19,-0.0764507810035205
2019-02-20,-0.07459249872198707
2019-02-21,-0.0817549651713381
2019-02-22,-0.08810876564838395
2019-02-25,-0.08612902570212674
2019-02-26,-0.08705460859033914
2019-02-27,-0.08602217866097137
2019-02-28,-0.087148989197303
2019-03-01,-0.08540151573300402
2019-03-04,-0.08968773885462905
2019-03-05,-0.08776686874940329
2019-03-06,-0.08535080705086798
2019-03-07,-0.07972954194653221
2019-03-08,-0.0822602848702655
2019-03-11,-0.07457027924592374
2019-03-12,-0.0767560302486118
2019-03-13,-0.08175504943171719
2019-03-14,-0.07216792126106249
2019-03-15,-0.07022049875196883
2019-03-18,-0.07672672467962777
2019-03-19,-0.07751741418111456
2019-03-20,-0.07606601882685639
2019-03-22,-0.08894831711674654
2019-03-25,-0.09065334683864398
2019-03-26,-0.09237182808086648
2019-03-27,-0.09069669155026773
2019-03-28,-0.08128405186103806
2019-03-29,-0.08155396918619191
2019-04-01,-0.08418320971686317
2019-04-02,-0.07596019097371491
2019-04-03,-0.07627160583689295
2019-04-04,-0.07621434739882695
2019-04-05,-0.0877929368607207
2019-04-08,-0.09696640619089222
2019-04-09,-0.0898266834350057
2019-04-10,-0.082207603539713
2019-04-11,-0.06596668040559661
2019-04-12,-0.0631534804105069
2019-04-15,-0.06245079707921438
2019-04-16,-0.061765293138003136
2019-04-17,-0.06889208099413675
2019-04-18,-0.0687427739889269
2019-04-19,-0.0641892541375881
2019-04-22,-0.061632275559721554
2019-04-23,-0.07330738987492652
2019-04-24,-0.08496769401811147
2019-04-25,-0.10157046487333739
2019-04-26,-0.10509127728094755
2019-05-07,-0.14159463260653063
2019-05-08,-0.05741667661218439
2019-05-09,-0.05489691238135958
2019-05-10,-0.05601474516856019
2019-05-13,-0.054526276117089614
2019-05-14,-0.05498796327537498
2019-05-15,-0.059226179285832924
2019-05-16,-0.06210703998764743
2019-05-17,-0.056053284545219344
2019-05-20,-0.05720181180219838
2019-05-21,-0.050353536810063215
2019-05-22,-0.04748886854631877
2019-05-23,-0.05349341816841198
2019-05-24,-0.030491372110913073
2019-05-27,-0.01711230048743656
2019-05-28,-0.019864134499335148
2019-05-29,-0.027654752341503056
2019-05-30,-0.02814563375478987
2019-05-31,-0.022090371628824147
2019-06-03,-0.027048773416878457
2019-06-04,-0.013150675548388483
2019-06-05,-0.006724893364634675
2019-06-06,-0.011523969313202062
2019-06-07,0.00512163900458487
2019-06-10,0.009657757251526103
2019-06-11,-0.012062837991633308
2019-06-12,-0.012077675600312534
2019-06-13,-0.026094282968204593
2019-06-14,-0.018985617142524964
2019-06-17,-0.00603408161432606
2019-06-18,-0.005576576741285878
2019-06-19,0.006083942416948756
2019-06-20,-0.000683239358137921
2019-06-21,-0.0006036933310902627
2019-06-24,-0.003300360020795202
2019-06-25,-0.005586530858268251
2019-06-26,-0.027130797545865493
2019-06-27,-0.03448889328700379
2019-06-28,0.008692031147885138
2019-07-01,0.0026921531031301685
2019-07-02,0.009292083651620318
2019-07-03,-0.01065275299721746
2019-07-04,0.016971480786258007
2019-07-05,-0.02020535355716392
2019-07-08,-0.02063217338774039
2019-07-09,-0.026245537850057222
2019-07-10,-0.026375844000338135
2019-07-11,-0.03298172544700604
2019-07-12,-0.030319258837750194
2019-07-16,-0.028772880152868163
2019-07-17,-0.030878599914524334
2019-07-18,-0.03157470554704164
2019-07-19,-0.022506505034680074
2019-07-22,-0.012284220239562002
2019-07-23,-0.005427494724754856
2019-07-24,-0.019042196347150337
2019-07-25,-0.0043062533364657115
2019-07-26,-0.025289563242061063
2019-07-29,-0.04367689497380967
2019-07-30,-0.054690467614988136
2019-07-31,-0.058187683231435125
2019-08-01,-0.055679290304406194
2019-08-02,-0.03949312052166602
2019-08-05,-0.02453895930815701
2019-08-06,-0.038730387704806926
2019-08-07,-0.03601410070489005
2019-08-08,-0.005130362708359389
2019-08-09,-0.016124080943363144
2019-08-13,-0.012147007400111877
2019-08-14,-0.017048304000980622
2019-08-15,-0.005667934620745925
2019-08-16,-0.006444010488496329
2019-08-19,-0.004829001517739531
2019-08-20,-0.01675999525336282
2019-08-21,-0.013310811200312814
2019-08-22,-0.005791268982697161
2019-08-23,-0.005244163019852759
2019-08-26,-0.016584417151119465
2019-08-27,-0.01888785895309317
2019-08-28,-0.017226740166179463
2019-08-29,-0.020184266654492668
2019-08-30,-0.005244262851014163
2019-09-02,-0.006076958268386507
2019-09-03,-0.007685790694367238
2019-09-04,-0.02645723442239958
2019-09-05,-0.040210613409194164
2019-09-06,-0.0426899132644825
2019-09-09,-0.03561890943090221
2019-09-10,-0.04156227308643877
2019-09-11,-0.04246788823487526
2019-09-12,-0.0375692278978555
2019-09-13,-0.034981346236211894
2019-09-17,-0.03961921891832941
2019-09-18,-0.039166326220369536
2019-09-19,0.008720370712999984
2019-09-20,0.011585739372591487
2019-09-24,0.011289899534684157
2019-09-25,0.00381654987391738
2019-09-26,0.008228725602576
2019-09-27,0.004643776150220624
2019-09-30,0.012482321924624737
2019-10-01,-0.002846024448036681
2019-10-02,0.004214191704289821
2019-10-03,0.003759495155883288
2019-10-04,0.0045077466547199145
2019-10-07,0.0027750583214078174
2019-10-08,-0.00025674576074956004
2019-10-09,0.004768588042274488
2019-10-10,0.004056694031902242
2019-10-11,0.007693466621216708
2019-10-15,0.003611440607041309
2019-10-16,0.00011110335847232729
2019-10-17,0.012923269949113574
2019-10-18,0.00968338024993131
2019-10-21,0.006227573290499776
2019-10-23,0.006694163488685668
2019-10-24,0.006304582690348196
2019-10-25,0.010318476449228705
2019-10-28,0.02242994827087621
2019-10-29,0.03399307783608196
2019-10-30,0.0009344528432985351
2019-10-31,0.002782661632602922
2019-11-01,0.00518858661797207
2019-11-05,0.00851709885305604
2019-11-06,0.0044423993246557845
2019-11-07,0.0047202605374545
2019-11-08,0.008667035005743211
2019-11-11,0.025391482306491367
2019-11-12,0.026703243062496704
2019-11-13,0.02990373642188649
2019-11-14,0.026328770717913366
2019-11-15,0.027676349582856155
2019-11-18,0.03182015221586549
2019-11-19,0.04118256873782882
2019-11-20,0.03921644416182401
2019-11-21,0.04312836016811954
2019-11-22,0.03988753351342051
2019-11-25,0.0377823394716684
2019-11-26,0.029325124737396107
2019-11-27,0.019188258963807832
2019-11-28,0.012631893139495164
2019-11-29,0.001575086406863759
2019-12-02,0.010994326783991601
2019-12-03,0.006675670107533386
2019-12-04,0.0015979922669776838
2019-12-05,0.008003951905366442
2019-12-06,0.0055241730034861205
2019-12-09,0.012071050790381656
2019-12-10,0.020597615192149137
2019-12-11,-0.0011550877013961243
2019-12-12,-0.0008349600178110659
2019-12-13,-0.009849890873898296
2019-12-16,-0.004754153723609808
2019-12-17,-0.005913234241340386
2019-12-18,-0.011201522097310596
2019-12-19,-0.02100881139137257
2019-12-20,-0.035154337227400474
2019-12-23,-0.028954298412722602
2019-12-24,-0.037970238971493736
2019-12-25,-0.06739348359258618
2019-12-26,-0.07045222714872221
2019-12-27,-0.03749275687278606
2019-12-30,-0.019556535676642697
2020-01-06,-0.02085174742176855
2020-01-07,-0.016918723367515594
2020-01-08,-0.022060316506939404
2020-01-09,-0.011044454326740017
2020-01-10,-0.002405797880741422
2020-01-14,-0.01388727996314034
2020-01-15,-0.009303211221414368
2020-01-16,-0.011225122863907151
2020-01-17,-0.006843451302252517
2020-01-20,-0.02233889701087944
2020-01-21,-0.036864600770694
2020-01-22,-0.055090958861615386
2020-01-23,-0.056475306452535505
2020-01-24,-0.06415489669267829
2020-01-27,-0.027743984428731785
2020-01-28,-0.028018938241897468
2020-01-29,-0.011407414398065006
2020-01-30,-0.0051931006275731315
2020-01-31,-0.014985659917835572
2020-02-03,-0.046762205593375614
2020-02-04,-0.05726126457233437
2020-02-05,-0.0645994716389773
2020-02-06,-0.046322642581122654
2020-02-07,-0.06109534336091787
2020-02-10,-0.07922383658612953
2020-02-12,-0.09930284659671121
2020-02-13,-0.09441396137826645
2020-02-14,-0.09274988136604427
2020-02-17,-0.06601463433071222
2020-02-18,-0.07846343236473789
2020-02-19,-0.062431593042629616
2020-02-20,-0.06873244008494449
2020-02-21,-0.04424901575144842
2020-02-25,-0.023445416229659604
2020-02-26,-0.009102221521216597
2020-02-27,0.07467005326737937
2020-02-28,0.0350580145217115
2020-03-02,0.01945699965080943
2020-03-03,-0.0011370200441786773
2020-03-04,0.001055404955681696
2020-03-05,0.004963967574202705
2020-03-06,0.04790018383296393
2020-03-09,0.06124226536799929
2020-03-10,0.019928549532423286
2020-03-11,0.07658697082116901
2020-03-12,0.13167021426290812
2020-03-13,0.1280417968697552
2020-03-16,0.11258620074042812
2020-03-17,0.08518606661520857
2020-03-18,0.08882429715567364
2020-03-19,-0.00528666104221929
2020-03-23,0.06222502303718172
2020-03-24,0.20344835769765882
2020-03-25,0.18219626832676292
2020-03-26,0.14670823491549623
2020-03-27,0.12975490942092177
2020-03-30,0.1330323295637199
2020-03-31,0.13697078651110303
2020-04-01,0.1437296775482453
2020-04-02,0.14311472266161232
2020-04-03,0.12600466417676992
2020-04-06,0.13123738566043308
2020-04-07,0.12804986775466035
2020-04-08,0.13198648857611123
2020-04-09,0.13146021401057356
2020-04-10,0.13297467121419887
2020-04-13,0.12185992787324587
2020-04-14,0.12255595801665911
2020-04-15,0.12400332571051105
2020-04-16,0.1242019708969236
2020-04-17,0.12771143465135845
2020-04-20,0.12849114418031196
2020-04-21,0.13215058754934508
2020-04-22,0.13290522696056173
2020-04-23,0.13331761646151571
2020-04-24,0.11500918944711346
2020-04-27,0.10420321502269456
2020-04-28,0.10326582411388471
2020-04-30,0.09973557633432191
2020-05-01,0.09379962444933251
2020-05-07,0.09987769388410454
2020-05-08,0.0989472591182069
2020-05-11,0.09846963475956448
2020-05-12,0.09551296570398198
2020-05-13,0.09983858412847771
2020-05-14,0.0979087991933825
2020-05-15,0.10071082288848296
2020-05-18,0.10624273779004309
2020-05-19,0.10346012329181653
2020-05-20,0.09806440881603891
2020-05-21,0.09703605594848504
2020-05-22,0.09935404668650392
2020-05-25,0.10177013537063027
2020-05-26,0.10138770610896751
2020-05-27,0.09774415543384926
2020-05-28,0.093891733316472
2020-05-29,0.09016972288290001
2020-06-01,0.08922590424207677
2020-06-02,0.08885178637683232
2020-06-03,0.08929900364406927
2020-06-04,0.08906093983105347
2020-06-05,0.09125371564080265
2020-06-08,0.093135422364375
2020-06-09,0.09492002880253378
2020-06-10,0.09347203531943844
2020-06-11,0.09653833893768143
2020-06-12,0.09974886834652044
2020-06-15,0.07711188849160737
2020-06-16,0.09269006688257898
2020-06-17,0.09201288042008814
2020-06-18,0.09207345365419742
2020-06-19,0.0927063990922203
2020-06-22,0.09268555843278815
2020-06-23,0.09341792295883135
2020-06-24,0.09335905875493722
2020-06-25,0.0926779574949073
2020-06-26,0.08516288404505229
2020-06-29,0.08467293546559461
2020-06-30,0.08405468214849034
2020-07-01,0.07896177941329353
2020-07-02,0.07953206853032886
2020-07-03,0.08446309318489924
2020-07-06,0.0901554195798477
2020-07-07,0.0842625508796199
2020-07-08,0.0824635032161032
2020-07-09,0.08257713610503736
2020-07-10,0.08063851569194455
2020-07-13,0.08145806091629593
2020-07-14,0.07916074879602102
2020-07-15,0.08160636880380599
2020-07-16,0.08204300644003998
2020-07-17,0.08646725857525009
2020-07-20,0.08644463671675434
2020-07-21,0.0866998662604701
2020-07-22,0.08550449985175299
2020-07-27,0.08528503368407699
2020-07-28,0.08509142305726655
2020-07-29,0.08741816093808301
2020-07-30,0.09276266132791665
2020-07-31,0.06724197951203555
2020-08-03,0.0670287134468074
2020-08-04,0.06964059801968342
2020-08-05,0.06536740791079665
2020-08-06,0.06527123668676774
2020-08-07,0.06246737218452613
2020-08-11,0.07019896284989555
2020-08-12,0.07067058691165558
2020-08-13,0.07034070528732332
2020-08-14,0.06495431771889286
2020-08-17,0.07060514562757807
2020-08-18,0.07150744781101812
2020-08-19,0.07685969634289025
2020-08-20,0.07199076005672334
2020-08-21,0.06606039201061564
2020-08-24,0.06808802928846966
2020-08-25,0.041542796235997444
2020-08-26,0.05360653245442059
2020-08-27,0.0656416482531785
2020-08-28,0.07743340108284115
2020-08-31,0.07322538786138229
2020-09-01,0.07310043928342157
2020-09-02,0.05577675035639559
2020-09-03,0.05780853936383152
2020-09-04,0.09020951964077849
2020-09-07,0.05717097628460083
2020-09-08,0.023917242655523155
2020-09-09,0.021529114918721965
2020-09-10,0.019406653813694233
2020-09-11,0.03583508319027796
2020-09-14,0.03350884696506314
2020-09-15,0.1016480684294658
2020-09-16,0.052558256925090696
2020-09-17,-0.10284256457463718
2020-09-18,-0.08429374840347606
2020-09-23,-0.05471686949451999
2020-09-24,-0.034643728705237055
2020-09-25,-0.03870323771169352
2020-09-28,-0.039720577311614366
2020-09-29,-0.07019413946417156
2020-09-30,-0.06980908441563852
2020-10-01,-0.05987515947921369
2020-10-02,-0.0709733062365617
2020-10-05,-0.07639198814346075
2020-10-06,-0.07511872889667655
2020-10-07,-0.07544383943270801
2020-10-08,-0.0920418639992135
2020-10-09,-0.07780500279369491
2020-10-12,-0.07916103535560598
2020-10-13,-0.08034486699211342
2020-10-14,-0.08449320622178794
2020-10-15,-0.09052020950010536
2020-10-16,-0.09126195596555635
2020-10-19,-0.10219785390124764
2020-10-20,-0.10274831909386412
2020-10-21,-0.09974530530110713
2020-10-22,-0.07371855025537742
2020-10-23,-0.05270394669926469
2020-10-26,-0.05087344146663071
2020-10-27,-0.03887741374569958
2020-10-28,-0.04392772326230922
2020-10-29,-0.06419365821365867
2020-10-30,-0.060804520881178645
2020-11-02,-0.06244609458523132
2020-11-04,-0.04689820520498697
2020-11-05,-0.06850700075114323
2020-11-06,-0.06993855152586671
2020-11-09,-0.09327680516803005
2020-11-10,-0.11066496761492935
2020-11-11,-0.10526568171563382
2020-11-12,-0.09146653505536227
2020-11-13,-0.09187723276383289
2020-11-16,-0.11069897310209474
2020-11-17,-0.11494160843388322
2020-11-18,-0.11480117332305832
2020-11-19,-0.10804741535552857
2020-11-20,-0.10286268265583413
2020-11-24,-0.09578261524141138
2020-11-25,-0.10156851040582933
2020-11-26,-0.09437568592704955
2020-11-27,-0.0970613162224561
2020-11-30,-0.09698782501618186
2020-12-01,-0.10264581648196636
2020-12-02,-0.10767791708327126
2020-12-03,-0.11995841150206937
2020-12-04,-0.1039422739157357
2020-12-07,-0.11451920299417558
2020-12-08,-0.11832279124247198
2020-12-09,-0.05349990161552465
2020-12-10,-0.10517247129304508
2020-12-11,-0.10326328561423201
2020-12-14,-0.10275003876794529
2020-12-15,-0.10403298060070573
2020-12-16,-0.10596933968019598
2020-12-17,-0.10098468226657954
2020-12-18,-0.09146686623343725
2020-12-21,-0.08843877382411455
2020-12-22,-0.07137527990195912
2020-12-23,-0.07397384959050782
2020-12-24,-0.07272454936182891
2020-12-25,-0.06687982333513315
2020-12-28,-0.044977827782823276
2020-12-29,-0.06417678638659961
2020-12-30,-0.06893485981093804
2021-01-04,-0.06242037511611655
2021-01-05,-0.03794664038653415
2021-01-06,-0.03324129767628416
2021-01-07,-0.019273222356958792
2021-01-08,-0.023032924457888057
2021-01-12,-0.01615870756418938
2021-01-13,-0.010640960846789328
2021-01-14,-0.013278596171423603
2021-01-15,-0.0185630593615475
2021-01-18,-0.021494805216175722
2021-01-19,-0.022922503868047225
2021-01-20,-0.018371987145637644
2021-01-21,-0.01892849351674271
2021-01-22,-0.018477471866443013
2021-01-25,-0.02493282643557418
2021-01-26,-0.03952183942667043
2021-01-27,0.06152588149555283
2021-01-28,0.08840124877516753
2021-01-29,0.08818252645611635
2021-02-01,0.09237288033349117
2021-02-02,0.09607505440589179
2021-02-03,0.10837969541963306
2021-02-04,0.07030628002446461
2021-02-05,0.06950402585978586
2021-02-08,0.07888120100619186
2021-02-09,0.08368977331852552
2021-02-10,0.09239531586096915
2021-02-12,0.0958716344023802
2021-02-15,0.09064584015964063
2021-02-16,0.09159750437105865
2021-02-17,0.09924432561655011
2021-02-18,0.09811222486178069
2021-02-19,0.10282260221165926
2021-02-22,0.07477816640430023
2021-02-24,0.043020745844236784
2021-02-25,0.018084735514931526
2021-02-26,-0.019520352303546692
2021-03-01,-0.03067742884840541
2021-03-02,-0.03219083102525815
2021-03-03,-0.015257446981677157
2021-03-04,-0.04635813751157059
2021-03-05,-0.04319428539697669
2021-03-08,-0.054192277126585746
2021-03-09,-0.06246761598106574
2021-03-10,-0.052468321790154884
2021-03-11,-0.058042687430860745
2021-03-12,-0.050746205146094236
2021-03-15,-0.06879021223361395
2021-03-16,-0.06455174193638276
2021-03-17,-0.07219439613878996
2021-03-18,-0.07759109433416107
2021-03-19,-0.07231885730189526
2021-03-22,-0.0700134464490373
2021-03-23,-0.06886427802885503
2021-03-24,-0.08349521812277738
2021-03-25,-0.08085794631506814
2021-03-26,-0.08914018298386898
2021-03-29,-0.09971363540279042
2021-03-30,-0.10255514147902178
2021-03-31,-0.10083056264841875
2021-04-01,-0.09684296507288583
2021-04-02,-0.08551780064835637
2021-04-05,-0.07557603723470546
2021-04-06,-0.076486212716745
2021-04-07,-0.08621886932205869
2021-04-08,-0.08626678387463774
2021-04-09,-0.08611847275893507
2021-04-12,-0.08767324301831317
2021-04-13,-0.08473968627305396
2021-04-14,-0.08248894879952307
2021-04-15,-0.08239810374360375
2021-04-16,-0.09059378613470942
2021-04-19,-0.09462437489641114
2021-04-20,-0.09079537635435762
2021-04-21,-0.09971077074594009
2021-04-22,-0.09732931825328753
2021-04-23,-0.08864566324353969
2021-04-26,-0.08986827838154947
2021-04-27,-0.07255183730557517
2021-04-28,-0.06920056613681634
2021-04-30,-0.07999188639641598
2021-05-06,-0.07211630115869624
2021-05-07,-0.06317134755641421
2021-05-10,-0.03289942995872839
2021-05-11,0.015122680051134128
2021-05-12,0.03572357048465273
2021-05-13,0.006427696555058358
2021-05-14,-0.008764221755090807
2021-05-17,-0.010033484717755578
2021-05-18,-0.01207674634619784
2021-05-19,-0.011322411775309425
2021-05-20,-0.007455094152562556
2021-05-21,-0.006499688227081092
2021-05-24,-0.004894483059858484
2021-05-25,-0.003187847691282565
2021-05-26,-0.008095835967039321
2021-05-27,-2.562673869585134e-05
2021-05-28,-0.003314905256347607
2021-05-31,-0.009268890183871125
2021-06-01,-0.009346041909861632
2021-06-02,-0.006401074762230261
2021-06-03,-0.02569873627554037
2021-06-04,-0.02685176650791836
2021-06-07,-0.030357861656669365
2021-06-08,-0.03880319466621605
2021-06-09,-0.034362817061501044
2021-06-10,-0.0352722555887032
2021-06-11,-0.035827137248516897
2021-06-14,-0.03472843592149294
2021-06-15,-0.03404116654587008
2021-06-16,-0.033648348514463265
2021-06-17,-0.04087717674916177
2021-06-18,-0.043417196751437716
2021-06-21,-0.06853368006994608
2021-06-22,-0.0686951916838372
2021-06-23,-0.06920537665240459
2021-06-24,-0.07055867574734109
2021-06-25,-0.08467308090000135
2021-06-28,-0.07385347419239077
2021-06-29,-0.07425782593180287
2021-06-30,-0.07241249412026564
2021-07-01,-0.09412986883181347
2021-07-02,-0.07744752896620175
2021-07-05,-0.09115266417933772
2021-07-06,-0.08972722650096795
2021-07-07,-0.09013178289492364
2021-07-08,-0.10226127056278354
2021-07-09,-0.09505302428910517
2021-07-12,-0.08755087485971533
2021-07-13,-0.08729392279390895
2021-07-14,-0.08671194907763459
2021-07-15,-0.08792549199378422
2021-07-16,-0.08484618436385051
2021-07-19,-0.07981148552511752
2021-07-20,-0.0802856661540467
2021-07-21,-0.07935454237107188
2021-07-26,-0.09530753134396407
2021-07-27,-0.12719644187887003
2021-07-28,-0.13895959235385405
2021-07-29,-0.16181875068449483
2021-07-30,-0.18005189732857627
2021-08-02,-0.18080824195360162
2021-08-03,-0.1587648914351997
2021-08-04,-0.16317456165986507
2021-08-05,-0.17092598950191037
2021-08-06,-0.18206057703933348
2021-08-10,-0.1873279714147787
2021-08-11,-0.187881279098296
2021-08-12,-0.20346891307785886
2021-08-13,-0.19096384574827996
2021-08-16,-0.195177751081572
2021-08-17,-0.19779526454930194
2021-08-18,-0.20624171746701758
2021-08-19,-0.1771088838749279
2021-08-20,-0.16555146115496544
2021-08-23,-0.1551998624337536
2021-08-24,-0.11315482460561468
2021-08-25,-0.10456808804134339
2021-08-26,-0.09658317329890134
2021-08-27,-0.11061660537458376
2021-08-30,-0.10600995279322288
2021-08-31,-0.09415696819138643
2021-09-01,-0.07783102811364716
2021-09-02,-0.057287017862934955
2021-09-03,-0.021636545046810524
2021-09-06,0.00836833104824402
2021-09-07,-0.003098761539343824
2021-09-08,0.004857955457422367
2021-09-09,0.0012186644570167284
2021-09-10,0.0011967764000088397
2021-09-13,0.007717282835271484
2021-09-14,0.01276171935258882
2021-09-15,0.007833360207858332
2021-09-16,-0.01373323654902423
2021-09-17,-0.02738329358869393
2021-09-21,-0.015021315762356652
2021-09-22,-0.022328556553927632
2021-09-24,-0.010712294057419403
2021-09-27,-0.008261572472487523
2021-09-28,0.009969737831816403
2021-09-29,0.022236003800832363
2021-09-30,0.012372589875491951
2021-10-01,0.025247511198947574
2021-10-04,0.051957714733727865
2021-10-05,0.062473462026969795
2021-10-06,0.05957770636993739
2021-10-07,0.06710349705579642
2021-10-08,0.07440040876453347
2021-10-11,0.07810488274122343
2021-10-12,0.07711943316439916
2021-10-13,0.0779366849940827
2021-10-14,0.09135871919449588
2021-10-15,0.07725824598768646
2021-10-18,0.07174277168043211
2021-10-19,0.09690474113752293
2021-10-20,0.09621312317335333
2021-10-21,0.09700901283539178
2021-10-22,0.08095759722061438
2021-10-25,0.06285716154466726
2021-10-26,0.0628047059375157
2021-10-27,0.07105124360595276
2021-10-28,0.07127179486687968
2021-10-29,0.05954216062190715
2021-11-01,0.04061279178681483
2021-11-02,0.0062253371294531965
2021-11-04,-0.030428315045590144
2021-11-05,0.0062740348567174725
2021-11-08,0.02364793438481134
2021-11-09,0.04721749868049202
2021-11-10,0.044143240749407835
2021-11-11,0.052938524177073495
2021-11-12,0.0510951233449224
2021-11-15,0.05637422492436505
2021-11-16,0.052192934149326395
2021-11-17,0.04502962092991168
2021-11-18,0.04666147216793704
2021-11-19,0.04044616462378596
2021-11-22,0.04745441659477969
2021-11-24,0.04244292579613571
2021-11-25,0.043505039188246226
2021-11-26,0.05806917611275677
2021-11-29,0.06379046612952582
2021-11-30,0.06624855220027973
2021-12-01,0.06092525892386155
2021-12-02,0.05369876618945322
2021-12-03,0.05010928089404226
2021-12-06,0.04119074656647333
2021-12-07,0.03987426442552223
2021-12-08,0.04073040425864347
2021-12-09,0.04119541111367738
2021-12-10,0.035645976990538744
2021-12-13,0.040669766620010955
2021-12-14,0.042469211337459165
2021-12-15,0.07268025286594595
2021-12-16,0.06363481296167903
2021-12-17,0.07953251088651692
2021-12-20,0.07571392624144212
2021-12-21,0.07482619132352217
2021-12-22,0.07117160173741931
2021-12-23,0.06822798803154427
2021-12-24,0.05897634125484751
2021-12-27,0.06190939558612387
2021-12-28,0.05109325994804707
2021-12-29,0.04873661348571434
2021-12-30,0.04817208783619281
2022-01-04,0.05066905323390832
2022-01-05,0.05128943242697868
2022-01-06,0.040735938373893575
2022-01-07,0.037635767443096546
2022-01-11,0.021326180454522555
2022-01-12,0.013737438834195516
2022-01-13,0.014466088351157678
2022-01-14,0.011851522155965315
2022-01-17,0.007938913337105448
2022-01-18,0.00586970557501229
2022-01-19,-0.02104397425458945
2022-01-20,-0.021999038366270478
2022-01-21,-0.006660595990027121
2022-01-24,-0.003460036116071652
2022-01-25,0.02327330315017907
2022-01-26,0.023879135522379396
2022-01-27,0.0038462720859972887
2022-01-28,0.0006455622890479993
2022-01-31,0.00998317462435827
2022-02-01,0.007121402115735255
2022-02-02,0.01051348731997285
2022-02-03,0.0034541542982932816
2022-02-04,-0.0047799320700744755
2022-02-07,-0.00532989228334742
2022-02-08,-0.014570525553778394
2022-02-09,-0.01870981246944822
2022-02-10,-0.022745984006839536
2022-02-14,-0.01634934710559784
2022-02-15,-0.02910824492024422
2022-02-16,-0.036114488678379165
2022-02-17,-0.03664615592853818
2022-02-18,-0.03822304003422004
2022-02-21,-0.0343161467154676
2022-02-22,-0.004305664784098508
2022-02-24,-0.01992442593585079
2022-02-25,8.02092271991512e-06
2022-02-28,-0.010702485987518665
2022-03-01,-0.01113672776626984
2022-03-02,-0.02065067986217525
2022-03-03,-0.05298449772607668
2022-03-04,-0.04874073520338832
2022-03-07,-0.018151820284850188
2022-03-08,-0.015495756723224407
2022-03-09,-0.0051902608975781745
2022-03-10,-0.02317995379696872
2022-03-11,-0.030827892617450302
2022-03-14,-0.025417196393110256
2022-03-15,-0.018051184623549616
2022-03-16,0.005557735283223601
2022-03-17,0.04768009292642819
2022-03-18,0.04821249191889562
2022-03-22,0.061317137153156905
2022-03-23,0.06431612147384053
2022-03-24,0.06102492761782407
2022-03-25,0.05129404759148222
2022-03-28,0.03130594852506878
2022-03-29,0.02378618205447607
2022-03-30,0.019223728364096537
2022-03-31,-0.0002338847236667416
2022-04-01,-0.011305777371183188
2022-04-04,-0.01145839593033253
2022-04-05,-0.01793597370745489
2022-04-06,-0.014579351187618736
2022-04-07,-0.048544144965299144
2022-04-08,-0.05067935730468758
2022-04-11,-0.05121703433506431
2022-04-12,-0.06489116725126348
2022-04-13,-0.04187221968246364
2022-04-14,-0.044690720793331494
2022-04-15,-0.047019949361525266
2022-04-18,-0.04686994756168577
2022-04-19,-0.048072272633504914
2022-04-20,-0.031837944439527345
2022-04-21,-0.03695283989703981
2022-04-22,-0.029081591118991116
2022-04-25,-0.035375854464455125
2022-04-26,-0.034783390056602956
2022-04-27,-0.03754624659973466
2022-04-28,-0.029076035207500957
2022-05-02,-0.030893437435117264
2022-05-06,-0.019858496191930256
2022-05-09,-0.018194802458520797
2022-05-10,-0.02054387015742107
2022-05-11,-0.05517201916137094
2022-05-12,-0.08723397042093328
2022-05-13,-0.08118344432912497
2022-05-16,-0.08288821140077884
2022-05-17,-0.08610324338930395
2022-05-18,-0.08557284016849322
2022-05-19,-0.08493710067148223
2022-05-20,-0.08370767486101446
2022-05-23,-0.08512546795288087
2022-05-24,-0.08326216546082128
2022-05-25,-0.07400688853662864
2022-05-26,-0.0773593109493268
2022-05-27,-0.08549483459863712
2022-05-30,-0.09234608390366116
2022-05-31,-0.0916634333504639
2022-06-01,-0.08788850606225256
2022-06-02,-0.0870324130748497
2022-06-03,-0.0878823341134899
2022-06-06,-0.08700992784360263
2022-06-07,-0.09020898864861493
2022-06-08,-0.09217590846314283
2022-06-09,-0.08919146319617664
2022-06-10,-0.06681544649364103
2022-06-13,-0.0486961839610503
2022-06-14,-0.049730612112703555
2022-06-15,-0.050614714061737356
2022-06-16,-0.03858337902465018
2022-06-17,-0.06329697983221072
2022-06-20,-0.06913608478037918
2022-06-21,-0.06324489497038221
2022-06-22,-0.06695170940968605
2022-06-23,-0.061436199453898714
2022-06-24,-0.05379334335139673
2022-06-27,-0.05188355091707897
2022-06-28,-0.05830397856669696
2022-06-29,-0.05178462971583192
2022-06-30,-0.04774328256032944
2022-07-01,-0.05729546172007163
2022-07-04,-0.05768698901186752
2022-07-05,-0.05647939460019703
2022-07-06,-0.053673900194592616
2022-07-07,-0.04513250218403558
2022-07-08,-0.023918774584829876
2022-07-11,-0.02086455749088047
2022-07-12,-0.02255516950570087
2022-07-13,-0.022296896276773177
2022-07-14,-0.02233957243056051
2022-07-15,-0.005493235805683311
2022-07-19,-0.002374816900070554
2022-07-20,-0.0038495740508650194
2022-07-21,0.0026717079052668625
2022-07-22,-0.00422672400299044
2022-07-25,0.005015040354561773
2022-07-26,0.01986549568070645
2022-07-27,0.02625897377967575
2022-07-28,0.01943485073834054
2022-07-29,0.015909437989496025
2022-08-01,0.012486635982402083
2022-08-02,0.018690958681963583
2022-08-03,0.020619039928960525
2022-08-04,0.029188521534346742
2022-08-05,0.030018818310738587
2022-08-08,0.014559295162220185
2022-08-09,0.0171768768351833
2022-08-10,0.008149523657317062
2022-08-12,0.020871578428215836
2022-08-15,0.028999855990140034
2022-08-16,0.026797374038838598
2022-08-17,0.026622535820655647
2022-08-18,0.023714642439074226
2022-08-19,-0.00804275959788259
2022-08-22,0.007247496722235193
2022-08-23,-0.009140578603623148
2022-08-24,-0.007877473951713537
2022-08-25,-0.007133201455137569
2022-08-26,-0.012424785189194994
2022-08-29,-0.030345724102834256
2022-08-30,-0.06390733967436243
2022-08-31,-0.1014187958296557
2022-09-01,-0.09640289703288499
2022-09-02,-0.10227484379310339
2022-09-05,-0.0829932852181518
2022-09-06,-0.08182310779858583
2022-09-07,-0.09310619731516155
2022-09-08,-0.09397962522013963
2022-09-09,-0.10241565714353869
2022-09-12,-0.1342734592246422
2022-09-13,-0.14586961195200981
2022-09-14,-0.15632167792133309
2022-09-15,-0.16491334179471462
2022-09-16,-0.16897105787070707
2022-09-20,-0.17089684815115766
2022-09-21,-0.16497479939889603
2022-09-22,-0.16220894507455513
2022-09-26,-0.15966843871086497
2022-09-27,-0.1588009115838106
2022-09-28,-0.15353931092414871
2022-09-29,-0.14937816217334648
2022-09-30,-0.1373566659494885
2022-10-03,-0.09000626547842623
2022-10-04,-0.05427674636631327
2022-10-05,-0.051701769906580715
2022-10-06,-0.05236080939132252
2022-10-07,-0.04648857251655244
2022-10-11,-0.06158529571800673
2022-10-12,-0.04510586544381854
2022-10-13,-0.044706037276178695
2022-10-14,-0.04919560431315967
2022-10-17,-0.05344213141509036
2022-10-18,-0.05056078115267243
2022-10-19,-0.036442095359894414
2022-10-20,-0.041375370737667574
2022-10-21,-0.043797699898054654
2022-10-24,-0.02081099896367388
2022-10-25,-0.010092746812967205
2022-10-26,-0.006970999169265886
2022-10-27,-0.0055866065835926
2022-10-28,-0.008332811288058597
2022-10-31,-0.004795962566051832
2022-11-01,-0.005911702686094018
2022-11-02,0.053345590296634854
2022-11-04,0.10976825556704024
2022-11-07,0.10971108913316734
2022-11-08,0.09497089311798847
2022-11-09,0.08630584138117706
2022-11-10,0.09066633328076953
2022-11-11,-0.03962220571002451
2022-11-14,-0.04526085630142625
2022-11-15,-0.04065212831818719
2022-11-16,-0.04486896994325838
2022-11-17,-0.04350986155723634
2022-11-18,-0.03801526596942997
2022-11-21,-0.04080892027925781
2022-11-22,-0.026994696908953873
2022-11-24,-0.026741380014875353
2022-11-25,-0.02839564645010595
2022-11-28,-0.022963960541625073
2022-11-29,-0.021773356001161
2022-11-30,-0.021693714168880066
2022-12-01,-0.02625573193240566
2022-12-02,-0.026454965749037086
2022-12-05,-0.029148573756520253
2022-12-06,-0.05510495239830641
2022-12-07,-0.08541072001918348
2022-12-08,-0.08751657251110215
2022-12-09,-0.08787470889530666
2022-12-12,-0.09677311137267276
2022-12-13,-0.08080645045093678
2022-12-14,-0.066412031710275
2022-12-15,-0.06505783295243871
2022-12-16,-0.062302107622062716
2022-12-19,-0.04911610870472985
2022-12-20,-0.054376907312639604
2022-12-21,-0.06902960229552776
2022-12-22,-0.06727880565419923
2022-12-23,-0.07313808410018052
2022-12-26,-0.08196664029537455
2022-12-27,-0.06923017132183514
2022-12-28,-0.06709267186324062
2022-12-29,-0.06575785957091865
2022-12-30,-0.0678154364536429
2023-01-04,-0.06691297310172112
2023-01-05,-0.0819096072997788
2023-01-06,-0.09227460722751571
2023-01-10,-0.08499635224934889
2023-01-11,-0.08223234553876287
2023-01-12,-0.07979842774343611
2023-01-13,-0.0883982567960976
2023-01-16,-0.09688514199639744
2023-01-17,-0.09696637801754988
2023-01-18,-0.09985126393894657
2023-01-19,-0.10281604234361691
2023-01-20,-0.1007544916148777
2023-01-23,-0.08334867163358656
2023-01-24,-0.09127968071739544
2023-01-25,-0.0928024005189904
2023-01-26,-0.08713680817836375
2023-01-27,-0.08343896277305426
2023-01-30,-0.0847419952008341
2023-01-31,-0.10043734912117577
2023-02-01,-0.10821723280511114
2023-02-02,-0.11144559809332936
2023-02-03,-0.0919727746331071
2023-02-06,-0.08919729372124807
2023-02-07,-0.08220782994286666
2023-02-08,-0.0912908082852366
2023-02-09,-0.09264927400493882
2023-02-10,-0.09298602998748881
2023-02-13,-0.10779357259152332
2023-02-14,-0.10845125049298461
2023-02-15,-0.10596349641482879
2023-02-16,-0.1177415203364848
2023-02-17,-0.1191709709882824
2023-02-20,-0.11399669289007466
2023-02-21,-0.1132504962169613
2023-02-22,-0.10995500810806424
2023-02-24,-0.09645626914382668
2023-02-27,-0.09741728449959032
2023-02-28,-0.09933945983250017
2023-03-01,-0.10368663575248388
2023-03-02,-0.1133039229779781
2023-03-03,-0.11051261166264434
2023-03-06,-0.10298595400884378
2023-03-07,-0.09047633277779664
2023-03-08,-0.09245065517709604
2023-03-09,-0.10368833455187888
2023-03-10,-0.0970030184345638
2023-03-13,-0.0885726858209088
2023-03-14,-0.08972579785190042
2023-03-15,-0.09129878239357503
2023-03-16,-0.07730551283490825
2023-03-17,-0.09027277738996552
2023-03-20,-0.11309160343864584
2023-03-22,-0.11774089757600638
2023-03-23,-0.12017777735546367
2023-03-24,-0.12435638445704196
2023-03-27,-0.11823451693859158
2023-03-28,-0.1310589144985007
2023-03-29,-0.14875034063426393
2023-03-30,-0.21043278503722201
2023-03-31,-0.20934689039206048
2023-04-03,-0.20882964991152816
2023-04-04,-0.2009168445313308
2023-04-05,-0.20309182604454543
2023-04-06,-0.1964748866826369
2023-04-07,-0.2168271357340897
2023-04-10,-0.22811821916288322
2023-04-11,-0.22004416250490977
2023-04-12,-0.21938343285214384
2023-04-13,-0.22694594015563474
2023-04-14,-0.22813875699645247
2023-04-17,-0.2304335901159123
2023-04-18,-0.22374286884983907
2023-04-19,-0.256074986089979
2023-04-20,-0.259013248016019
2023-04-21,-0.24856137794978345
2023-04-24,-0.24912143059825304
2023-04-25,-0.2495095123634351
2023-04-26,-0.2470928399077296
2023-04-27,-0.28418296630698553
2023-04-28,-0.301530465668541
2023-05-01,-0.2968306878508347
2023-05-02,-0.31437782848407336
2023-05-08,-0.30874547871077435
2023-05-09,-0.307934665103005
2023-05-10,-0.30903946011223554
2023-05-11,-0.19255136173426926
2023-05-12,-0.17562681412286077
2023-05-15,-0.18345690889078325
2023-05-16,-0.16148723904282777
2023-05-17,-0.17787213235861152
2023-05-18,-0.20189485837770352
2023-05-19,-0.20609985746494033
2023-05-22,-0.21219930073149826
2023-05-23,-0.21290950333506886
2023-05-24,-0.21711918253925827
2023-05-25,-0.23056922489243556
2023-05-26,-0.19524045873336315
2023-05-29,-0.19538812151295223
2023-05-30,-0.18154734441606069
2023-05-31,-0.18885738406152536
2023-06-01,-0.17715858820938282
2023-06-02,-0.18347983997445022
2023-06-05,-0.18130553022325346
2023-06-06,-0.18043043677924334
2023-06-07,-0.15289559784465198
2023-06-08,-0.15018875866472828
2023-06-09,-0.14243087718740546
2023-06-12,-0.13151101398644632
2023-06-13,-0.14578731744152743
2023-06-14,-0.14342187267310313
2023-06-15,-0.14012936750119134
2023-06-16,-0.12429754672918582
2023-06-19,-0.18658756828852097
2023-06-20,-0.1893183324261443
2023-06-21,-0.2041610827637649
2023-06-22,-0.17336257483335135
2023-06-23,-0.17427202751607604
2023-06-26,-0.16986420841093344
2023-06-27,-0.1810250632174379
2023-06-28,-0.1792180284141896
2023-06-29,-0.18220028934783886
2023-06-30,-0.18325632637755665
2023-07-03,-0.17739829153771203
2023-07-04,-0.17729688571906949
2023-07-05,-0.1737399070034029
2023-07-06,-0.156109000824864
2023-07-07,-0.14793723947029802
2023-07-10,-0.13793241566822437
2023-07-11,-0.1402548350847792
2023-07-12,-0.1430180774414039
2023-07-13,-0.15088733789214065
2023-07-14,-0.15705304828252975
2023-07-18,-0.1643386370997508
2023-07-19,-0.16627740039832273
2023-07-20,-0.149302542662532
2023-07-21,-0.15987302784691296
2023-07-24,-0.16797801504504345
2023-07-25,-0.1682640552519966
2023-07-26,-0.16027237373699585
2023-07-27,-0.16390660080081612
2023-07-28,-0.16183021404766249
2023-07-31,-0.16140238748167454
2023-08-01,-0.17261398625964092
2023-08-02,-0.1563170488018971
2023-08-03,-0.15831754825394792
2023-08-04,-0.15667342770319034
2023-08-07,-0.15519375920934067
2023-08-08,-0.1440113778327379
2023-08-09,-0.14282292851666548
2023-08-10,-0.14320036527810873
2023-08-14,-0.14265621233407458
2023-08-15,-0.14371419648027292
2023-08-16,-0.14574520073832292
2023-08-17,-0.1484262008041581
2023-08-18,-0.14663822513394953
2023-08-21,-0.13749566700711693
2023-08-22,-0.14266257373564656
2023-08-23,-0.14811953170026626
2023-08-24,-0.15855361575034876
2023-08-25,-0.1425552486202346
2023-08-28,-0.1464049954327729
2023-08-29,-0.14867365049343081
2023-08-30,-0.1490703705804212
2023-08-31,-0.14731842802268985
2023-09-01,-0.14318804001040952
2023-09-04,-0.14790817768454553
2023-09-05,-0.1524378383839931
2023-09-06,-0.1502583889054415
2023-09-07,-0.1328747499090836
2023-09-08,-0.1327567688616069
2023-09-11,-0.12945260897307637
2023-09-12,-0.12207191694117085
2023-09-13,-0.11954872421538497
2023-09-14,-0.10926508547577067
2023-09-15,-0.10936135914419577
2023-09-19,-0.11472422311396566
2023-09-20,-0.11008263993906964
2023-09-21,-0.10592553282179112
2023-09-22,-0.10550004420697913
2023-09-25,-0.11752013115697427
2023-09-26,-0.12342061643720506
2023-09-27,-0.13019344953465803
2023-09-28,-0.12912068360082393
2023-09-29,-0.14349025524673045
2023-10-02,-0.14143599255209421
2023-10-03,-0.1350915907537296
2023-10-04,-0.14371999386534046
2023-10-05,-0.14953782598215395
2023-10-06,-0.15331220365615447
2023-10-10,-0.15075393435921358
2023-10-11,-0.14893305313134594
2023-10-12,-0.15758296134366465
2023-10-13,-0.14782788667045738
2023-10-16,-0.15073838921587868
2023-10-17,-0.15811600119400387
2023-10-18,-0.15969874411720242
2023-10-19,-0.1457434118707302
2023-10-20,-0.14908756692422406
2023-10-23,-0.11894851079281807
2023-10-24,-0.1182052578361064
2023-10-25,-0.12303256461618127
2023-10-26,-0.1363919554343131
2023-10-27,-0.13842876408159072
2023-10-30,-0.13111379910360604
2023-10-31,-0.1317201678639238
2023-11-01,-0.1314293224757298
2023-11-02,-0.12015686553626535
2023-11-06,-0.128470755440388
2023-11-07,-0.1333089319453189
2023-11-08,-0.12591018649796204
2023-11-09,-0.11444076765675389
2023-11-10,-0.1130933395767911
2023-11-13,-0.10989684239338023
2023-11-14,-0.10976640374701456
2023-11-15,-0.11127874473114052
2023-11-16,-0.10501590827478129
2023-11-17,-0.12125453831012682
2023-11-20,-0.12160376504080517
2023-11-21,-0.12164923242646616
2023-11-22,-0.11579629644377178
2023-11-24,-0.1203914497674132
2023-11-27,-0.12223352661434854
2023-11-28,-0.11722399067930345
2023-11-29,-0.11898155223800949
2023-11-30,-0.14108493720565754
2023-12-01,-0.1417802160169841
2023-12-04,-0.1458307491266229
2023-12-05,-0.1775045652285845
2023-12-06,-0.17488836901235638
2023-12-07,-0.15414255060533466
2023-12-08,-0.16589325548221714
2023-12-11,-0.1812581902579064
2023-12-12,-0.13504501317155002
2023-12-13,-0.14375993601240472
2023-12-14,-0.13613983032259308
2023-12-15,-0.157320224216421
2023-12-18,-0.15851125398323718
2023-12-19,-0.1658813801062779
2023-12-20,-0.15700879122304634
2023-12-21,-0.16450862103675762
2023-12-22,-0.16431982404588552
2023-12-25,-0.1624179431343782
2023-12-26,-0.1603315925572984
2023-12-27,-0.15677486927999684
2023-12-28,-0.1619389345695129
2023-12-29,-0.17770959605665335
2024-01-04,-0.17775904129476303
2024-01-05,-0.188897274113552
2024-01-09,-0.17154983019789838
2024-01-10,-0.14507133750047518
2024-01-11,-0.12927193076640925
2024-01-12,-0.11885234755647177
2024-01-15,-0.10906425488487756
2024-01-16,-0.11130669851004828
2024-01-17,-0.13770388142710208
2024-01-18,-0.13835631365975742
2024-01-19,-0.09395127952614986
2024-01-22,-0.08400590931523014
2024-01-23,-0.08294547319322286
2024-01-24,-0.080513193154365
2024-01-25,-0.08950861421737696
2024-01-26,-0.08583736060576362
2024-01-29,-0.07163373053659168
2024-01-30,-0.08706016247111661
2024-01-31,-0.08933427187539182
2024-02-01,-0.09568528502461228
2024-02-02,-0.10200272545157836
2024-02-05,-0.10372030299152588
2024-02-06,-0.10983917287834917
2024-02-07,-0.11479881641780941
2024-02-08,-0.09891831767881942
2024-02-09,-0.10410426076477856
2024-02-13,-0.08197817913759807
2024-02-14,-0.07626665399869201
2024-02-15,-0.08069821994504771
2024-02-16,-0.07984008208323848
2024-02-19,-0.07268848643445891
2024-02-20,-0.06587929183922592
2024-02-21,-0.06167026542523786
2024-02-22,-0.03429026056454928
2024-02-26,-0.027775058880685856
2024-02-27,-0.02852049839006511
2024-02-28,-0.027328707416203652
2024-02-29,-0.027100121445572965
2024-03-01,-0.004097583415136579
2024-03-04,0.004237872632036631
2024-03-05,0.007441612328236582
2024-03-06,-0.0008073730911191109
2024-03-07,0.01669517657924043
2024-03-08,0.017460086196697085
2024-03-11,0.0571731477798483
2024-03-12,0.05706062531536156
2024-03-13,0.056997007155654686
2024-03-14,0.052369571558141266
2024-03-15,0.020583613257281128
2024-03-18,0.03910362204444772
2024-03-19,0.039030677136505286
2024-03-21,0.03302750719273035
2024-03-22,0.03543438819855981
2024-03-25,0.045567602604589724
2024-03-26,0.04882042545422356
2024-03-27,0.0475701486496443
2024-03-28,0.04853552731435978
2024-03-29,0.05340605841037021
2024-04-01,0.0665550271527706
2024-04-02,0.054805739213240404
2024-04-03,0.06274173093411894
2024-04-04,0.07025361252736799
2024-04-05,0.07549296137617914
2024-04-08,0.0771088741037049
2024-04-09,0.08257117526367905
2024-04-10,0.09365400114258193
2024-04-11,0.08398244615988461
2024-04-12,0.08446832977139376
2024-04-15,0.09615302461409174
2024-04-16,0.1158869052557768
2024-04-17,0.10936404078887854
2024-04-18,0.11103293624022949
2024-04-19,0.11847587468002962
2024-04-22,0.125405968022442
2024-04-23,0.12644475438548006
2024-04-24,0.12086633845106877
2024-04-25,0.1223939005539625
2024-04-26,0.12226215373383277
2024-04-30,0.12801228983150925
2024-05-01,0.12392351970127659
2024-05-02,0.11745550656112293
2024-05-07,0.1123378260720511
2024-05-08,0.11658011986002004
2024-05-09,0.11401443842482388
2024-05-10,0.11418526002402894
2024-05-13,0.11374664161937424
2024-05-14,0.11251971375708612
2024-05-15,0.1095107546801957
2024-05-16,0.11142770116650756
2024-05-17,0.11144859724176603
2024-05-20,0.11189243723798059
2024-05-21,0.11219978639811089
2024-05-22,0.11310906970680146
2024-05-23,0.09595124631159456
2024-05-24,0.08936111897885642
2024-05-27,0.1005079050430241
2024-05-28,0.10528826053436113
2024-05-29,0.10863394298489545
2024-05-30,0.10320463872805523
2024-05-31,0.10367468740530435
2024-06-03,0.10499195256562022
2024-06-04,0.1375249813270351
2024-06-05,0.13479433234272523
2024-06-06,0.11733410045993531
2024-06-07,0.11683028154359652
2024-06-10,0.12176500720891185
2024-06-11,0.1202054206747983
2024-06-12,0.13158529739974056
2024-06-13,0.13072164267423222
2024-06-14,0.13104066241960435
2024-06-17,0.13219717723390453
2024-06-18,0.1362864729270923
2024-06-19,0.138145980033836
2024-06-20,0.1357350626249117
2024-06-21,0.13583547028340184
2024-06-24,0.13612295102718214
2024-06-25,0.13030074092829247
2024-06-26,0.12783799172051322
2024-06-27,0.12789227652017277
2024-06-28,0.12931579987413114
2024-07-01,0.13257505072456305
2024-07-02,0.13574746809479232
2024-07-03,0.12811671136189756
2024-07-04,0.12057995923320558
2024-07-05,0.11765609047877337
2024-07-08,0.11698307765031174
2024-07-09,0.11225263168824463
2024-07-10,0.12405717240950564
2024-07-11,0.1340022956822445
2024-07-12,0.14942728208353095
2024-07-16,0.12153092377269219
2024-07-17,0.13063105148719
2024-07-18,0.13813655866920926
2024-07-19,0.13909205156889204
2024-07-22,0.1492440713022801
2024-07-23,0.15035551961271462
2024-07-24,0.157415829812556
2024-07-25,0.16193109453598614
2024-07-26,0.15158297648280447
2024-07-29,0.1364816865902426
2024-07-30,0.14204467327736256
2024-07-31,0.10486318230307103
2024-08-01,0.10230383430528779
2024-08-02,0.22907531239787177
2024-08-05,0.12560231741761735
2024-08-06,0.22112314978509492
2024-08-07,0.19823533069741286
2024-08-08,0.19742572108495568
2024-08-09,0.19642105249364408
2024-08-13,0.20273891219906323
2024-08-14,0.2035891515737463
2024-08-15,0.20758262361830368
2024-08-16,0.2034621730510695
2024-08-19,0.16371809063251813
2024-08-20,0.1664507738587857
2024-08-21,0.16229123070889262
2024-08-22,0.16235312829936666
2024-08-23,0.15664535894091525
2024-08-26,0.1426600802672656
2024-08-27,0.13635867827406728
2024-08-28,0.13471119165967754
2024-08-29,0.13857605521233166
2024-08-30,0.13183053785210386
2024-09-02,0.13597549122382785
2024-09-03,0.13160705362786276
2024-09-04,0.11655115590190808
2024-09-05,0.12515720472295813
2024-09-06,0.12193253065018073
2024-09-09,0.14694693972450096
2024-09-10,0.13285693440420052
2024-09-11,0.12025023476949113
2024-09-12,0.11420869790984542
2024-09-13,0.11242849440701976
2024-09-17,0.11722886082882507
2024-09-18,0.12144925039799968
2024-09-19,0.12523900657683124
2024-09-20,0.13724374044570017
2024-09-24,0.14239917073199526
2024-09-25,0.139357577557085
2024-09-26,0.1353135913002936
2024-09-27,0.1028669940202339
2024-09-30,0.07692992393911725
2024-10-01,0.07121358855371887
2024-10-02,0.06417520856753448
2024-10-03,0.05487981082868608
2024-10-04,0.054949162787069454
2024-10-07,0.05551254487254391
2024-10-08,0.05721912509257092
2024-10-09,0.056409803244106
2024-10-10,0.04843078419194707
2024-10-11,0.04893805297831792
2024-10-15,0.03910511524336855
2024-10-16,0.038041276236885094
2024-10-17,0.0345154427372652
2024-10-18,0.03807284288712443
2024-10-21,0.04662370329547177
2024-10-22,0.04825828067623556
2024-10-23,0.04721627960855002
2024-10-24,0.04540265259592923
2024-10-25,0.0446501083935689
2024-10-28,0.0653170415641746
2024-10-29,0.07443807212617899
2024-10-30,0.06192679623571655
2024-10-31,0.06156189507852085
2024-11-01,0.06153427755792654
2024-11-05,0.0669261472616494
2024-11-06,0.06927840427551729
2024-11-07,0.06858826416351166
2024-11-08,0.07038922348067465
2024-11-11,0.07055272352562372
2024-11-12,0.07506740499024421
2024-11-13,0.07663264160689907
2024-11-14,0.07808302898830158
2024-11-15,0.08316975036004776
2024-11-18,0.08679123408183749
2024-11-19,0.08646604076898173
2024-11-20,0.08518950115207718
2024-11-21,0.08371112154694962
2024-11-22,0.09195993129254725
2024-11-25,0.09133413282631629
2024-11-26,0.09214186368586445
2024-11-27,0.09096976890674888
2024-11-28,0.0928977466316874
2024-11-29,0.09370040661296862
2024-12-02,0.09487608878063153
2024-12-03,0.09087516954065723
2024-12-04,0.09057555714758245
2024-12-05,0.09184819510966392
2024-12-06,0.09003444046346035
2024-12-09,0.09215135032700596
2024-12-10,0.09251355179682069
2024-12-11,0.09262249334016157
2024-12-12,0.0906265232848299
2024-12-13,0.09362596194601408
2024-12-16,0.09342983552663967
2024-12-17,0.0948276888385809
2024-12-18,0.09377624644779387
2024-12-19,0.09418384402379495
2024-12-20,0.09384135906323211
2024-12-23,0.08945884688264212
2024-12-24,0.08942741570018937
2024-12-25,0.08883144964267364
2024-12-26,0.08800239185546993
2024-12-27,0.08827411977934106
2024-12-30,0.08904132544881434
2025-01-06,0.09100416072839397
2025-01-07,0.08351546560629258
2025-01-08,0.07998977083747469
2025-01-09,0.08412629146340506
2025-01-10,0.07852429725350611
2025-01-14,0.08097478229356957
2025-01-15,0.07331600262735147
2025-01-16,0.06730640927520712
2025-01-17,0.06713776448351726
2025-01-20,0.06610542227229924
2025-01-21,0.07615275000433468
2025-01-22,0.07887854367071057
2025-01-23,0.07442095318526684
2025-01-24,0.0834197592762677
2025-01-27,0.09837331942743609
2025-01-28,0.09487112373202175
2025-01-29,0.11862152676003533
2025-01-30,0.12905959205821302
2025-01-31,0.018392877237293322
2025-02-03,0.09018557055361669
2025-02-04,-0.034846626345817575
2025-02-05,-0.02068094441190718
2025-02-06,-0.02755711515649369
2025-02-07,-0.02322016404749089
2025-02-10,-0.030836827086511035
2025-02-12,-0.0312498329487014
2025-02-13,-0.03974953898688943
2025-02-14,-0.02742217505553048
2025-02-17,-0.006855930563700299
2025-02-18,-0.01272365617568453
2025-02-19,-0.010598690682973706
2025-02-20,-0.009385155554125954
2025-02-21,-0.005341718248918604
2025-02-25,0.0016625498094377787
2025-02-26,-0.004815427794061128
2025-02-27,-0.0017535975535592657
2025-02-28,-0.027936435549515158
2025-03-03,-0.038976200322570154
2025-03-04,-0.03656739936610453
2025-03-05,-0.06173072606639924
2025-03-06,-0.04124728243824505
2025-03-07,-0.05655519560605632
2025-03-10,-0.06321230295826168
2025-03-11,-0.0679607677203023
2025-03-12,-0.06807518457404359
2025-03-13,-0.05852835979305167
2025-03-14,-0.039217553839208
2025-03-17,-0.03357696713689282
2025-03-18,-0.04902264295664087
2025-03-19,-0.058640512482601374
2025-03-21,-0.05599336186505544
2025-03-24,-0.08282023963479195
2025-03-25,-0.08697962779367355
2025-03-26,-0.09532004275867641
2025-03-27,-0.06456026422939358
2025-03-28,0.015752513573121213
2025-03-31,0.0692107452791499
2025-04-01,0.08370365300275581
2025-04-02,0.08872182094573046
2025-04-03,0.10643934066934443
2025-04-04,0.18147723025228932
2025-04-07,0.0009983085291840024
2025-04-08,-0.04442654419605912
2025-04-09,-0.1314614877037544
2025-04-10,-0.13464889166797797
2025-04-11,-0.13830893771407704
2025-04-14,-0.12993726159169552
2025-04-15,-0.13598544648022412
2025-04-16,-0.13874516606272638
2025-04-17,-0.13670807759412673
2025-04-18,-0.13357750569673071
2025-04-21,-0.13383247820964353
2025-04-22,-0.13683425861767137
2025-04-23,-0.13751085067201152
2025-04-24,-0.12867681079658697
2025-04-25,-0.17730934046335145
2025-04-28,-0.1773756904631417
2025-04-30,-0.16476089291837873
2025-05-01,-0.15942705963405596
2025-05-02,-0.16322630567370722
2025-05-07,-0.17468265808983133
2025-05-08,-0.16446900153080907
2025-05-09,-0.1592244334086219
2025-05-12,-0.16717678114458126
2025-05-13,-0.1662723845111932
2025-05-14,-0.16590560765830464
2025-05-15,-0.16952606764556707
2025-05-16,-0.1664080934090188
2025-05-19,-0.15893556561565197
2025-05-20,-0.15920719025620264
2025-05-21,-0.15494168623614302
2025-05-22,-0.15463419376111887
2025-05-23,-0.15042251377602406
2025-05-26,-0.14865257549731153
2025-05-27,-0.1483541527468648
2025-05-28,-0.14944634730360895
2025-05-29,-0.1485541189091607
2025-05-30,-0.1357151335992904
2025-06-02,-0.13828760016205716
2025-06-03,-0.14065889761794115
2025-06-04,-0.1367831960074191
2025-06-05,-0.12948049856123275
2025-06-06,-0.12813537695213584
2025-06-09,-0.1292622462280485
2025-06-10,-0.1317848905275054
2025-06-11,-0.1294769217103133
2025-06-12,-0.12817398538222086
2025-06-13,-0.13335606764066402
2025-06-16,-0.12840883350761884
2025-06-17,-0.125810146759232
2025-06-18,-0.12711345479694577
2025-06-19,-0.12298254746921955
2025-06-20,-0.12615282629587357
2025-06-23,-0.1287331267848512
2025-06-24,-0.13508498017013892
2025-06-25,-0.127450349823239
2025-06-26,-0.12432564284586584
2025-06-27,-0.11731188266575315
2025-06-30,-0.1173871534994095
2025-07-01,-0.11943767946512075
2025-07-02,-0.11400344590270246
2025-07-03,-0.11160507606450257
2025-07-04,-0.1072138093909976
2025-07-07,-0.11282235651320152
2025-07-08,-0.11146992335207931
2025-07-09,-0.11780779626986919
2025-07-10,-0.12265135107716432
2025-07-11,-0.12489085839380336
2025-07-14,-0.1252102020267565
2025-07-15,-0.1253122267218157
2025-07-16,-0.14239047208565658
2025-07-17,-0.1564044737515124
2025-07-18,-0.15329608383259188
2025-07-22,-0.15791942112542812
2025-07-23,-0.16168596435375374
2025-07-24,-0.15864590927704797
2025-07-25,-0.1577719858277077
2025-07-28,-0.1334748650404867
2025-07-29,-0.12468994112237579
2025-07-30,-0.1233680789311348
2025-07-31,-0.12336488983115754
2025-08-01,-0.10677108872616654
2025-08-04,-0.10758779993740042
2025-08-05,-0.10944548211586977
2025-08-06,-0.1132858768402334
2025-08-07,-0.11576578172995257
2025-08-08,-0.10743457652787966
2025-08-12,-0.10610878145393189
2025-08-13,-0.10544724846859166
2025-08-14,-0.10869703310413681
2025-08-15,-0.1005420348997001
2025-08-18,-0.09885193767838078
2025-08-19,-0.09635543585245063
2025-08-20,-0.09349114854890253
2025-08-21,-0.09420893041514421
2025-08-22,-0.09536257733665024
2025-08-25,-0.08086116678939491
2025-08-26,-0.0797006324026543
2025-08-27,-0.07750091799508203
2025-08-28,-0.07745551898856265
2025-08-29,-0.08257084432877523
2025-09-01,-0.08155686461412134
2025-09-02,-0.07136271458273868
2025-09-03,-0.07378729561046575
2025-09-04,-0.07392492678987493
2025-09-05,-0.0733135391964653
2025-09-08,-0.08106310779402347
2025-09-09,-0.07573272611115821
2025-09-10,-0.06894001811080502
2025-09-11,-0.06658874064150029
2025-09-12,-0.06769317920137356
2025-09-16,-0.07036936170844685
2025-09-17,-0.06556337179592737
2025-09-18,-0.05124682401298852
2025-09-19,-0.07357078996867869
2025-09-22,-0.09019457227903628
2025-09-24,-0.09173304413152689
2025-09-25,-0.092458286065899
2025-09-26,-0.06854571489038852
2025-09-29,-0.08148719572267046
2025-09-30,-0.16393732690986776
2025-10-01,-0.03648749249374513
2025-10-02,0.023845040347536345
2025-10-03,0.16062522443026034
2025-10-06,0.1980072414164365
2025-10-07,0.2023921885314729
2025-10-08,0.18480290326145563
2025-10-09,0.17946624038051212
2025-10-10,0.18883283083080712
2025-10-14,0.1752561966669484
2025-10-15,0.1823608863963222
2025-10-16,0.1790747424907643
2025-10-17,0.16589623622295452
2025-10-20,0.17367817761662363
2025-10-21,0.16985710348125632
2025-10-22,0.19285851822396768
2025-10-23,0.183194023621018
2025-10-24,0.19288179412983436
2025-10-27,0.18784255371173422
2025-10-28,0.18860552975338943
2025-10-29,0.15829711582327888
2025-10-30,0.15694404399608908
2025-10-31,0.14693145496846283
2025-11-04,0.15497156199755507
2025-11-05,0.15690479212764183
2025-11-06,0.1537925355230514
2025-11-07,0.1408589256392722
2025-11-10,0.13429523001388427
2025-11-11,0.1316822342981355
2025-11-12,0.13478465897164263
2025-11-13,0.12395457821549342
2025-11-14,0.11659557936312179
2025-11-17,0.11061047405463224
2025-11-18,0.1101013253657546
2025-11-19,0.10710095080930437
2025-11-20,0.08702322250169199
2025-11-21,0.1370935597630712
2025-11-25,0.12399059784091099
2025-11-26,0.12946757162053066
2025-11-27,0.1286671529672974
2025-11-28,0.129412471956993
2025-12-01,0.1309083410927674
2025-12-02,0.13143465173230465
2025-12-03,0.15725156006927432
2025-12-04,0.15678926023392503
2025-12-05,0.15666136113018003
2025-12-08,0.15582344757931504
2025-12-09,0.16787735023638448
2025-12-10,0.17501547930502653
2025-12-11,0.17457588156657516
2025-12-12,0.1772993565830009
2025-12-15,0.17910553478284516
2025-12-16,0.18138851355609772
2025-12-17,0.19187530502554637
2025-12-18,0.19526326526416893
2025-12-19,0.1881080971674632
2025-12-22,0.1860349500532583
2025-12-23,0.17828498457309194
2025-12-24,0.17865517352960827
2025-12-25,0.17824710638509236
2025-12-26,0.17043895078349186
2025-12-29,0.1739073485854336
2025-12-30,0.17183546717763482
2026-01-05,0.17880996432927476
2026-01-06,0.17027714569548436
2026-01-07,0.17107363138497145
2026-01-08,0.1728490557402535
2026-01-09,0.1768794747067333
2026-01-13,0.16378756363813735
2026-01-14,0.15378677951083858
2026-01-15,0.15684245569734595
2026-01-16,0.16019812225076333
2026-01-19,0.15806924766009228
2026-01-20,0.171707332641974
2026-01-21,0.16966502646622378
2026-01-22,0.1666692380382766
2026-01-23,0.1710834486471997
2026-01-26,0.146298693500323
2026-01-27,0.135466352929374
2026-01-28,0.1387150571579212
2026-01-29,0.13619984175988686
2026-01-30,0.11502078143882885
2026-02-02,0.0900121382409494
2026-02-03,0.08553194749491339
2026-02-04,0.09231275084678343
2026-02-05,0.09797054062208983
2026-02-06,0.09012994777484398
2026-02-09,0.11682014287417918
2026-02-10,0.11854788251125818
2026-02-12,0.13361903527047703
2026-02-13,0.1270878996605189
2026-02-16,0.12752133133874588
2026-02-17,0.12437209857524621
2026-02-18,0.11331399769133835
2026-02-19,0.11764521151375015
2026-02-20,0.12081593158935225
2026-02-24,0.12621209907170086
2026-02-25,0.13651893687602712
2026-02-26,0.1352109311829857
2026-02-27,0.1378184031792346
2026-03-02,0.14122337847181518
2026-03-03,0.15283413537265036
2026-03-04,0.1361320546227741
2026-03-05,0.14569897882143645
2026-03-06,0.14502917011669575
2026-03-09,0.111673293065029
2026-03-10,0.13498666645816224
2026-03-11,0.11682190350121503
2026-03-12,0.11853410000575892
2026-03-13,0.11559798541223917
2026-03-16,0.11541783953317644
2026-03-17,0.10067591711630323
2026-03-18,0.09074433889981087
2026-03-19,0.08011632323802935
2026-03-23,0.09244558800271259
2026-03-24,0.0881363145027998
2026-03-25,0.08425199314573224
2026-03-26,0.08491896028471783
2026-03-27,0.07104900993018964
2026-03-30,0.08317045499887493
2026-03-31,0.0691972265987041
2026-04-01,0.06514939065155799
2026-04-02,0.024496595424137752
2026-04-03,0.03293238830188215
2026-04-06,0.022257605501203825
2026-04-07,0.01563447266216324
2026-04-08,0.0031060365667481857
2026-04-09,0.01542416152250604
2026-04-10,0.027086208864657305
2026-04-13,0.03055823273519514
2026-04-14,0.041744309791147724
2026-04-15,0.03734077377854659
2026-04-16,0.04971278451246037
2026-04-17,0.03834042785388596
2026-04-20,0.03892522951272351
2026-04-21,0.03775069114880546
2026-04-22,0.04174553061224345
2026-04-23,0.029392093913110068
2026-04-24,0.020838634470663274
2026-04-27,0.008014845021608262
2026-04-28,0.022606683344080638
2026-04-30,0.014232868152244284
2026-05-01,0.022796166027881967
2026-05-07,0.02409857988553222
2026-05-08,0.024872669800337824
2026-05-11,0.02298249939227566
2026-05-12,0.03127861597377029
2026-05-13,0.031091170669895245
2026-05-14,0.023280427805991773
2026-05-15,0.028962206507351942
2026-05-18,0.03361919616360718
2026-05-19,0.05216484053397787
2026-05-20,0.05425657243786932
2026-05-21,0.07613870694355801
2026-05-22,0.0800330952392007
2026-05-25,0.10408873157477276
2026-05-26,0.06990641620328718
2026-05-27,0.06498521298749804
2026-05-28,0.059329192732593454
2026-05-29,0.056249717259810844
2026-06-01,0.05732360816053931
