date,code,side,entry,exit,entry_ts,exit_ts,entry_z,exit_z,pnl
2025-04-01,57140,-1,4655.0,4645.0,2025-04-01 10:00:00,2025-04-01 12:36:00,3.5087561921365227,0.21823881779579832,0.0005505384632285843
2025-04-01,57140,1,4629.0,4640.0,2025-04-01 13:03:00,2025-04-01 13:15:00,-1.632770898895896,-0.25285606223794865,0.0007735041890304551
2025-04-01,57140,-1,4650.0,4643.0,2025-04-01 14:02:00,2025-04-01 14:38:00,1.5478473020399104,0.19058301471235312,-9.348943851974893e-05
2025-04-01,57140,-1,4646.0,4650.0,2025-04-01 15:08:00,2025-04-01 15:24:00,,,-0.0024605852510475555
2025-04-02,57140,1,4633.0,4643.0,2025-04-02 10:01:00,2025-04-02 10:23:00,-1.8146249993544352,-0.17827352145872516,0.0005561026032733548
2025-04-02,57140,1,4636.0,4638.0,2025-04-02 10:56:00,2025-04-02 14:18:00,-1.5532245205096578,-0.23349679773974125,-0.0011686866441653239
2025-04-02,57140,1,4635.0,4638.0,2025-04-02 14:20:00,2025-04-02 14:41:00,-1.5772227741284515,-0.14351854303507486,-0.0009529601844784625
2025-04-02,57140,1,4635.0,4639.0,2025-04-02 14:48:00,2025-04-02 15:11:00,-1.8913923653830975,0.1070999740842202,-0.00073737324821179
2025-04-02,57140,-1,4644.0,4649.0,2025-04-02 15:16:00,2025-04-02 15:24:00,,,-0.002676078872802673
2025-04-03,57140,1,4497.0,4516.0,2025-04-03 10:00:00,2025-04-03 10:45:00,-2.41354224937831,0.20826559702293235,0.002616138498845299
2025-04-03,57140,-1,4528.0,4517.0,2025-04-03 11:20:00,2025-04-03 12:38:00,2.776392997983639,-0.0007335220680404371,0.0008322842284147183
2025-04-03,57140,-1,4531.0,4516.0,2025-04-03 13:03:00,2025-04-03 13:17:00,1.7498699434892462,-0.14997212202125138,0.0017160193975855325
2025-04-03,57140,1,4502.0,4515.0,2025-04-03 13:47:00,2025-04-03 14:16:00,-1.935748892846976,-0.2711025890893114,0.0012834443844082757
2025-04-03,57140,1,4506.0,4515.0,2025-04-03 14:19:00,2025-04-03 15:10:00,-2.4984460940691315,0.08911644093651329,0.000395344858895966
2025-04-04,57140,1,4325.0,4345.0,2025-04-04 10:11:00,2025-04-04 10:21:00,-1.8538426264774523,0.23506942261344851,0.003013618333512715
2025-04-04,57140,1,4324.0,4339.0,2025-04-04 10:58:00,2025-04-04 11:09:00,-1.8041419899431281,-0.2506273626514406,0.0018630070392519104
2025-04-04,57140,1,4329.0,4325.0,2025-04-04 11:19:00,2025-04-04 14:25:00,-1.9683685613196231,0.09853856219668988,-0.002524428076000855
2025-04-04,57140,-1,4341.0,4351.0,2025-04-04 14:54:00,2025-04-04 15:24:00,,,-0.0039009674210864894
2025-04-07,57140,-1,4032.0,4008.0,2025-04-07 10:00:00,2025-04-07 13:19:00,3.9568545773690826,0.07307360983247228,0.004370166986503796
2025-04-07,57140,1,3971.0,4000.0,2025-04-07 13:37:00,2025-04-07 13:50:00,-1.5079989632141035,-0.25370478618372605,0.005676408970776157
2025-04-07,57140,1,3980.0,4003.0,2025-04-07 13:55:00,2025-04-07 14:34:00,-2.0238356417919667,0.062448464868666585,0.004162260714090214
2025-04-07,57140,1,3995.0,4004.0,2025-04-07 15:00:00,2025-04-07 15:11:00,-1.6328673173444663,0.15743025731610466,0.000650282234736159
2025-04-07,57140,1,3989.0,3981.0,2025-04-07 15:17:00,2025-04-07 15:24:00,,,-0.0036075289050894145
2025-04-08,57140,-1,4162.0,4150.0,2025-04-08 10:00:00,2025-04-08 10:16:00,1.535961306141617,0.2840676692117293,0.001287393728835705
2025-04-08,57140,-1,4165.0,4154.0,2025-04-08 10:36:00,2025-04-08 12:35:00,1.7903046240033749,-0.13499848339443757,0.0010445501648854883
2025-04-08,57140,1,4113.0,4110.0,2025-04-08 12:54:00,2025-04-08 15:24:00,,,-0.002329660740143743
2025-04-09,57140,-1,3941.0,3927.0,2025-04-09 10:04:00,2025-04-09 10:30:00,1.8454816275557855,0.1956150522916684,0.0019587226169941064
2025-04-09,57140,-1,3937.0,3939.0,2025-04-09 10:31:00,2025-04-09 12:53:00,1.579717072947332,0.24608926244974422,-0.0021078720271684517
2025-04-09,57140,1,3923.0,3930.0,2025-04-09 13:17:00,2025-04-09 13:52:00,-1.6868759337015822,-0.07618928636592374,0.0001827586537543175
2025-04-09,57140,1,3908.0,3927.0,2025-04-09 13:56:00,2025-04-09 14:21:00,-1.7017229841450487,-0.28075995622801975,0.003250041415336192
2025-04-09,57140,1,3915.0,3930.0,2025-04-09 14:30:00,2025-04-09 14:54:00,-1.5500522355926094,0.21397962064369,0.002224096438403476
2025-04-09,57140,-1,3949.0,3968.0,2025-04-09 15:00:00,2025-04-09 15:24:00,,,-0.0063998071181140025
2025-04-10,57140,1,4253.0,4271.0,2025-04-10 10:04:00,2025-04-10 11:10:00,-1.7609296792818683,-0.02975419456524358,0.0026233755878329245
2025-04-10,57140,-1,4283.0,4275.0,2025-04-10 12:39:00,2025-04-10 13:58:00,1.6650222505013077,-0.1772443263404051,0.00026959624451041125
2025-04-10,57140,-1,4299.0,4320.0,2025-04-10 14:05:00,2025-04-10 15:24:00,,,-0.006472964741874408
2025-04-11,57140,-1,4150.0,4281.0,2025-04-11 10:00:00,2025-04-11 15:24:00,,,-0.03267829292020223
2025-04-14,57140,-1,4369.0,4358.0,2025-04-14 10:05:00,2025-04-14 10:23:00,1.5889386880974505,0.05552430807980452,0.000920913446870685
2025-04-14,57140,-1,4371.0,4358.0,2025-04-14 10:26:00,2025-04-14 10:47:00,1.7517259750760497,0.009799527223420434,0.0013785793587493581
2025-04-14,57140,-1,4371.0,4391.0,2025-04-14 11:02:00,2025-04-14 15:24:00,,,-0.006165175698402813
2025-04-15,57140,1,4424.0,4414.0,2025-04-15 10:01:00,2025-04-15 15:24:00,,,-0.0038629563854890147
2025-04-16,57140,1,4396.0,4383.0,2025-04-16 10:01:00,2025-04-16 15:24:00,,,-0.004561615104702847
2025-04-17,57140,-1,4350.0,4382.0,2025-04-17 10:00:00,2025-04-17 15:24:00,,,-0.00892939607268201
2025-04-18,57140,-1,4382.0,4375.0,2025-04-18 10:00:00,2025-04-18 10:09:00,1.5104132866364472,0.09501309095369992,-1.2786363030072023e-06
2025-04-18,57140,-1,4382.0,4430.0,2025-04-18 11:18:00,2025-04-18 15:24:00,,,-0.01249434288376957
2025-04-21,57140,1,4376.0,4387.0,2025-04-21 10:00:00,2025-04-21 14:50:00,-2.706359775588729,0.17635609568703012,0.0009105570643969166
2025-04-21,57140,-1,4398.0,4389.0,2025-04-21 15:05:00,2025-04-21 15:20:00,1.5189261524704698,0.2797678019479208,0.00044848142647254774
2025-04-21,57140,-1,4398.0,4400.0,2025-04-21 15:23:00,2025-04-21 15:24:00,,,-0.002054648791646124
2025-04-22,57140,-1,4477.0,4529.0,2025-04-22 10:00:00,2025-04-22 15:24:00,,,-0.013147985315248353
2025-04-23,57140,1,4561.0,4536.0,2025-04-23 10:01:00,2025-04-23 15:24:00,,,-0.007096331304112431
2025-04-24,57140,1,4562.0,4579.0,2025-04-24 10:00:00,2025-04-24 10:30:00,-3.6428269534507858,-0.2268071118448544,0.0021195098127620854
2025-04-24,57140,-1,4588.0,4580.0,2025-04-24 11:27:00,2025-04-24 12:35:00,2.0667359117823754,-0.12653342900351439,0.00014520114103063852
2025-04-24,57140,1,4572.0,4559.0,2025-04-24 12:56:00,2025-04-24 15:24:00,,,-0.004447444701259885
2025-04-25,57140,-1,4609.0,4592.0,2025-04-25 10:00:00,2025-04-25 10:21:00,3.511303755169069,0.21634106922429197,0.0020952547211059644
2025-04-25,57140,-1,4609.0,4631.0,2025-04-25 10:43:00,2025-04-25 15:24:00,,,-0.006361913760243785
2025-04-28,57140,1,4602.0,4618.0,2025-04-28 10:01:00,2025-04-28 10:36:00,-3.311528475763457,0.01684181804634883,0.0018707193191295492
2025-04-28,57140,1,4606.0,4602.0,2025-04-28 10:58:00,2025-04-28 15:03:00,-2.057675992954782,0.08383859508319313,-0.002468809785319327
2025-04-28,57140,-1,4615.0,4602.0,2025-04-28 15:15:00,2025-04-28 15:24:00,1.694089662705783,-0.0694248766219976,0.0012208763416413405
2025-04-30,57140,1,4588.0,4574.0,2025-04-30 10:00:00,2025-04-30 14:51:00,-2.0905663740275093,-0.2958672696608211,-0.004656103666534894
2025-04-30,57140,1,4567.0,4576.0,2025-04-30 15:03:00,2025-04-30 15:12:00,-1.5435398588828815,0.1278770477592887,0.0003687198746348257
2025-04-30,57140,1,4564.0,4570.0,2025-04-30 15:23:00,2025-04-30 15:24:00,,,-0.0002862270937159775
2025-05-01,57140,-1,4534.0,4560.0,2025-05-01 10:20:00,2025-05-01 15:24:00,,,-0.007318071440957389
2025-05-02,57140,1,4546.0,4530.0,2025-05-02 10:14:00,2025-05-02 15:24:00,,,-0.005125785935408786
2025-05-07,57140,1,4524.0,4533.0,2025-05-07 10:02:00,2025-05-07 10:49:00,-1.6977236907898317,0.08018085172092744,0.0003874137048381955
2025-05-07,57140,-1,4544.0,4538.0,2025-05-07 11:23:00,2025-05-07 14:08:00,1.737340533953625,0.18016785637253596,-0.00027870493879977474
2025-05-07,57140,-1,4548.0,4554.0,2025-05-07 14:41:00,2025-05-07 15:24:00,,,-0.002918391753258232
2025-05-08,57140,-1,4535.0,4529.0,2025-05-08 10:21:00,2025-05-08 13:37:00,1.5148526086954486,0.28415703227218236,-0.00027608100697683975
2025-05-08,57140,-1,4538.0,4549.0,2025-05-08 13:49:00,2025-05-08 15:24:00,,,-0.0040210422302171265
2025-05-09,57140,1,4578.0,4614.0,2025-05-09 10:00:00,2025-05-09 12:55:00,-3.638292231769138,0.03317834818983923,0.006232938221186891
2025-05-09,57140,-1,4621.0,4590.0,2025-05-09 13:36:00,2025-05-09 15:24:00,,,0.005131107815675549
2025-05-12,57140,-1,4654.0,4653.0,2025-05-12 10:13:00,2025-05-12 12:39:00,1.7553552723312,0.13605168110310606,-0.001385107982411496
2025-05-12,57140,-1,4660.0,4654.0,2025-05-12 12:49:00,2025-05-12 13:00:00,1.5317948227291305,0.27298313126784124,-0.00031161674254550145
2025-05-12,57140,-1,4659.0,4653.0,2025-05-12 13:10:00,2025-05-12 13:12:00,2.0570127551660087,-0.02616882542338941,-0.0003113400278517305
2025-05-12,57140,-1,4658.0,4653.0,2025-05-12 13:17:00,2025-05-12 13:23:00,1.6771022839452283,-0.06823953585211982,-0.0005260014003622198
2025-05-12,57140,-1,4660.0,4696.0,2025-05-12 13:30:00,2025-05-12 15:24:00,,,-0.00929563438824071
2025-05-13,57140,1,4736.0,4729.0,2025-05-13 10:00:00,2025-05-13 14:07:00,-2.0962481515682874,-0.18454799569638172,-0.003079133919965861
2025-05-13,57140,1,4724.0,4609.0,2025-05-13 14:14:00,2025-05-13 15:24:00,,,-0.02624498459674464
2025-05-14,57140,1,4551.0,4582.0,2025-05-14 10:01:00,2025-05-14 12:56:00,-4.136300361223155,0.0865365160059229,0.005188594996798973
2025-05-14,57140,-1,4588.0,4580.0,2025-05-14 13:38:00,2025-05-14 15:03:00,1.9115227172661597,0.08008338932036775,0.00014520114103063852
2025-05-14,57140,1,4566.0,4542.0,2025-05-14 15:05:00,2025-05-14 15:24:00,,,-0.006870104424237104
2025-05-15,57140,-1,4473.0,4505.0,2025-05-15 10:01:00,2025-05-15 15:24:00,,,-0.008728566609590252
2025-05-16,57140,1,4496.0,4509.0,2025-05-16 10:02:00,2025-05-16 10:23:00,-1.7843496124846225,0.06228445381799765,0.001287286847557176
2025-05-16,57140,-1,4520.0,4511.0,2025-05-16 10:35:00,2025-05-16 10:55:00,1.7417467194128207,0.16895451362055344,0.0003931354178809516
2025-05-16,57140,-1,4524.0,4543.0,2025-05-16 11:17:00,2025-05-16 15:24:00,,,-0.005791028523392219
2025-05-19,57140,-1,4548.0,4534.0,2025-05-19 10:40:00,2025-05-19 10:56:00,1.8718477098500117,-0.02018330427656831,0.001483023802952342
2025-05-19,57140,-1,4547.0,4535.0,2025-05-19 11:16:00,2025-05-19 13:58:00,1.739118126779812,-0.23706933264858274,0.0010425912757735859
2025-05-19,57140,1,4529.0,4532.0,2025-05-19 14:01:00,2025-05-19 15:17:00,-1.981982095853029,-0.2967360694993273,-0.0009378214083168709
2025-05-20,57140,1,4524.0,4540.0,2025-05-20 10:00:00,2025-05-20 11:21:00,-5.4844505469746245,-0.20432247494489236,0.0019304537993826588
2025-05-20,57140,-1,4563.0,4551.0,2025-05-20 12:34:00,2025-05-20 13:30:00,1.583270509713641,0.22879997138125063,0.001033312910760657
2025-05-20,57140,-1,4556.0,4550.0,2025-05-20 14:08:00,2025-05-20 14:22:00,1.6033081526752606,0.19406791239306076,-0.0002821873779233243
2025-05-20,57140,1,4541.0,4590.0,2025-05-20 14:30:00,2025-05-20 15:05:00,-2.0534729492677024,0.17835487765250618,0.009132771956639654
2025-05-21,57140,1,4560.0,4553.0,2025-05-21 10:01:00,2025-05-21 15:24:00,,,-0.003136267173649656
2025-05-22,57140,-1,4476.0,4463.0,2025-05-22 10:01:00,2025-05-22 10:35:00,1.838966592442565,0.04997283505194719,0.0013086048025459272
2025-05-22,57140,-1,4473.0,4464.0,2025-05-22 10:58:00,2025-05-22 12:30:00,1.633417636361215,0.0425836802524638,0.00041409937170125617
2025-05-22,57140,-1,4477.0,4481.0,2025-05-22 12:39:00,2025-05-22 15:24:00,,,-0.002493056545177461
2025-05-23,57140,-1,4539.0,4536.0,2025-05-23 10:00:00,2025-05-23 13:48:00,2.949492479411535,0.2527043455977873,-0.0009388429511224201
2025-05-23,57140,-1,4542.0,4536.0,2025-05-23 13:51:00,2025-05-23 14:53:00,1.5175417290689253,-0.030446415943503398,-0.0002781227420841756
2025-05-23,57140,1,4526.0,4528.0,2025-05-23 15:17:00,2025-05-23 15:24:00,,,-0.0011582063104638347
2025-05-26,57140,-1,4561.0,4548.0,2025-05-26 10:00:00,2025-05-26 12:30:00,1.6188246378774551,-0.10951134360572326,0.001254321841273751
2025-05-26,57140,1,4537.0,4547.0,2025-05-26 12:31:00,2025-05-26 13:05:00,-1.5071407001667707,-0.17012833362699323,0.0006016741610465881
2025-05-26,57140,1,4542.0,4548.0,2025-05-26 13:45:00,2025-05-26 13:47:00,-1.9976849520424886,0.21567806895735137,-0.00027986779507718383
2025-05-26,57140,-1,4552.0,4549.0,2025-05-26 14:01:00,2025-05-26 14:21:00,1.50347659813032,0.21818054933477452,-0.0009407317638372006
2025-05-26,57140,1,4541.0,4548.0,2025-05-26 14:32:00,2025-05-26 14:44:00,-1.604766335516382,0.07857800536189358,-5.9676227524508825e-05
2025-05-26,57140,-1,4556.0,4564.0,2025-05-26 14:59:00,2025-05-26 15:24:00,,,-0.0033543864148935956
2025-05-27,57140,1,4601.0,4608.0,2025-05-27 10:00:00,2025-05-27 10:36:00,-1.5801863780193315,-0.18098043946367984,-7.97477797414162e-05
2025-05-27,57140,1,4601.0,4610.0,2025-05-27 11:14:00,2025-05-27 12:45:00,-1.6923478302186463,0.08487819933777913,0.0003541858352256856
2025-05-27,57140,-1,4620.0,4609.0,2025-05-27 13:03:00,2025-05-27 13:23:00,2.1079580252198107,-0.24623313092769591,0.0007837913552762503
2025-05-27,57140,-1,4615.0,4610.0,2025-05-27 13:33:00,2025-05-27 13:55:00,1.597848668231938,-0.007904820898081545,-0.0005159890537416634
2025-05-27,57140,1,4604.0,4609.0,2025-05-27 14:06:00,2025-05-27 14:19:00,-1.9949010573544876,-0.2049885069531482,-0.0005145771212649586
2025-05-27,57140,-1,4616.0,4633.0,2025-05-27 14:26:00,2025-05-27 15:24:00,,,-0.005276077228712797
2025-05-28,57140,1,4606.0,4617.0,2025-05-28 10:01:00,2025-05-28 10:20:00,-1.6604439974800649,0.11449957067776947,0.0007853421263583494
2025-05-28,57140,-1,4623.0,4618.0,2025-05-28 11:26:00,2025-05-28 12:38:00,1.5157921959854144,-0.13216199419523267,-0.000517865926215278
2025-05-28,57140,1,4613.0,4619.0,2025-05-28 12:44:00,2025-05-28 12:48:00,-1.5008607364523696,0.17892630072679833,-0.00030017312721523394
2025-05-28,57140,1,4607.0,4616.0,2025-05-28 13:02:00,2025-05-28 13:26:00,-2.5910208241491803,-0.17442009386153487,0.00035164325201852194
2025-05-28,57140,1,4608.0,4618.0,2025-05-28 13:47:00,2025-05-28 14:01:00,-1.8097081398446346,0.23841392162179667,0.0005677875387134497
2025-05-28,57140,1,4609.0,4617.0,2025-05-28 14:18:00,2025-05-28 14:37:00,-1.7709832557702494,0.22123612808805307,0.00013422978648069787
2025-05-28,57140,1,4610.0,4593.0,2025-05-28 14:52:00,2025-05-28 15:24:00,,,-0.005294451664900758
2025-05-29,57140,-1,4599.0,4595.0,2025-05-29 10:34:00,2025-05-29 12:37:00,2.04740736704579,-0.07104137293418886,-0.0007298672498636073
2025-05-29,57140,1,4581.0,4592.0,2025-05-29 13:18:00,2025-05-29 14:25:00,-1.6624388616081793,-0.01674094916252014,0.0007983441126602653
2025-05-29,57140,1,4586.0,4592.0,2025-05-29 15:22:00,2025-05-29 15:23:00,-1.5218310565998632,-0.1230891498149506,-0.0002925254184474517
2025-05-30,57140,-1,4547.0,4596.0,2025-05-30 10:21:00,2025-05-30 15:24:00,,,-0.012318685143635755
2025-06-02,57140,1,4488.0,4506.0,2025-06-02 10:00:00,2025-06-02 14:05:00,-7.221092305623072,0.28659328794523686,0.0024026737896574064
2025-06-02,57140,1,4502.0,4500.0,2025-06-02 14:46:00,2025-06-02 15:24:00,,,-0.002044345708266406
2025-06-03,57140,-1,4539.0,4534.0,2025-06-03 10:02:00,2025-06-03 12:32:00,1.9083795443097895,0.2936623969652872,-0.0004978286110086715
2025-06-03,57140,-1,4545.0,4531.0,2025-06-03 12:43:00,2025-06-03 12:51:00,1.6274117638493562,-0.1229901457010386,0.0014850619444409885
2025-06-03,57140,1,4522.0,4531.0,2025-06-03 13:21:00,2025-06-03 13:40:00,-1.6240070253987673,-5.038093563323603e-13,0.000388291829223129
2025-06-03,57140,-1,4538.0,4535.0,2025-06-03 13:46:00,2025-06-03 14:29:00,1.71262653588864,0.2763011533740037,-0.00093869720944995
2025-06-03,57140,-1,4545.0,4546.0,2025-06-03 14:41:00,2025-06-03 15:24:00,,,-0.0018199978009092574
2025-06-04,57140,1,4580.0,4592.0,2025-06-04 10:00:00,2025-06-04 10:25:00,-2.516833139243908,-0.028291562117219123,0.0010166608911716887
2025-06-04,57140,-1,4609.0,4595.0,2025-06-04 10:52:00,2025-06-04 11:29:00,1.5666261418017622,0.0366130971858813,0.0014421579307208937
2025-06-04,57140,-1,4607.0,4597.0,2025-06-04 12:31:00,2025-06-04 12:52:00,1.838051399556459,0.22194161140199556,0.0005729691296889651
2025-06-04,57140,1,4592.0,4596.0,2025-06-04 13:39:00,2025-06-04 14:09:00,-1.5116822292236725,0.14685900634758622,-0.0007292990307561091
2025-06-04,57140,1,4592.0,4531.0,2025-06-04 14:16:00,2025-06-04 15:24:00,,,-0.014972993332264138
2025-06-05,57140,-1,4549.0,4539.0,2025-06-05 10:23:00,2025-06-05 10:35:00,1.625793831190743,-0.018571975393714902,0.0006007051135385
2025-06-05,57140,-1,4547.0,4539.0,2025-06-05 11:16:00,2025-06-05 12:32:00,1.8113033533470198,-0.11518114901361073,0.00016095136854495226
2025-06-05,57140,-1,4549.0,4538.0,2025-06-05 12:34:00,2025-06-05 13:47:00,2.140247607075189,-0.05106662388266124,0.0008210422302170866
2025-06-05,57140,-1,4548.0,4540.0,2025-06-05 14:04:00,2025-06-05 14:14:00,1.8253317471260722,0.22550298430573157,0.00016056383503301437
2025-06-05,57140,-1,4548.0,4651.0,2025-06-05 14:21:00,2025-06-05 15:24:00,,,-0.023994674353670423
2025-06-06,57140,1,4634.0,4650.0,2025-06-06 10:00:00,2025-06-06 10:47:00,-1.881569144244661,-0.20771532450856967,0.0018467935890805153
2025-06-06,57140,1,4633.0,4633.0,2025-06-06 11:03:00,2025-06-06 14:40:00,-1.9269299781648117,-0.2870272867390827,-0.0016
2025-06-06,57140,1,4625.0,4635.0,2025-06-06 14:58:00,2025-06-06 15:15:00,-1.5345535328038569,0.11560194108913961,0.0005598280534299378
2025-06-06,57140,-1,4649.0,4675.0,2025-06-06 15:19:00,2025-06-06 15:24:00,,,-0.00717702003220272
2025-06-09,57140,-1,4658.0,4648.0,2025-06-09 10:00:00,2025-06-09 10:04:00,2.360099186204571,0.28562511531784945,0.000549151912539126
2025-06-09,57140,-1,4656.0,4645.0,2025-06-09 10:08:00,2025-06-09 10:23:00,1.5727070581862725,-0.2764331546753499,0.0007653381633348506
2025-06-09,57140,1,4629.0,4642.0,2025-06-09 10:37:00,2025-06-09 12:33:00,-1.617465072706649,0.09213453302368962,0.0012044458031118018
2025-06-09,57140,1,4623.0,4604.0,2025-06-09 12:53:00,2025-06-09 15:24:00,,,-0.005718354146452199
2025-06-10,57140,1,4563.0,4574.0,2025-06-10 10:00:00,2025-06-10 10:13:00,-2.3520078737701375,-0.2650653781753506,0.0008077936553239397
2025-06-10,57140,-1,4585.0,4572.0,2025-06-10 11:29:00,2025-06-10 13:14:00,1.947193043235591,-0.2712137180797983,0.0012393597758639347
2025-06-10,57140,1,4564.0,4571.0,2025-06-10 13:18:00,2025-06-10 14:10:00,-1.931552827016998,-0.28322453280239657,-6.743265022178947e-05
2025-06-10,57140,1,4566.0,4527.0,2025-06-10 14:12:00,2025-06-10 15:24:00,,,-0.010178079653782292
2025-06-11,57140,-1,4555.0,4628.0,2025-06-11 10:04:00,2025-06-11 15:24:00,,,-0.017499278619508393
2025-06-12,57140,1,4567.0,4580.0,2025-06-12 10:00:00,2025-06-12 13:05:00,-2.477860454475976,0.08759730214205215,0.0012424639232315752
2025-06-12,57140,1,4570.0,4576.0,2025-06-12 13:37:00,2025-06-12 15:13:00,-1.7464011950285254,-0.020373416337909366,-0.0002879508286166646
2025-06-12,57140,1,4558.0,4558.0,2025-06-12 15:15:00,2025-06-12 15:24:00,,,-0.0016
2025-06-13,57140,1,4541.0,4553.0,2025-06-13 10:13:00,2025-06-13 10:43:00,-2.422580007900824,-0.2518763349180917,0.001039104236830953
2025-06-13,57140,1,4546.0,4554.0,2025-06-13 10:51:00,2025-06-13 11:05:00,-1.6870547259605344,0.01648958881919841,0.00015824221119634433
2025-06-13,57140,1,4543.0,4554.0,2025-06-13 11:21:00,2025-06-13 13:29:00,-2.857945265997365,-0.06992235056970462,0.0008183808642816526
2025-06-13,57140,1,4538.0,4554.0,2025-06-13 13:53:00,2025-06-13 15:07:00,-1.532500538303823,0.19101356720087911,0.0019195812838978408
2025-06-13,57140,1,4545.0,4547.0,2025-06-13 15:10:00,2025-06-13 15:24:00,,,-0.0011600527865687467
2025-06-16,57140,1,4614.0,4625.0,2025-06-16 10:03:00,2025-06-16 10:41:00,-1.8956745779932573,0.0072008039819099505,0.0007812112128265339
2025-06-16,57140,-1,4645.0,4629.0,2025-06-16 11:09:00,2025-06-16 13:04:00,1.7845796015631143,-0.19878306196659506,0.0018505102166683134
2025-06-16,57140,1,4624.0,4628.0,2025-06-16 13:59:00,2025-06-16 15:19:00,-1.9080512001139742,0.250531896754896,-0.0007353220386462473
2025-06-17,57140,-1,4635.0,4626.0,2025-06-17 10:03:00,2025-06-17 10:10:00,1.5482306251727918,-0.012046008225243612,0.0003436352085710143
2025-06-17,57140,-1,4636.0,4628.0,2025-06-17 10:51:00,2025-06-17 11:10:00,1.5423182680176621,0.23296856612046854,0.00012711614607518887
2025-06-17,57140,-1,4638.0,4629.0,2025-06-17 11:18:00,2025-06-17 11:29:00,1.8694394993509043,0.26395114594716146,0.0003423767842064575
2025-06-17,57140,-1,4638.0,4648.0,2025-06-17 12:30:00,2025-06-17 15:24:00,,,-0.003753780716270149
2025-06-18,57140,1,4573.0,4578.0,2025-06-18 10:08:00,2025-06-18 12:45:00,-1.5605563980628248,-0.043491074417839067,-0.0005072231455431049
2025-06-18,57140,-1,4593.0,4618.0,2025-06-18 13:23:00,2025-06-18 15:24:00,,,-0.0070283055886472025
2025-06-19,57140,1,4598.0,4555.0,2025-06-19 10:01:00,2025-06-19 15:24:00,,,-0.010995895629068126
2025-06-20,57140,-1,4587.0,4573.0,2025-06-20 10:01:00,2025-06-20 10:10:00,2.329440782602126,-0.16304138650215858,0.0014567709391167768
2025-06-20,57140,1,4562.0,4569.0,2025-06-20 10:23:00,2025-06-20 12:49:00,-1.5580695944293808,0.2732011968845414,-6.676128106173295e-05
2025-06-20,57140,1,4557.0,4565.0,2025-06-20 13:06:00,2025-06-20 13:22:00,-1.6087495333435191,-0.20063095688400526,0.00015400176518636085
2025-06-20,57140,1,4554.0,4559.0,2025-06-20 13:33:00,2025-06-20 14:49:00,-1.9833500881995814,-0.15584720862869827,-0.0005026664102435738
2025-06-20,57140,1,4551.0,4561.0,2025-06-20 14:53:00,2025-06-20 15:00:00,-1.583093627137183,0.23197410502985435,0.0005949086950585408
2025-06-20,57140,1,4550.0,4537.0,2025-06-20 15:02:00,2025-06-20 15:24:00,,,-0.004461232281032235
2025-06-23,57140,1,4470.0,4483.0,2025-06-23 10:01:00,2025-06-23 10:10:00,-2.2868209941570115,0.12175583400036219,0.0013040565478248899
2025-06-23,57140,1,4471.0,4480.0,2025-06-23 10:46:00,2025-06-23 12:39:00,-1.8157514786929738,-0.1281905557426164,0.00041094917505027687
2025-06-23,57140,-1,4490.0,4484.0,2025-06-23 13:26:00,2025-06-23 15:24:00,,,-0.00026280345575055387
2025-06-24,57140,1,4500.0,4505.0,2025-06-24 10:02:00,2025-06-24 13:31:00,-2.575098410759339,-0.2614099473324359,-0.0004895057159728848
2025-06-24,57140,-1,4511.0,4494.0,2025-06-24 14:41:00,2025-06-24 15:24:00,,,0.0021756846631214724
2025-06-25,57140,-1,4495.0,4487.0,2025-06-25 10:20:00,2025-06-25 11:21:00,1.9795483950394352,-0.26038890167471496,0.00018134092973729182
2025-06-25,57140,1,4474.0,4485.0,2025-06-25 11:26:00,2025-06-25 12:35:00,-1.6143418779097272,-0.21991727573176856,0.0008556324428216024
2025-06-25,57140,1,4478.0,4489.0,2025-06-25 13:00:00,2025-06-25 15:24:00,,,0.0008534416232318924
2025-06-26,57140,-1,4487.0,4509.0,2025-06-26 10:00:00,2025-06-26 15:24:00,,,-0.006491072445100728
2025-06-27,57140,-1,4681.0,4680.0,2025-06-27 10:00:00,2025-06-27 14:35:00,3.2214755133049224,-0.03741361794099167,-0.001386347611621853
2025-06-27,57140,-1,4685.0,4699.0,2025-06-27 14:52:00,2025-06-27 15:24:00,,,-0.004583804430293088
2025-06-30,57140,1,4711.0,4716.0,2025-06-30 10:29:00,2025-06-30 12:32:00,-1.56281443059891,0.2541104136315159,-0.0005392170427795677
2025-06-30,57140,1,4709.0,4713.0,2025-06-30 12:43:00,2025-06-30 13:52:00,-1.815084966961512,-0.17359668501719425,-0.0007509233198236675
2025-06-30,57140,1,4706.0,4675.0,2025-06-30 13:54:00,2025-06-30 15:24:00,,,-0.008209127564520372
2025-07-01,57140,1,4654.0,4658.0,2025-07-01 10:00:00,2025-07-01 10:05:00,-1.6670216777227789,-0.13208310716158983,-0.0007408934179508316
2025-07-01,57140,1,4655.0,4658.0,2025-07-01 10:06:00,2025-07-01 10:07:00,-1.6005425293943218,-0.13718111393215823,-0.0009557392668810971
2025-07-01,57140,1,4650.0,4653.0,2025-07-01 10:08:00,2025-07-01 13:04:00,-3.6028603786500835,-0.09255333837824586,-0.000955046736753403
2025-07-01,57140,-1,4664.0,4670.0,2025-07-01 14:02:00,2025-07-01 15:24:00,,,-0.0028856226326146837
2025-07-02,57140,-1,4684.0,4673.0,2025-07-02 10:01:00,2025-07-02 10:55:00,1.8250129106452329,0.008469622213087774,0.0007511820171817415
2025-07-02,57140,-1,4683.0,4737.0,2025-07-02 10:57:00,2025-07-02 15:24:00,,,-0.013065093740209966
2025-07-03,57140,-1,4926.0,4862.0,2025-07-03 10:00:00,2025-07-03 10:18:00,9.142623789871184,-0.07831342612008745,0.011477423804414504
2025-07-03,57140,-1,4885.0,4867.0,2025-07-03 10:41:00,2025-07-03 11:10:00,1.6968835653407552,0.1547803260971015,0.0020915546434288664
2025-07-03,57140,1,4854.0,4866.0,2025-07-03 12:30:00,2025-07-03 13:05:00,-1.5867714182459685,0.27607094205735405,0.0008691370569213275
2025-07-03,57140,1,4844.0,4861.0,2025-07-03 13:28:00,2025-07-03 15:05:00,-1.638544795030987,0.04779999317991808,0.0019033523724725813
2025-07-03,57140,1,4851.0,4861.0,2025-07-03 15:21:00,2025-07-03 15:23:00,-1.5291108347989912,0.10849794200846057,0.00045930880023899016
2025-07-04,57140,1,4831.0,4773.0,2025-07-04 10:00:00,2025-07-04 15:24:00,,,-0.013678447548510097
2025-07-07,57140,1,4776.0,4782.0,2025-07-07 10:12:00,2025-07-07 11:00:00,-1.8736870800214394,-0.2863821778377275,-0.0003445070541679973
2025-07-07,57140,1,4771.0,4784.0,2025-07-07 11:06:00,2025-07-07 11:18:00,-1.7539431327975896,0.07097770175968389,0.0011210901143605863
2025-07-07,57140,1,4771.0,4747.0,2025-07-07 12:30:00,2025-07-07 15:24:00,,,-0.006643086964788984
2025-07-08,57140,-1,4806.0,4790.0,2025-07-08 10:00:00,2025-07-08 10:48:00,2.5404748071267225,0.17787555864637009,0.0017347258914532737
2025-07-08,57140,-1,4799.0,4838.0,2025-07-08 11:18:00,2025-07-08 15:24:00,,,-0.009693849311727058
2025-07-09,57140,1,4869.0,4810.0,2025-07-09 10:00:00,2025-07-09 15:24:00,,,-0.01379149308289407
2025-07-10,57140,1,4828.0,4842.0,2025-07-10 10:30:00,2025-07-10 10:37:00,-1.6268550111863487,-0.030700556454114136,0.0012955552805815958
2025-07-10,57140,1,4835.0,4842.0,2025-07-10 10:50:00,2025-07-10 10:55:00,-1.531616038477272,0.019612070078584506,-0.0001532703893909887
2025-07-10,57140,1,4836.0,4809.0,2025-07-10 12:30:00,2025-07-10 15:24:00,,,-0.007198770457020616
2025-07-11,57140,-1,4840.0,4839.0,2025-07-11 10:21:00,2025-07-11 13:07:00,1.8905455927916501,-0.00751664003620937,-0.0013933670826411682
2025-07-11,57140,-1,4849.0,4840.0,2025-07-11 14:06:00,2025-07-11 14:24:00,1.829315275210398,0.16686882909165832,0.0002577773946748961
2025-07-11,57140,1,4832.0,4825.0,2025-07-11 14:52:00,2025-07-11 15:24:00,,,-0.003049725841564534
2025-07-14,57140,1,4807.0,4814.0,2025-07-14 10:09:00,2025-07-14 10:20:00,-1.7608525214106399,-0.25102486466382357,-0.0001448495509434899
2025-07-14,57140,-1,4824.0,4824.0,2025-07-14 10:33:00,2025-07-14 14:45:00,1.8898594306927052,0.2826332530788093,-0.0016
2025-07-14,57140,1,4813.0,4822.0,2025-07-14 14:52:00,2025-07-14 15:24:00,,,0.00026818943800694826
2025-07-15,57140,-1,4855.0,4841.0,2025-07-15 10:00:00,2025-07-15 10:16:00,2.647784934863489,0.11220883648831584,0.0012877907857309662
2025-07-15,57140,-1,4850.0,4842.0,2025-07-15 10:35:00,2025-07-15 10:58:00,2.488948040113858,0.12296354470160398,5.084643352509864e-05
2025-07-15,57140,1,4832.0,4840.0,2025-07-15 11:19:00,2025-07-15 11:30:00,-1.7004228652736386,-0.24794035601019748,5.426009602646801e-05
2025-07-15,57140,1,4836.0,4841.0,2025-07-15 12:55:00,2025-07-15 13:38:00,-1.6267563081700398,0.22564357331924212,-0.0005666217949889527
2025-07-15,57140,1,4834.0,4839.0,2025-07-15 13:46:00,2025-07-15 14:00:00,-1.727504012264867,-0.2566764347345925,-0.000566194470109706
2025-07-15,57140,1,4835.0,4832.0,2025-07-15 14:10:00,2025-07-15 15:24:00,,,-0.002220668272743803
2025-07-16,57140,-1,4845.0,4824.0,2025-07-16 10:03:00,2025-07-16 10:35:00,1.8160642811486045,-0.2059097958904618,0.002743785917845197
2025-07-16,57140,-1,4834.0,4834.0,2025-07-16 12:30:00,2025-07-16 14:38:00,2.4784516643925962,0.11096565716395804,-0.0016
2025-07-16,57140,1,4828.0,4821.0,2025-07-16 15:18:00,2025-07-16 15:24:00,,,-0.0030509278117998016
2025-07-17,57140,-1,4776.0,4770.0,2025-07-17 10:04:00,2025-07-17 10:05:00,1.5288285039695704,-0.003984649445962164,-0.00034292880994890823
2025-07-17,57140,1,4757.0,4764.0,2025-07-17 10:26:00,2025-07-17 12:33:00,-2.0064793803819576,-0.159825892996613,-0.000129565957090816
2025-07-17,57140,-1,4777.0,4766.0,2025-07-17 12:44:00,2025-07-17 13:39:00,1.5565859897539702,0.07274848022160552,0.0007053557312744188
2025-07-17,57140,-1,4771.0,4766.0,2025-07-17 14:09:00,2025-07-17 14:27:00,1.653832246584993,0.07798912602002649,-0.0005514521425804262
2025-07-17,57140,-1,4770.0,4773.0,2025-07-17 14:41:00,2025-07-17 15:24:00,,,-0.0022287331235097694
2025-07-18,57140,-1,4795.0,4789.0,2025-07-18 12:30:00,2025-07-18 12:45:00,1.6827929076320605,0.08845091653328103,-0.00034791302507074825
2025-07-18,57140,1,4783.0,4784.0,2025-07-18 12:51:00,2025-07-18 14:39:00,-1.5863411404889611,-0.11331889618242642,-0.0013909480498292427
2025-07-18,57140,1,4776.0,4771.0,2025-07-18 14:55:00,2025-07-18 15:24:00,,,-0.002647449556331063
2025-07-22,57140,-1,4847.0,4839.0,2025-07-22 10:11:00,2025-07-22 10:50:00,1.5563303782460067,0.22512539796147815,5.1869052057465287e-05
2025-07-22,57140,1,4829.0,4834.0,2025-07-22 11:18:00,2025-07-22 12:56:00,-1.660254041492655,-0.25792293006687894,-0.0005651246101136245
2025-07-22,57140,1,4821.0,4836.0,2025-07-22 13:11:00,2025-07-22 13:44:00,-2.7750526618355376,0.21430517286962494,0.001506557329061065
2025-07-22,57140,-1,4849.0,4870.0,2025-07-22 14:01:00,2025-07-22 15:24:00,,,-0.0059214389712831834
2025-07-23,57140,-1,4949.0,4940.0,2025-07-23 10:00:00,2025-07-23 10:02:00,1.8277772474911127,-0.06593285905517442,0.0002202047699178867
2025-07-23,57140,1,4933.0,4938.0,2025-07-23 10:10:00,2025-07-23 10:31:00,-1.6408160534449658,-0.256574743594256,-0.0005869313286133752
2025-07-23,57140,1,4930.0,4940.0,2025-07-23 10:39:00,2025-07-23 10:57:00,-1.5010381265491768,0.1715664652083378,0.00042634314523246736
2025-07-23,57140,1,4931.0,4938.0,2025-07-23 11:18:00,2025-07-23 11:19:00,-1.5158775541003227,-0.2302227621246384,-0.00018141631900120262
2025-07-23,57140,-1,4950.0,4948.0,2025-07-23 11:23:00,2025-07-23 13:43:00,1.7866161517413033,0.23050099295926485,-0.0011958779496425303
2025-07-23,57140,-1,4955.0,4948.0,2025-07-23 13:51:00,2025-07-23 14:57:00,1.6249727998527825,-0.11663743896280097,-0.0001862867482901845
2025-07-23,57140,1,4938.0,4920.0,2025-07-23 15:03:00,2025-07-23 15:24:00,,,-0.005251860418770961
2025-07-24,57140,-1,4965.0,5009.0,2025-07-24 10:03:00,2025-07-24 15:24:00,,,-0.010422996878343775
2025-07-25,57140,-1,5020.0,5021.0,2025-07-25 10:00:00,2025-07-25 13:03:00,1.8984963331986533,0.09955455314987824,-0.0017991833489307066
2025-07-25,57140,-1,5036.0,5023.0,2025-07-25 13:17:00,2025-07-25 14:14:00,2.151717400199674,-0.011187798098021303,0.0009847514141931022
2025-07-25,57140,-1,5032.0,5024.0,2025-07-25 14:40:00,2025-07-25 14:45:00,2.077001174455114,0.17020132155907056,-8.909767758148376e-06
2025-07-25,57140,1,5019.0,5041.0,2025-07-25 14:51:00,2025-07-25 15:24:00,,,0.002773764427697175
2025-07-28,57140,1,5007.0,5015.0,2025-07-28 10:44:00,2025-07-28 10:55:00,-1.6118401772472744,-0.20203219794125302,-3.5119339088522574e-06
2025-07-28,57140,1,5008.0,5015.0,2025-07-28 11:18:00,2025-07-28 11:21:00,-1.6085004619712968,-0.16316495691833202,-0.00020321238389860705
2025-07-28,57140,-1,5037.0,5017.0,2025-07-28 12:30:00,2025-07-28 12:37:00,3.7317012515808385,-0.16258855607125697,0.0023785212613975856
2025-07-28,57140,-1,5026.0,5019.0,2025-07-28 13:20:00,2025-07-28 13:40:00,1.9164129462498407,0.18557492325453262,-0.000206271551396197
2025-07-28,57140,1,5011.0,5040.0,2025-07-28 13:48:00,2025-07-28 15:24:00,,,0.004170586105689693
2025-07-29,57140,1,4964.0,4968.0,2025-07-29 10:51:00,2025-07-29 12:33:00,-2.1413404974276182,-0.17642282489651803,-0.0007945227111831318
2025-07-29,57140,1,4961.0,4964.0,2025-07-29 13:33:00,2025-07-29 15:06:00,-1.6925122497112715,-0.1749788116002439,-0.0009954659765511091
2025-07-29,57140,1,4957.0,4963.0,2025-07-29 15:14:00,2025-07-29 15:20:00,-1.5590497896860904,-0.19677710825924705,-0.00039032243313299195
2025-07-30,57140,-1,4969.0,4958.0,2025-07-30 10:49:00,2025-07-30 11:07:00,2.1081142241096797,0.0699533517194981,0.0006161790071847891
2025-07-30,57140,-1,4970.0,4959.0,2025-07-30 11:16:00,2025-07-30 12:34:00,1.6155443785100758,-0.0920776560189839,0.0006157326015405215
2025-07-30,57140,-1,4967.0,5005.0,2025-07-30 12:48:00,2025-07-30 15:24:00,,,-0.009221376641970412
2025-07-31,57140,1,4965.0,4973.0,2025-07-31 10:00:00,2025-07-31 10:09:00,-2.912698125410219,-0.17150947860874666,9.98223546566819e-06
2025-07-31,57140,-1,4983.0,4975.0,2025-07-31 10:28:00,2025-07-31 10:31:00,1.511374236527081,0.18704237249718045,6.748688711468278e-06
2025-07-31,57140,1,4966.0,4973.0,2025-07-31 10:46:00,2025-07-31 10:48:00,-1.9423274318493324,-0.1662417478336736,-0.00019140735337342947
2025-07-31,57140,1,4967.0,4974.0,2025-07-31 10:52:00,2025-07-31 12:44:00,-1.6781873500269426,0.02748403588191705,-0.00019169074400053956
2025-07-31,57140,1,4964.0,4942.0,2025-07-31 13:05:00,2025-07-31 15:24:00,,,-0.006041759775942464
2025-08-01,57140,-1,5009.0,5058.0,2025-08-01 10:04:00,2025-08-01 15:24:00,,,-0.011334853872293665
2025-08-04,57140,-1,4990.0,4985.0,2025-08-04 10:11:00,2025-08-04 14:00:00,1.8043736567312119,0.14640566544129538,-0.0005974936503744101
2025-08-04,57140,-1,4991.0,5017.0,2025-08-04 14:10:00,2025-08-04 15:24:00,,,-0.006795855014643835
2025-08-05,57140,-1,5072.0,5084.0,2025-08-05 10:00:00,2025-08-05 12:39:00,3.1620018309406075,0.05315701345215527,-0.0039631361922828024
2025-08-05,57140,1,5081.0,5085.0,2025-08-05 13:48:00,2025-08-05 13:58:00,-1.654486120061077,-0.15218349194926706,-0.0008130631110716248
2025-08-05,57140,1,5082.0,5073.0,2025-08-05 14:05:00,2025-08-05 15:24:00,,,-0.00337252631341943
2025-08-06,57140,-1,5136.0,5151.0,2025-08-06 10:01:00,2025-08-06 15:24:00,,,-0.0045163041957880165
2025-08-07,57140,-1,5163.0,5157.0,2025-08-07 10:00:00,2025-08-07 12:46:00,1.5813785854939377,0.035066514501929755,-0.0004372091713098266
2025-08-07,57140,-1,5170.0,5158.0,2025-08-07 13:16:00,2025-08-07 13:55:00,1.7035411962103726,0.061546533231396486,0.0007237810611846905
2025-08-07,57140,1,5148.0,5158.0,2025-08-07 14:15:00,2025-08-07 14:23:00,-1.609704483583868,0.1023068468005103,0.0003406177252727582
2025-08-07,57140,-1,5166.0,5182.0,2025-08-07 14:30:00,2025-08-07 15:24:00,,,-0.004692387466269528
2025-08-08,57140,-1,5208.0,5194.0,2025-08-08 10:01:00,2025-08-08 10:10:00,3.9596087293186915,0.0702873639365744,0.0010917916657114145
2025-08-08,57140,-1,5205.0,5195.0,2025-08-08 10:13:00,2025-08-08 10:37:00,1.792168084898799,0.16600940906817635,0.00032307751574148767
2025-08-08,57140,-1,5203.0,4934.0,2025-08-08 10:41:00,2025-08-08 15:24:00,,,0.05148536420100147
2025-08-12,57140,-1,5001.0,4976.0,2025-08-12 10:00:00,2025-08-12 10:55:00,3.88436785379328,0.1528551762832545,0.0034115369998883377
2025-08-12,57140,-1,5001.0,5043.0,2025-08-12 11:12:00,2025-08-12 15:24:00,,,-0.009963250657821589
2025-08-13,57140,-1,5109.0,5123.0,2025-08-13 10:00:00,2025-08-13 13:53:00,3.0689883164642566,0.1626888773902453,-0.004336514608404298
2025-08-13,57140,-1,5129.0,5122.0,2025-08-13 14:27:00,2025-08-13 14:34:00,1.5366916911086461,-0.023143679413101036,-0.00023427937020205542
2025-08-13,57140,1,5113.0,5107.0,2025-08-13 14:53:00,2025-08-13 15:24:00,,,-0.002774168432355361
2025-08-14,57140,1,5023.0,4927.0,2025-08-14 10:40:00,2025-08-14 15:24:00,,,-0.020897081206081677
2025-08-15,57140,-1,4930.0,5000.0,2025-08-15 10:03:00,2025-08-15 15:24:00,,,-0.015698924379501676
2025-08-18,57140,-1,5072.0,5061.0,2025-08-18 10:00:00,2025-08-18 13:10:00,3.864380789997215,0.18492437617046423,0.000571124902983902
2025-08-18,57140,-1,5068.0,5074.0,2025-08-18 13:50:00,2025-08-18 15:24:00,,,-0.0027831987181976127
2025-08-19,57140,1,5051.0,5065.0,2025-08-19 10:00:00,2025-08-19 10:08:00,-1.723890108740384,-0.11504785504889418,0.0011678942147311754
2025-08-19,57140,-1,5081.0,5070.0,2025-08-19 10:31:00,2025-08-19 10:37:00,1.514179706864565,0.2755639883002833,0.0005672750085030009
2025-08-19,57140,-1,5078.0,5068.0,2025-08-19 10:55:00,2025-08-19 11:26:00,1.6469769290546041,0.09365575137982315,0.0003712208235940545
2025-08-19,57140,-1,5080.0,5074.0,2025-08-19 12:43:00,2025-08-19 15:09:00,2.516746034684198,0.2602721141210803,-0.000418199586699632
2025-08-20,57140,-1,5113.0,5098.0,2025-08-20 10:03:00,2025-08-20 10:18:00,1.7425933878682536,-0.010017255295157502,0.0013380101439384544
2025-08-20,57140,1,5086.0,5098.0,2025-08-20 11:09:00,2025-08-20 11:12:00,-3.135231594071483,0.056026792744598666,0.0007566389539958738
2025-08-20,57140,1,5088.0,5096.0,2025-08-20 11:23:00,2025-08-20 13:02:00,-2.4581993820874266,0.08609373395804383,-2.8907767958853952e-05
2025-08-20,57140,-1,5109.0,5118.0,2025-08-20 13:56:00,2025-08-20 15:24:00,,,-0.0033600473889360567
2025-08-21,57140,-1,5199.0,5199.0,2025-08-21 10:01:00,2025-08-21 11:29:00,2.230125796397798,0.145193675060419,-0.0016
2025-08-21,57140,-1,5203.0,5197.0,2025-08-21 13:09:00,2025-08-21 13:23:00,1.5660373201529283,0.07352441106922641,-0.00044615371813838244
2025-08-21,57140,-1,5201.0,5197.0,2025-08-21 13:53:00,2025-08-21 14:00:00,1.6428269089828644,0.08140960074299314,-0.0008306212353694372
2025-08-21,57140,-1,5201.0,5205.0,2025-08-21 14:06:00,2025-08-21 15:24:00,,,-0.002368787275996738
2025-08-22,57140,1,5209.0,5223.0,2025-08-22 10:02:00,2025-08-22 10:37:00,-1.7066401594750287,-0.1527927100548827,0.001084050691107258
2025-08-22,57140,1,5212.0,5186.0,2025-08-22 10:48:00,2025-08-22 15:24:00,,,-0.006600972146125988
2025-08-25,57140,-1,5242.0,5226.0,2025-08-25 10:07:00,2025-08-25 12:32:00,2.5844141941831436,-0.1567086753618498,0.001456937802793854
2025-08-25,57140,-1,5238.0,5228.0,2025-08-25 13:09:00,2025-08-25 13:31:00,1.5188423240041138,-0.04909248609908723,0.0003109503235446695
2025-08-25,57140,1,5223.0,5227.0,2025-08-25 14:09:00,2025-08-25 14:42:00,-1.5699847702875065,-0.27783828619546264,-0.0008344497233769335
2025-08-25,57140,-1,5233.0,5228.0,2025-08-25 14:56:00,2025-08-25 15:06:00,1.549231094784924,0.022659281859393705,-0.0006440683719047585
2025-08-25,57140,1,5218.0,5228.0,2025-08-25 15:23:00,2025-08-25 15:24:00,-2.7012771143985157,0.08378003322910557,0.00031460904743886727
2025-08-26,57140,1,5163.0,5183.0,2025-08-26 10:00:00,2025-08-26 13:00:00,-2.855543385392932,-0.043720979554289975,0.0022662333100574757
2025-08-26,57140,-1,5190.0,5185.0,2025-08-26 14:24:00,2025-08-26 14:48:00,1.7158477467440798,0.2788905855764702,-0.0006361445036933725
2025-08-26,57140,1,5178.0,5172.0,2025-08-26 14:54:00,2025-08-26 15:24:00,,,-0.0027594204197348192
2025-08-27,57140,-1,5186.0,5230.0,2025-08-27 10:02:00,2025-08-27 15:24:00,,,-0.01004859096035891
2025-08-28,57140,-1,5217.0,5205.0,2025-08-28 10:03:00,2025-08-28 10:11:00,1.6013777828326716,-0.012084526811603942,0.0007028219733234526
2025-08-28,57140,1,5194.0,5205.0,2025-08-28 10:29:00,2025-08-28 10:38:00,-1.683482992745535,0.12677185163886553,0.0005155888263755966
2025-08-28,57140,1,5193.0,5203.0,2025-08-28 11:04:00,2025-08-28 12:37:00,-1.6385185434165621,-0.0036886350434430885,0.0003238174459846495
2025-08-28,57140,-1,5209.0,5204.0,2025-08-28 14:50:00,2025-08-28 15:20:00,1.5480433176426345,0.0999496198474595,-0.0006396618872043309
2025-08-28,57140,-1,5209.0,5210.0,2025-08-28 15:23:00,2025-08-28 15:24:00,,,-0.001791957002221067
2025-08-29,57140,-1,5224.0,5231.0,2025-08-29 10:00:00,2025-08-29 14:54:00,1.837888536426448,-0.13086199122843364,-0.0029390724143439897
2025-08-29,57140,-1,5239.0,5238.0,2025-08-29 15:22:00,2025-08-29 15:24:00,,,-0.001409105659437469
2025-09-01,57140,-1,5234.0,5222.0,2025-09-01 10:07:00,2025-09-01 10:17:00,1.870851761302799,0.09420245083884157,0.0006953338310169853
2025-09-01,57140,1,5211.0,5205.0,2025-09-01 10:35:00,2025-09-01 13:31:00,-1.5879096093252336,-0.11705390924567319,-0.0027520738601454213
2025-09-01,57140,1,5194.0,5207.0,2025-09-01 14:00:00,2025-09-01 14:05:00,-1.8418719496669997,0.18961607436796335,0.0008997609402053113
2025-09-01,57140,-1,5214.0,5219.0,2025-09-01 14:42:00,2025-09-01 15:24:00,,,-0.0025584971499661127
2025-09-02,57140,-1,5291.0,5282.0,2025-09-02 10:02:00,2025-09-02 11:02:00,2.678991043612423,0.18399460502600454,0.00010245004705423336
2025-09-02,57140,-1,5298.0,5288.0,2025-09-02 11:21:00,2025-09-02 13:56:00,1.5341177228868537,-0.10005320282698522,0.00028928830049275976
2025-09-02,57140,-1,5296.0,5289.0,2025-09-02 14:50:00,2025-09-02 15:17:00,1.5610031635711443,0.12401393893304376,-0.00027737344913574273
2025-09-02,57140,-1,5294.0,5302.0,2025-09-02 15:22:00,2025-09-02 15:24:00,,,-0.00311000406192434
2025-09-03,57140,-1,5358.0,5337.0,2025-09-03 10:15:00,2025-09-03 10:31:00,1.532910844610731,-0.12652957114573565,0.002327073770609215
2025-09-03,57140,-1,5356.0,5338.0,2025-09-03 10:48:00,2025-09-03 11:00:00,1.9048330374448965,-0.01714630944048678,0.0017663768465936427
2025-09-03,57140,1,5324.0,5336.0,2025-09-03 11:29:00,2025-09-03 12:30:00,-1.5975363638616267,-0.16766462187303666,0.0006514080804574279
2025-09-03,57140,1,5320.0,5337.0,2025-09-03 12:35:00,2025-09-03 12:39:00,-1.8933123275751453,-0.03982625794842985,0.0015903939982546743
2025-09-03,57140,-1,5346.0,5337.0,2025-09-03 12:45:00,2025-09-03 12:51:00,1.5280644254176814,-0.03529070410656016,8.492036491952303e-05
2025-09-03,57140,-1,5349.0,5336.0,2025-09-03 13:01:00,2025-09-03 13:04:00,1.7049316509062744,-0.23283972506806028,0.0008333189357904406
2025-09-03,57140,1,5330.0,5322.0,2025-09-03 13:15:00,2025-09-03 15:24:00,,,-0.0031020656222557085
2025-09-04,57140,-1,5470.0,5443.0,2025-09-04 10:00:00,2025-09-04 11:02:00,5.705458851078775,0.11117278445369537,0.003348236981826869
2025-09-04,57140,1,5430.0,5403.0,2025-09-04 12:37:00,2025-09-04 15:24:00,,,-0.0065847790839153285
2025-09-05,57140,1,5412.0,5424.0,2025-09-05 10:00:00,2025-09-05 10:53:00,-1.9933275150757632,-0.14512646980729302,0.0006148403295528212
2025-09-05,57140,1,5415.0,5428.0,2025-09-05 11:25:00,2025-09-05 12:57:00,-1.7159772377410705,0.23688426249221448,0.0007978615196688398
2025-09-05,57140,1,5416.0,5425.0,2025-09-05 13:24:00,2025-09-05 14:10:00,-1.6234088899412202,0.05158715362192811,6.036381654930074e-05
2025-09-05,57140,-1,5433.0,5437.0,2025-09-05 14:50:00,2025-09-05 15:24:00,,,-0.0023359705943976424
2025-09-08,57140,-1,5504.0,5488.0,2025-09-08 10:00:00,2025-09-08 11:26:00,2.230494176660915,-0.2800833276263841,0.0013112102074584414
2025-09-08,57140,-1,5499.0,5490.0,2025-09-08 12:31:00,2025-09-08 12:54:00,2.31032471932293,-0.07352685443214703,3.800200423835823e-05
2025-09-08,57140,1,5479.0,5490.0,2025-09-08 13:25:00,2025-09-08 13:54:00,-1.5047282925168002,0.10587452060024041,0.0004056529651605275
2025-09-08,57140,-1,5501.0,5532.0,2025-09-08 14:04:00,2025-09-08 15:24:00,,,-0.007219519909190724
2025-09-09,57140,1,5522.0,5428.0,2025-09-09 10:01:00,2025-09-09 15:24:00,,,-0.018769371535339963
2025-09-10,57140,1,5411.0,5413.0,2025-09-10 10:28:00,2025-09-10 11:30:00,-1.9337867238050097,-0.009587499784601947,-0.0012304508457572734
2025-09-10,57140,1,5400.0,5405.0,2025-09-10 12:47:00,2025-09-10 15:19:00,-2.2516327226294535,0.08898175836271302,-0.0006745024790570289
2025-09-10,57140,1,5391.0,5391.0,2025-09-10 15:23:00,2025-09-10 15:24:00,,,-0.0016
2025-09-11,57140,-1,5437.0,5437.0,2025-09-11 10:00:00,2025-09-11 13:22:00,3.0058203714705383,-0.10001204728311892,-0.0016
2025-09-11,57140,1,5425.0,5437.0,2025-09-11 14:15:00,2025-09-11 14:21:00,-2.457801628605228,-0.0007798903723548613,0.0006095387372603183
2025-09-11,57140,-1,5444.0,5465.0,2025-09-11 14:30:00,2025-09-11 15:24:00,,,-0.0054500368392822966
2025-09-12,57140,1,5472.0,5505.0,2025-09-12 10:03:00,2025-09-12 12:37:00,-2.176288304710182,-0.1954703509582271,0.004412589854393897
2025-09-12,57140,1,5491.0,5487.0,2025-09-12 13:28:00,2025-09-12 15:24:00,,,-0.0023287302198972673
2025-09-16,57140,1,5467.0,5479.0,2025-09-16 10:00:00,2025-09-16 10:22:00,-1.8512818720007624,0.08936419043064558,0.0005925826434164097
2025-09-16,57140,1,5470.0,5479.0,2025-09-16 11:19:00,2025-09-16 12:49:00,-2.6143024783080153,-0.20058689558322595,4.398612238872739e-05
2025-09-16,57140,-1,5503.0,5503.0,2025-09-16 13:22:00,2025-09-16 15:24:00,,,-0.0016
2025-09-17,57140,1,5443.0,5445.0,2025-09-17 10:28:00,2025-09-17 11:06:00,-1.5686352710872888,-0.2146539140579206,-0.0012326230671391297
2025-09-17,57140,1,5427.0,5381.0,2025-09-17 12:30:00,2025-09-17 15:24:00,,,-0.010112264573985142
2025-09-18,57140,-1,5392.0,5368.0,2025-09-18 10:12:00,2025-09-18 10:34:00,1.5191514909026735,-0.0947867755101804,0.002860973940625228
2025-09-18,57140,-1,5384.0,5379.0,2025-09-18 11:05:00,2025-09-18 12:59:00,1.947325451289187,0.2141107003616534,-0.0006708909486788401
2025-09-18,57140,-1,5387.0,5381.0,2025-09-18 13:38:00,2025-09-18 14:27:00,1.713439770337201,0.18107825696316476,-0.0004855868088859067
2025-09-18,57140,1,5367.0,5380.0,2025-09-18 15:05:00,2025-09-18 15:19:00,-2.605484013075975,0.16980352981287705,0.0008192809790012045
2025-09-18,57140,1,5371.0,5373.0,2025-09-18 15:23:00,2025-09-18 15:24:00,,,-0.0012276991766379103
2025-09-19,57140,1,5343.0,5248.0,2025-09-19 10:00:00,2025-09-19 15:24:00,,,-0.01954024133384643
2025-09-22,57140,-1,5312.0,5295.0,2025-09-22 10:00:00,2025-09-22 12:40:00,4.036565715571517,-0.06232455518271129,0.0016054331207629587
2025-09-22,57140,-1,5310.0,5296.0,2025-09-22 12:55:00,2025-09-22 13:15:00,1.7146977323461086,-0.02339558519953582,0.001040016619140362
2025-09-22,57140,-1,5309.0,5299.0,2025-09-22 13:35:00,2025-09-22 15:16:00,2.0544054955368973,0.035210453606611,0.0002853700909093851
2025-09-24,57140,1,5310.0,5295.0,2025-09-24 10:00:00,2025-09-24 15:10:00,-1.962275001498472,-0.09544329154796792,-0.0044288562004777135
2025-09-24,57140,1,5290.0,5287.0,2025-09-24 15:16:00,2025-09-24 15:24:00,,,-0.002167268616894901
2025-09-25,57140,1,5453.0,5557.0,2025-09-25 10:00:00,2025-09-25 15:24:00,,,0.017292478353859653
2025-09-26,57140,1,5474.0,5429.0,2025-09-26 11:07:00,2025-09-26 15:24:00,,,-0.009854655695173338
2025-09-29,57140,1,5409.0,5419.0,2025-09-29 10:03:00,2025-09-29 10:08:00,-1.5600780938375585,-0.0194952584687832,0.00024706369468717026
2025-09-29,57140,1,5410.0,5444.0,2025-09-29 10:21:00,2025-09-29 15:24:00,,,0.0046649919308295205
2025-09-30,57140,1,5402.0,5421.0,2025-09-30 10:05:00,2025-09-30 11:14:00,-3.1993721935750594,-0.02397094611100156,0.0019110449077774114
2025-09-30,57140,1,5403.0,5389.0,2025-09-30 12:30:00,2025-09-30 15:24:00,,,-0.0041945159105690735
2025-10-01,57140,1,5325.0,5312.0,2025-10-01 10:01:00,2025-10-01 15:13:00,-2.108760932143995,-0.19185514009737178,-0.004044299421356131
2025-10-01,57140,1,5304.0,5306.0,2025-10-01 15:15:00,2025-10-01 15:24:00,,,-0.001222997168013475
2025-10-02,57140,1,5372.0,5380.0,2025-10-02 10:00:00,2025-10-02 12:58:00,-2.430992483642265,-0.2725237581858754,-0.00011190448729805967
2025-10-02,57140,-1,5398.0,5390.0,2025-10-02 13:43:00,2025-10-02 15:21:00,1.5691416004492902,-0.1360661154557404,-0.0001168703250928303
2025-10-03,57140,-1,5363.0,5356.0,2025-10-03 10:00:00,2025-10-03 10:09:00,1.5286372212289585,0.2807618243202484,-0.00029390782813793533
2025-10-03,57140,-1,5364.0,5355.0,2025-10-03 10:10:00,2025-10-03 10:52:00,1.727228732037688,0.06631690620772752,7.926151972002522e-05
2025-10-03,57140,-1,5362.0,5354.0,2025-10-03 11:06:00,2025-10-03 11:13:00,1.7933320234344903,-0.2082141306312299,-0.00010690528439320562
2025-10-03,57140,-1,5363.0,5356.0,2025-10-03 11:17:00,2025-10-03 11:30:00,2.1546241303290588,0.22411463764704379,-0.00029390782813793533
2025-10-03,57140,-1,5362.0,5355.0,2025-10-03 12:30:00,2025-10-03 13:30:00,1.5070452747102645,-0.2728269946154014,-0.0002936640859445873
2025-10-03,57140,1,5352.0,5356.0,2025-10-03 14:19:00,2025-10-03 14:23:00,-1.5120710555451449,-0.18707380107483187,-0.0008528949970012136
2025-10-03,57140,-1,5361.0,5357.0,2025-10-03 14:30:00,2025-10-03 14:45:00,1.9454311368859358,0.14294140132317412,-0.00085359205342258
2025-10-03,57140,-1,5361.0,5357.0,2025-10-03 14:51:00,2025-10-03 14:55:00,1.6317978759936203,0.12306066911338501,-0.00085359205342258
2025-10-03,57140,-1,5361.0,5357.0,2025-10-03 15:02:00,2025-10-03 15:13:00,2.1982005346834974,0.08046283965968516,-0.00085359205342258
2025-10-03,57140,-1,5366.0,5366.0,2025-10-03 15:24:00,2025-10-03 15:24:00,,,-0.0016
2025-10-06,57140,1,5416.0,5444.0,2025-10-06 10:00:00,2025-10-06 12:50:00,-7.399354268420379,0.22515103273515266,0.003556549179245798
2025-10-06,57140,1,5424.0,5440.0,2025-10-06 13:00:00,2025-10-06 13:28:00,-2.4817780118560995,-0.06322836527395548,0.0013455102297567445
2025-10-06,57140,-1,5455.0,5442.0,2025-10-06 14:03:00,2025-10-06 14:38:00,1.7220320083643674,-0.11841639435595468,0.0007859789239795395
2025-10-06,57140,1,5438.0,5439.0,2025-10-06 15:18:00,2025-10-06 15:24:00,,,-0.001416125769455377
2025-10-07,57140,1,5446.0,5463.0,2025-10-07 10:07:00,2025-10-07 10:10:00,-2.05100880105248,0.10852681432464809,0.0015166951620127287
2025-10-07,57140,1,5453.0,5459.0,2025-10-07 10:31:00,2025-10-07 12:32:00,-1.9280641387307969,0.024096610725642606,-0.0005002931443039615
2025-10-07,57140,-1,5474.0,5464.0,2025-10-07 12:43:00,2025-10-07 14:23:00,1.5498363770042056,-0.04026336982309867,0.00022848834999837772
2025-10-07,57140,1,5451.0,5444.0,2025-10-07 14:33:00,2025-10-07 15:24:00,,,-0.002884993292924228
2025-10-08,57140,-1,5573.0,5563.0,2025-10-08 10:00:00,2025-10-08 12:33:00,1.8642486747341873,0.12272967358351508,0.0001959774942431418
2025-10-08,57140,-1,5578.0,5638.0,2025-10-08 12:47:00,2025-10-08 15:24:00,,,-0.012299103486623516
2025-10-09,57140,1,5615.0,5633.0,2025-10-09 10:04:00,2025-10-09 10:38:00,-1.6497681265703448,-0.2594850595441875,0.001600571722170514
2025-10-09,57140,-1,5649.0,5645.0,2025-10-09 11:30:00,2025-10-09 14:58:00,2.577298295932344,0.2468258149440779,-0.0008916592585002975
2025-10-09,57140,-1,5657.0,5657.0,2025-10-09 15:24:00,2025-10-09 15:24:00,,,-0.0016
2025-10-10,57140,1,5518.0,5445.0,2025-10-10 10:00:00,2025-10-10 15:24:00,,,-0.014917719410170534
2025-10-14,57140,-1,5675.0,5630.0,2025-10-14 10:00:00,2025-10-14 11:00:00,6.98981868443657,0.23823090173385167,0.006361121215867331
2025-10-14,57140,1,5575.0,5487.0,2025-10-14 11:27:00,2025-10-14 15:24:00,,,-0.01751065926934413
2025-10-15,57140,-1,5605.0,5656.0,2025-10-15 10:00:00,2025-10-15 15:24:00,,,-0.010657872070148327
2025-10-16,57140,1,5647.0,5599.0,2025-10-16 10:00:00,2025-10-16 15:24:00,,,-0.010136420323943414
2025-10-17,57140,-1,5680.0,5712.0,2025-10-17 10:00:00,2025-10-17 12:30:00,2.909174945607325,0.03920699601837928,-0.007217992304223274
2025-10-17,57140,1,5689.0,5705.0,2025-10-17 12:38:00,2025-10-17 13:26:00,-1.5856995992863199,-0.18934960560443787,0.0012084975455286205
2025-10-17,57140,1,5694.0,5704.0,2025-10-17 13:45:00,2025-10-17 14:11:00,-1.5667997817095736,-0.25023692812376613,0.0001546942561489776
2025-10-17,57140,1,5690.0,5703.0,2025-10-17 14:12:00,2025-10-17 15:17:00,-2.792706039680168,0.055499042786280726,0.0006821040361622425
2025-10-20,57140,1,5665.0,5675.0,2025-10-20 10:01:00,2025-10-20 10:05:00,-1.5387464325926148,-0.2703639339650229,0.00016366888749671377
2025-10-20,57140,1,5658.0,5676.0,2025-10-20 10:21:00,2025-10-20 11:12:00,-1.6261502221965252,0.23122815333525182,0.0015762864184207367
2025-10-20,57140,1,5663.0,5662.0,2025-10-20 11:30:00,2025-10-20 15:24:00,-1.6260553782366078,-0.10595579862215954,-0.0017766004419600752
2025-10-21,57140,1,5659.0,5675.0,2025-10-21 10:00:00,2025-10-21 10:45:00,-2.3399931824429183,0.15837997445063165,0.001223365207079688
2025-10-21,57140,-1,5685.0,5583.0,2025-10-21 11:14:00,2025-10-21 15:24:00,,,0.01650486087427602
2025-10-22,57140,-1,5528.0,5516.0,2025-10-22 10:23:00,2025-10-22 10:33:00,2.0301728031555886,-0.15348709478335545,0.0005731265343133496
2025-10-22,57140,1,5506.0,5517.0,2025-10-22 10:37:00,2025-10-22 11:03:00,-1.5264137391312,0.24910421840335495,0.00039582756987819787
2025-10-22,57140,-1,5531.0,5581.0,2025-10-22 11:16:00,2025-10-22 15:24:00,,,-0.010599340793755496
2025-10-23,57140,-1,5615.0,5658.0,2025-10-23 10:00:00,2025-10-23 15:24:00,,,-0.00922888468896901
2025-10-24,57140,-1,5707.0,5741.0,2025-10-24 10:15:00,2025-10-24 15:24:00,,,-0.007539919630928649
2025-10-27,57140,-1,5770.0,5771.0,2025-10-27 10:23:00,2025-10-27 12:55:00,1.664666833699547,0.23058456579173778,-0.001773295208821087
2025-10-27,57140,-1,5779.0,5834.0,2025-10-27 13:33:00,2025-10-27 15:24:00,,,-0.011072214109888753
2025-10-28,57140,1,5604.0,5488.0,2025-10-28 10:00:00,2025-10-28 15:24:00,,,-0.022516738051176478
2025-10-29,57140,1,5511.0,5520.0,2025-10-29 10:08:00,2025-10-29 10:16:00,-1.7519306419692584,0.05607245844023965,3.176538790563427e-05
2025-10-29,57140,-1,5535.0,5522.0,2025-10-29 10:24:00,2025-10-29 10:29:00,2.1737441593595976,0.29758618601064746,0.0007514526526375108
2025-10-29,57140,-1,5531.0,5564.0,2025-10-29 10:30:00,2025-10-29 15:24:00,,,-0.007548643048655577
2025-10-30,57140,-1,5590.0,5576.0,2025-10-30 10:00:00,2025-10-30 10:22:00,1.7841587730646273,-0.21335909232575814,0.0009076137087849808
2025-10-30,57140,1,5562.0,5575.0,2025-10-30 10:27:00,2025-10-30 10:34:00,-1.956091326802135,-0.20996650731360963,0.0007345615344092947
2025-10-30,57140,-1,5593.0,5592.0,2025-10-30 10:45:00,2025-10-30 13:15:00,1.6068778416483682,0.16355648408419152,-0.0014211890920582536
2025-10-30,57140,-1,5616.0,5595.0,2025-10-30 13:21:00,2025-10-30 13:29:00,1.5535730116408986,0.2721945211990498,0.0021463249596214273
2025-10-30,57140,-1,5630.0,5652.0,2025-10-30 13:35:00,2025-10-30 15:24:00,,,-0.005500022670682048
2025-10-31,57140,1,5626.0,5591.0,2025-10-31 10:00:00,2025-10-31 15:20:00,-2.5019380681375223,-0.2565784422669737,-0.007840548023156885
2025-11-04,57140,-1,5660.0,5619.0,2025-11-04 10:00:00,2025-11-04 13:17:00,5.44658862736378,0.1121114582069983,0.005670180085030398
2025-11-04,57140,1,5604.0,5608.0,2025-11-04 13:35:00,2025-11-04 15:24:00,,,-0.0008864787424716717
2025-11-05,57140,1,5464.0,5438.0,2025-11-05 10:00:00,2025-11-05 12:42:00,-5.56447787925521,-0.2657665516941852,-0.00636977605820992
2025-11-05,57140,1,5425.0,5445.0,2025-11-05 13:07:00,2025-11-05 13:39:00,-2.231554895316423,-0.10693485854406293,0.002079856958400618
2025-11-05,57140,-1,5454.0,5447.0,2025-11-05 14:08:00,2025-11-05 14:51:00,2.0271107032257456,0.02715963428219379,-0.00031571397814058634
2025-11-05,57140,-1,5459.0,5482.0,2025-11-05 14:57:00,2025-11-05 15:24:00,,,-0.005804375080973536
2025-11-06,57140,1,5499.0,5512.0,2025-11-06 10:06:00,2025-11-06 10:17:00,-3.0129300064063056,0.21043365660353475,0.0007612761856796854
2025-11-06,57140,1,5504.0,5508.0,2025-11-06 10:20:00,2025-11-06 10:29:00,-1.5101227179871948,-0.26645689101849723,-0.0008735197646340681
2025-11-06,57140,1,5500.0,5500.0,2025-11-06 10:39:00,2025-11-06 12:37:00,-1.736458907495607,-0.16224290950524553,-0.0016
2025-11-06,57140,1,5491.0,5500.0,2025-11-06 13:02:00,2025-11-06 14:01:00,-1.5401972734441627,0.15057691646706997,3.770394168963278e-05
2025-11-06,57140,1,5485.0,5455.0,2025-11-06 14:25:00,2025-11-06 15:24:00,,,-0.007084474442159452
2025-11-07,57140,1,5435.0,5429.0,2025-11-07 10:00:00,2025-11-07 14:41:00,-2.697163266840415,0.11588367500566013,-0.00270456564985877
2025-11-07,57140,-1,5438.0,5468.0,2025-11-07 14:59:00,2025-11-07 15:24:00,,,-0.007101572651424256
2025-11-10,57140,-1,5587.0,5689.0,2025-11-10 10:00:00,2025-11-10 15:24:00,,,-0.01969201529149862
2025-11-11,57140,1,5651.0,5626.0,2025-11-11 10:00:00,2025-11-11 15:24:00,,,-0.0060338105800411285
2025-11-12,57140,-1,5775.0,5726.0,2025-11-12 10:00:00,2025-11-12 12:31:00,5.392695968962251,-0.05323254173070951,0.006921049731933985
2025-11-12,57140,-1,5757.0,5800.0,2025-11-12 12:59:00,2025-11-12 15:02:00,1.7653789792491215,0.250305938466619,-0.009041411858701116
2025-11-12,57140,-1,5910.0,5948.0,2025-11-12 15:05:00,2025-11-12 15:24:00,,,-0.008009197179901733
2025-11-13,57140,-1,6037.0,6115.0,2025-11-13 10:00:00,2025-11-13 15:24:00,,,-0.014437569324846463
2025-11-14,57140,-1,5956.0,5952.0,2025-11-14 10:00:00,2025-11-14 11:21:00,2.0115232212891048,0.2608550197226268,-0.000928182709028182
2025-11-14,57140,-1,5968.0,6055.0,2025-11-14 11:27:00,2025-11-14 15:24:00,,,-0.016072514103595843
2025-11-17,57140,1,6010.0,6003.0,2025-11-17 10:00:00,2025-11-17 15:24:00,,,-0.0027654042774101838
2025-11-18,57140,1,5874.0,5782.0,2025-11-18 10:00:00,2025-11-18 15:24:00,,,-0.01738618918227396
2025-11-19,57140,-1,5818.0,5797.0,2025-11-19 10:00:00,2025-11-19 12:41:00,2.006452989891884,0.038174372493612385,0.0020160177154140467
2025-11-19,57140,-1,5807.0,5795.0,2025-11-19 13:16:00,2025-11-19 13:19:00,1.5164456374735868,-0.1370480757627805,0.00046860959819779234
2025-11-19,57140,-1,5806.0,5797.0,2025-11-19 13:27:00,2025-11-19 13:35:00,1.6408385902453133,0.15243538001286416,-4.867675515763032e-05
2025-11-19,57140,-1,5806.0,5797.0,2025-11-19 13:53:00,2025-11-19 13:56:00,1.587278737851783,0.14114882710014098,-4.867675515763032e-05
2025-11-19,57140,-1,5806.0,5797.0,2025-11-19 14:02:00,2025-11-19 14:30:00,1.6181123227829135,-0.09652993530075991,-4.867675515763032e-05
2025-11-19,57140,-1,5805.0,5796.0,2025-11-19 14:31:00,2025-11-19 14:48:00,1.9109016899250162,-0.23084500695236776,-4.840930858116704e-05
2025-11-19,57140,-1,5813.0,5840.0,2025-11-19 14:52:00,2025-11-19 15:24:00,,,-0.006234008120922204
2025-11-20,57140,-1,5945.0,6002.0,2025-11-20 10:00:00,2025-11-20 15:20:00,2.8312480115921512,0.14791081811186987,-0.011142216875430318
2025-11-21,57140,-1,5869.0,5851.0,2025-11-21 10:12:00,2025-11-21 10:47:00,1.62335928672524,-0.2194389236429618,0.0014716747700984527
2025-11-21,57140,1,5828.0,5840.0,2025-11-21 11:02:00,2025-11-21 12:33:00,-1.88314012489135,0.07178254351536867,0.00045690850717739644
2025-11-21,57140,1,5819.0,5834.0,2025-11-21 12:41:00,2025-11-21 13:28:00,-1.64428288379491,-0.22576583757907337,0.000974445770996807
2025-11-21,57140,1,5825.0,5835.0,2025-11-21 13:50:00,2025-11-21 13:55:00,-1.869116278173179,-0.21215638582813343,0.0001152662867549459
2025-11-21,57140,-1,5846.0,5884.0,2025-11-21 14:03:00,2025-11-21 15:24:00,,,-0.008079136050136881
2025-11-25,57140,1,5910.0,5915.0,2025-11-25 10:00:00,2025-11-25 11:01:00,-1.7541291492123747,-0.2040734174114283,-0.0007543339876566354
2025-11-25,57140,-1,5936.0,5913.0,2025-11-25 11:16:00,2025-11-25 13:03:00,1.7036081191631283,-0.25075421010431215,0.002282189026386487
2025-11-25,57140,-1,5936.0,5918.0,2025-11-25 13:31:00,2025-11-25 14:45:00,1.7322056397565642,-0.17234643596481802,0.0014369518870613726
2025-11-25,57140,1,5911.0,5901.0,2025-11-25 15:20:00,2025-11-25 15:24:00,,,-0.003293193767200702
2025-11-26,57140,-1,6012.0,5994.0,2025-11-26 10:02:00,2025-11-26 11:01:00,1.994795562750104,0.15737820019498835,0.0013985029962565573
2025-11-26,57140,1,5980.0,5991.0,2025-11-26 11:10:00,2025-11-26 12:35:00,-1.7066792921157397,0.03579353168754549,0.00023777513924751886
2025-11-26,57140,1,5976.0,5988.0,2025-11-26 12:39:00,2025-11-26 12:46:00,-1.5783876996364579,-0.24924878345397133,0.0004060187268657659
2025-11-26,57140,1,5976.0,5989.0,2025-11-26 12:52:00,2025-11-26 12:55:00,-1.6407948237776395,0.0008378313509171051,0.000573005451809195
2025-11-26,57140,1,5981.0,5989.0,2025-11-26 13:00:00,2025-11-26 13:04:00,-1.597152438168655,0.021733696448067944,-0.0002633247800946771
2025-11-26,57140,1,5981.0,5988.0,2025-11-26 13:11:00,2025-11-26 13:13:00,-1.5491396895718366,-0.1613493972639129,-0.00043031150503798567
2025-11-26,57140,-1,5996.0,5989.0,2025-11-26 13:27:00,2025-11-26 13:31:00,1.9990202261877472,0.044362410544383446,-0.00043187304197405806
2025-11-26,57140,-1,5995.0,5989.0,2025-11-26 13:45:00,2025-11-26 13:51:00,1.5904630798412205,-0.009596515083878184,-0.0005986648028478141
2025-11-26,57140,1,5978.0,5990.0,2025-11-26 13:58:00,2025-11-26 14:03:00,-2.692258949931585,0.2807982581227199,0.00040534826561186674
2025-11-26,57140,1,5981.0,5987.0,2025-11-26 14:15:00,2025-11-26 15:03:00,-1.9050024073307483,-0.16570719612381424,-0.0005973261192050183
2025-11-26,57140,-1,5995.0,5988.0,2025-11-26 15:04:00,2025-11-26 15:13:00,1.6404061822037705,0.15012061662680642,-0.00043167807790439193
2025-11-26,57140,1,5980.0,5955.0,2025-11-26 15:15:00,2025-11-26 15:24:00,,,-0.005789365155276994
2025-11-27,57140,1,6016.0,6053.0,2025-11-27 10:00:00,2025-11-27 10:27:00,-4.412995023757111,0.10865758660877457,0.0045314302620115075
2025-11-27,57140,-1,6071.0,6057.0,2025-11-27 10:40:00,2025-11-27 12:36:00,1.6557487569448166,0.02077001728829314,0.0007087081494868434
2025-11-27,57140,1,6045.0,6047.0,2025-11-27 13:06:00,2025-11-27 15:24:00,,,-0.0012692027756800602
2025-11-28,57140,-1,6091.0,6080.0,2025-11-28 10:01:00,2025-11-28 10:08:00,2.1205207042835483,0.15439634035082955,0.00020757587627194475
2025-11-28,57140,1,6069.0,6076.0,2025-11-28 10:39:00,2025-11-28 11:22:00,-1.741796021930431,-0.16360086510283295,-0.0004472621201917384
2025-11-28,57140,-1,6091.0,6080.0,2025-11-28 12:31:00,2025-11-28 12:49:00,1.743223317083481,0.21328713380566336,0.00020757587627194475
2025-11-28,57140,-1,6094.0,6080.0,2025-11-28 12:56:00,2025-11-28 14:03:00,2.503228755298466,0.22544896299008604,0.0006999845854416644
2025-11-28,57140,-1,6085.0,6079.0,2025-11-28 14:05:00,2025-11-28 14:19:00,2.3041058353577726,-0.20048800029422195,-0.0006134823270949883
2025-11-28,57140,-1,6087.0,6080.0,2025-11-28 14:25:00,2025-11-28 14:39:00,2.4615855191322282,-0.0034770440901877504,-0.00044934646628830765
2025-11-28,57140,-1,6085.0,6081.0,2025-11-28 15:04:00,2025-11-28 15:06:00,1.570815239486282,0.292823922597162,-0.0009424296984822095
2025-11-28,57140,1,6073.0,6071.0,2025-11-28 15:17:00,2025-11-28 15:24:00,,,-0.0019293807671413423
2025-12-01,57140,1,6004.0,5990.0,2025-12-01 10:00:00,2025-12-01 15:24:00,,,-0.0039345016438575645
2025-12-02,57140,1,6034.0,6057.0,2025-12-02 10:00:00,2025-12-02 10:11:00,-2.064565067930711,0.01787740754166038,0.0022044872619407328
2025-12-02,57140,1,6045.0,5989.0,2025-12-02 10:36:00,2025-12-02 15:24:00,,,-0.010907030784430668
2025-12-03,57140,1,5972.0,5978.0,2025-12-03 10:18:00,2025-12-03 11:14:00,-1.7687647294351396,0.09555004872214289,-0.0005958158151977361
2025-12-03,57140,-1,6000.0,6042.0,2025-12-03 11:27:00,2025-12-03 15:24:00,,,-0.008575613736425139
2025-12-04,57140,-1,6064.0,6083.0,2025-12-04 10:00:00,2025-12-04 14:32:00,3.470681491189666,0.18085907228254047,-0.004728346998497864
2025-12-04,57140,-1,6088.0,6083.0,2025-12-04 15:05:00,2025-12-04 15:19:00,2.1554980525709975,0.08414764672317024,-0.000778374779183579
2025-12-05,57140,-1,6077.0,6124.0,2025-12-05 11:06:00,2025-12-05 15:24:00,,,-0.009304324642219119
2025-12-08,57140,1,6123.0,6130.0,2025-12-08 10:00:00,2025-12-08 15:24:00,,,-0.00045742254769733353
2025-12-09,57140,1,6118.0,6110.0,2025-12-09 10:00:00,2025-12-09 12:49:00,-1.9466224268148147,-0.2325256020467251,-0.002908472545207802
2025-12-09,57140,1,6099.0,6102.0,2025-12-09 13:04:00,2025-12-09 15:24:00,,,-0.0011082370198413317
2025-12-10,57140,-1,6519.0,6492.0,2025-12-10 10:00:00,2025-12-10 10:48:00,2.500706575414456,0.16468878148549018,0.0025503402900574615
2025-12-10,57140,-1,6514.0,6501.0,2025-12-10 11:01:00,2025-12-10 12:44:00,1.7274900573521113,0.27219459022641224,0.0003976956317100608
2025-12-10,57140,-1,6526.0,6500.0,2025-12-10 12:48:00,2025-12-10 12:51:00,2.100743414239576,0.1380751116338273,0.00239202126953745
2025-12-10,57140,-1,6525.0,6505.0,2025-12-10 13:02:00,2025-12-10 15:03:00,2.7021518515724923,-0.07503415043624055,0.001469841244288491
2025-12-10,57140,1,6490.0,6506.0,2025-12-10 15:05:00,2025-12-10 15:08:00,-2.3307601415292276,0.11470425328505618,0.0008622973351611882
2025-12-10,57140,-1,6517.0,6506.0,2025-12-10 15:15:00,2025-12-10 15:18:00,1.7163992807459625,0.11253365175064066,8.931929908357955e-05
2025-12-11,57140,1,6517.0,6537.0,2025-12-11 10:00:00,2025-12-11 10:26:00,-1.7233875025743657,0.2255048997221071,0.0014641972803492362
2025-12-11,57140,1,6518.0,6488.0,2025-12-11 10:39:00,2025-12-11 15:02:00,-1.9949039588667288,0.2368892367468972,-0.006213263602258018
2025-12-11,57140,1,6476.0,6483.0,2025-12-11 15:19:00,2025-12-11 15:24:00,,,-0.0005196696225301502
2025-12-12,57140,-1,6693.0,6732.0,2025-12-12 10:00:00,2025-12-12 15:24:00,,,-0.0074100722100543725
2025-12-15,57140,1,6645.0,6653.0,2025-12-15 10:30:00,2025-12-15 14:51:00,-2.531197255688212,0.15168050922602527,-0.00039681140545811755
2025-12-15,57140,-1,6659.0,6662.0,2025-12-15 15:20:00,2025-12-15 15:24:00,,,-0.002050416643002507
2025-12-16,57140,1,6536.0,6542.0,2025-12-16 10:00:00,2025-12-16 15:08:00,-4.887894549719268,-0.17563253269550733,-0.0006824284415096023
2025-12-17,57140,-1,6872.0,7017.0,2025-12-17 10:00:00,2025-12-17 15:24:00,,,-0.02248059158819735
2025-12-18,57140,-1,6977.0,6943.0,2025-12-18 10:00:00,2025-12-18 10:09:00,1.5606570888535989,0.1877094346749117,0.003285067185963193
2025-12-18,57140,1,6918.0,6937.0,2025-12-18 10:33:00,2025-12-18 10:39:00,-1.6947667079413906,-0.057049202703450846,0.0011426938881872073
2025-12-18,57140,-1,6952.0,6940.0,2025-12-18 10:41:00,2025-12-18 10:43:00,1.6072671886859753,0.25735996414339485,0.0001276134443778101
2025-12-18,57140,1,6918.0,6940.0,2025-12-18 10:50:00,2025-12-18 10:55:00,-2.0881891905088232,0.2721835054053538,0.0015750640037362053
2025-12-18,57140,-1,6953.0,6937.0,2025-12-18 11:20:00,2025-12-18 12:31:00,1.7221836062172036,-0.10176450259847075,0.0007038167137165218
2025-12-18,57140,1,6923.0,6933.0,2025-12-18 12:36:00,2025-12-18 12:51:00,-1.6247727807422228,-0.2628713216353738,-0.0001565817355348954
2025-12-18,57140,1,6920.0,6935.0,2025-12-18 13:14:00,2025-12-18 14:32:00,-1.545237039135159,-0.051938040341132946,0.0005652841372167613
2025-12-18,57140,1,6926.0,6905.0,2025-12-18 14:36:00,2025-12-18 15:24:00,,,-0.004636659118974811
2025-12-19,57140,1,6791.0,6827.0,2025-12-19 10:00:00,2025-12-19 10:20:00,-5.2637023031279755,0.10695101817135666,0.003687132304488836
2025-12-19,57140,1,6805.0,6826.0,2025-12-19 10:25:00,2025-12-19 10:51:00,-1.68628590792272,0.28425978721631695,0.001481214381085857
2025-12-19,57140,1,6810.0,6925.0,2025-12-19 10:56:00,2025-12-19 15:24:00,,,0.015145931911981218
2025-12-22,57140,-1,6952.0,7031.0,2025-12-22 10:08:00,2025-12-22 15:24:00,,,-0.012899555253933466
2025-12-23,57140,-1,7053.0,7043.0,2025-12-23 10:10:00,2025-12-23 10:54:00,1.721565553677977,0.12524749057019932,-0.00018115753723111825
2025-12-23,57140,-1,7066.0,7063.0,2025-12-23 11:02:00,2025-12-23 13:39:00,1.9914583589449855,0.214068301744026,-0.001175341489831776
2025-12-23,57140,1,7044.0,7060.0,2025-12-23 14:03:00,2025-12-23 14:18:00,-1.6043533929768314,-0.17892041247237678,0.000668860871191004
2025-12-23,57140,1,7051.0,7060.0,2025-12-23 14:19:00,2025-12-23 14:27:00,-1.8792329820520721,-0.12540784004988115,-0.0003243992317528111
2025-12-23,57140,-1,7073.0,7094.0,2025-12-23 14:35:00,2025-12-23 15:24:00,,,-0.004564638297577205
2025-12-24,57140,-1,7336.0,7314.0,2025-12-24 10:00:00,2025-12-24 13:07:00,1.880794971628777,0.28883414153747916,0.001403415226974213
2025-12-24,57140,-1,7324.0,7306.0,2025-12-24 13:34:00,2025-12-24 13:51:00,2.015750131324612,-0.07059749544596783,0.0008606984391734704
2025-12-24,57140,1,7282.0,7304.0,2025-12-24 14:01:00,2025-12-24 14:07:00,-1.6047018923753933,-0.12530356258699202,0.0014165935394257272
2025-12-24,57140,-1,7333.0,7354.0,2025-12-24 14:33:00,2025-12-24 15:24:00,,,-0.004459673767417861
2025-12-25,57140,1,7390.0,7396.0,2025-12-25 10:00:00,2025-12-25 15:24:00,,,-0.0007884214352319825
2025-12-26,57140,-1,7454.0,7436.0,2025-12-26 10:07:00,2025-12-26 10:40:00,2.0257140728373115,-0.24333450599297146,0.0008177311978690789
2025-12-26,57140,1,7417.0,7425.0,2025-12-26 10:49:00,2025-12-26 12:38:00,-1.5265510399637499,-0.2950563594204373,-0.0005219780656576863
2025-12-26,57140,-1,7448.0,7432.0,2025-12-26 12:41:00,2025-12-26 12:45:00,1.5456192803891289,0.23977557110164927,0.0005505384632285843
2025-12-26,57140,1,7405.0,7390.0,2025-12-26 13:00:00,2025-12-26 15:24:00,,,-0.0036277127596517156
2025-12-29,57140,1,7587.0,7631.0,2025-12-29 10:00:00,2025-12-29 13:14:00,-4.74823443226414,-0.1622515887825605,0.004182641951558351
2025-12-29,57140,1,7624.0,7578.0,2025-12-29 14:00:00,2025-12-29 15:24:00,,,-0.007651853755491968
2025-12-30,57140,-1,7411.0,7448.0,2025-12-30 10:00:00,2025-12-30 15:24:00,,,-0.006580157005544232
2026-01-05,57140,-1,7566.0,7536.0,2026-01-05 10:00:00,2026-01-05 10:11:00,2.033255943228742,-0.001927142200607113,0.0023729889367755585
2026-01-05,57140,1,7513.0,7523.0,2026-01-05 10:15:00,2026-01-05 11:30:00,-1.8200059879565293,-0.2213057853720881,-0.00026985880893909777
2026-01-05,57140,1,7490.0,7516.0,2026-01-05 12:30:00,2026-01-05 14:58:00,-2.3764169312676575,-0.15724459978607078,0.001865284022090813
2026-01-05,57140,-1,7523.0,7517.0,2026-01-05 15:11:00,2026-01-05 15:13:00,1.5584849252343933,0.05161285312824445,-0.0008021276172473489
2026-01-05,57140,1,7510.0,7501.0,2026-01-05 15:22:00,2026-01-05 15:24:00,,,-0.0027991207885441696
2026-01-06,57140,1,7814.0,7838.0,2026-01-06 10:37:00,2026-01-06 10:41:00,-1.6460190273723498,0.11385544049022842,0.0014667031445608247
2026-01-06,57140,-1,7857.0,7985.0,2026-01-06 10:59:00,2026-01-06 15:24:00,,,-0.017759927473291286
2026-01-07,57140,-1,8106.0,8078.0,2026-01-07 10:03:00,2026-01-07 10:29:00,1.8945959468250693,-0.11673571166378514,0.001860211064895731
2026-01-07,57140,1,8046.0,8071.0,2026-01-07 10:34:00,2026-01-07 11:25:00,-1.7036430392762125,0.1001300850559045,0.0015023168146387547
2026-01-07,57140,-1,8094.0,8073.0,2026-01-07 12:47:00,2026-01-07 14:01:00,1.6270328342513323,-0.22430974602296908,0.0009978860407954362
2026-01-07,57140,-1,8111.0,8083.0,2026-01-07 14:10:00,2026-01-07 14:47:00,1.745181157380066,0.15097728086693754,0.0018580743365003165
2026-01-07,57140,1,8055.0,8065.0,2026-01-07 15:12:00,2026-01-07 15:24:00,,,-0.000359305051765408
2026-01-08,57140,-1,8221.0,8150.0,2026-01-08 10:00:00,2026-01-08 10:30:00,4.656091465115609,0.23360538953509166,0.007073928917225047
2026-01-08,57140,-1,8172.0,7995.0,2026-01-08 11:02:00,2026-01-08 15:24:00,,,0.02029733066945807
2026-01-09,57140,-1,8027.0,7991.0,2026-01-09 10:00:00,2026-01-09 10:32:00,2.5449906011236276,0.22958296779380974,0.0028949507571140185
2026-01-09,57140,-1,8010.0,7992.0,2026-01-09 10:51:00,2026-01-09 12:32:00,1.6417221521747198,-0.19863796523852806,0.0006497197340154415
2026-01-09,57140,1,7982.0,7990.0,2026-01-09 12:59:00,2026-01-09 13:52:00,-1.636069075356262,-0.27803180597562244,-0.0005982468483587793
2026-01-09,57140,-1,8000.0,8039.0,2026-01-09 14:24:00,2026-01-09 15:24:00,,,-0.006463155665987812
2026-01-13,57140,-1,8587.0,8584.0,2026-01-13 10:04:00,2026-01-13 12:34:00,1.5113945877866077,-0.24892588202400107,-0.0012505736380496956
2026-01-13,57140,-1,8600.0,8678.0,2026-01-13 12:36:00,2026-01-13 15:24:00,,,-0.010628884116696945
2026-01-14,57140,1,8576.0,8591.0,2026-01-14 10:21:00,2026-01-14 10:32:00,-1.5364949937368864,-0.2095584432431845,0.00014753932747328712
2026-01-14,57140,-1,8620.0,8809.0,2026-01-14 10:50:00,2026-01-14 15:24:00,,,-0.023288841452056893
2026-01-15,57140,1,8830.0,8817.0,2026-01-15 10:10:00,2026-01-15 11:06:00,-1.5107679043990923,-0.09001688869429751,-0.0030733385109786462
2026-01-15,57140,1,8773.0,8747.0,2026-01-15 12:30:00,2026-01-15 15:24:00,,,-0.004568038708528972
2026-01-16,57140,1,8592.0,8623.0,2026-01-16 10:21:00,2026-01-16 10:30:00,-1.5363510881978586,0.010185957833893979,0.00200151420367859
2026-01-16,57140,-1,8656.0,8624.0,2026-01-16 10:41:00,2026-01-16 10:57:00,1.7394832165032608,-0.018942195082928576,0.0021037079374844146
2026-01-16,57140,1,8601.0,8619.0,2026-01-16 11:02:00,2026-01-16 11:06:00,-1.6120671289546045,-0.29146447037276785,0.0004905930959197378
2026-01-16,57140,-1,8651.0,8620.0,2026-01-16 11:15:00,2026-01-16 11:19:00,1.8742148596710075,-0.29742700187517085,0.0019898365226355694
2026-01-16,57140,1,8564.0,8611.0,2026-01-16 12:30:00,2026-01-16 13:39:00,-3.114795850632459,0.003929245207563343,0.0038730849865918297
2026-01-16,57140,-1,8624.0,8646.0,2026-01-16 14:21:00,2026-01-16 15:24:00,,,-0.004147772078798783
2026-01-19,57140,1,8770.0,8783.0,2026-01-19 10:24:00,2026-01-19 10:39:00,-1.7702593983540043,0.08467635764862166,-0.00011877144911143027
2026-01-19,57140,-1,8798.0,8981.0,2026-01-19 10:43:00,2026-01-19 15:24:00,,,-0.02218681176228474
2026-01-20,57140,1,8888.0,8936.0,2026-01-20 10:00:00,2026-01-20 10:15:00,-2.9338282713063486,0.2505766156993655,0.0037860094295706784
2026-01-20,57140,1,8913.0,8890.0,2026-01-20 10:39:00,2026-01-20 14:05:00,-1.6963783459737256,-0.16501943852268025,-0.004183835622767099
2026-01-20,57140,-1,8911.0,8925.0,2026-01-20 14:33:00,2026-01-20 15:24:00,,,-0.0031698590351200524
2026-01-21,57140,-1,9071.0,9025.0,2026-01-21 10:00:00,2026-01-21 12:50:00,6.829021773756059,0.24363268745682237,0.003484007413862452
2026-01-21,57140,-1,9043.0,9019.0,2026-01-21 13:15:00,2026-01-21 13:57:00,1.7558991113927895,0.29298365105318724,0.0010575145747719861
2026-01-21,57140,-1,9033.0,9076.0,2026-01-21 14:01:00,2026-01-21 15:24:00,,,-0.00634902874988884
2026-01-22,57140,1,8929.0,8952.0,2026-01-22 10:00:00,2026-01-22 11:23:00,-1.9930156683979974,-0.11649584016343101,0.0009725644745447986
2026-01-22,57140,-1,8999.0,8965.0,2026-01-22 12:30:00,2026-01-22 12:38:00,1.8715852173588512,0.2754171107974172,0.002185352994715302
2026-01-22,57140,-1,8988.0,8966.0,2026-01-22 12:47:00,2026-01-22 13:41:00,1.5884539581878951,0.22264883028925836,0.0008507085898349762
2026-01-22,57140,1,8953.0,8963.0,2026-01-22 14:22:00,2026-01-22 14:41:00,-1.769582357680161,0.05723320725818892,-0.0004836792767942174
2026-01-22,57140,1,8953.0,8942.0,2026-01-22 14:43:00,2026-01-22 15:24:00,,,-0.002829393840230085
2026-01-23,57140,-1,9164.0,9139.0,2026-01-23 10:01:00,2026-01-23 10:09:00,1.8521277738129145,0.20066118733148908,0.0011317943011844719
2026-01-23,57140,1,9108.0,9132.0,2026-01-23 10:21:00,2026-01-23 10:33:00,-1.8990881111000228,-0.20807448796762493,0.0010315804660558211
2026-01-23,57140,1,9106.0,9136.0,2026-01-23 10:36:00,2026-01-23 12:33:00,-2.304015264843083,0.14752305880031263,0.001689116001064044
2026-01-23,57140,1,9112.0,9127.0,2026-01-23 13:19:00,2026-01-23 14:17:00,-2.779866208284756,-0.11920491277959337,4.4827389859170876e-05
2026-01-23,57140,-1,9158.0,9161.0,2026-01-23 14:31:00,2026-01-23 15:24:00,,,-0.001927528798167911
2026-01-26,57140,-1,9261.0,9255.0,2026-01-26 10:10:00,2026-01-26 12:47:00,1.9060047401106397,0.2786205082816762,-0.0009519118373289428
2026-01-26,57140,1,9226.0,9248.0,2026-01-26 13:16:00,2026-01-26 13:27:00,-1.9149643305384807,0.0626550986953828,0.0007817267943928078
2026-01-26,57140,-1,9270.0,9251.0,2026-01-26 13:31:00,2026-01-26 13:51:00,1.7020526635094189,0.21606538212382495,0.00045172578858219633
2026-01-26,57140,1,9231.0,9245.0,2026-01-26 14:02:00,2026-01-26 14:22:00,-1.6912244069840938,-0.2869427016773925,-8.452016892636599e-05
2026-01-26,57140,1,9235.0,9246.0,2026-01-26 14:23:00,2026-01-26 14:27:00,-1.7106882693646268,-0.14694906732295868,-0.0004095880851696684
2026-01-26,57140,-1,9266.0,9243.0,2026-01-26 14:28:00,2026-01-26 14:46:00,2.055615495941356,-0.2942231340981846,0.0008852787118161026
2026-01-26,57140,1,9219.0,9205.0,2026-01-26 15:05:00,2026-01-26 15:24:00,,,-0.003119757131416077
2026-01-27,57140,-1,9242.0,9269.0,2026-01-27 10:00:00,2026-01-27 15:24:00,,,-0.004517186445621003
2026-01-28,57140,-1,9252.0,9209.0,2026-01-28 10:03:00,2026-01-28 10:08:00,1.6834762289379943,0.008749197526751035,0.003058477629962762
2026-01-28,57140,-1,9250.0,9214.0,2026-01-28 10:29:00,2026-01-28 10:41:00,1.7921980429737523,0.2722386072914259,0.00229948501060857
2026-01-28,57140,-1,9232.0,9245.0,2026-01-28 11:08:00,2026-01-28 15:12:00,1.8972939422360693,0.11147404428297968,-0.0030071550733443827
2026-01-29,57140,-1,9335.0,9266.0,2026-01-29 10:00:00,2026-01-29 10:25:00,2.753312478881708,-0.16347584311501517,0.005818989999229319
2026-01-29,57140,1,9220.0,9267.0,2026-01-29 10:50:00,2026-01-29 11:01:00,-1.6668496444829963,0.08757443809539593,0.003484665036051884
2026-01-29,57140,1,9228.0,9536.0,2026-01-29 11:17:00,2026-01-29 15:24:00,,,0.031231770011486772
2026-01-30,57140,-1,9549.0,9269.0,2026-01-30 10:00:00,2026-01-30 14:29:00,4.393154032674307,0.15558960398124125,0.02816093807436982
2026-01-30,57140,1,9243.0,9200.0,2026-01-30 14:48:00,2026-01-30 15:24:00,,,-0.006263024227645952
2026-02-02,57140,-1,8929.0,8628.0,2026-02-02 10:00:00,2026-02-02 15:24:00,,,0.03269167800816946
2026-02-03,57140,1,8996.0,9047.0,2026-02-03 10:06:00,2026-02-03 10:09:00,-1.6560556983322163,0.20841358120881662,0.00405317694653531
2026-02-03,57140,-1,9080.0,9054.0,2026-02-03 10:12:00,2026-02-03 10:51:00,1.754187239933689,0.18398681554488863,0.0012675435994351128
2026-02-03,57140,-1,9090.0,9052.0,2026-02-03 10:55:00,2026-02-03 11:07:00,2.2127131661441495,0.01745548747688992,0.0025891804180964784
2026-02-03,57140,-1,9075.0,9048.0,2026-02-03 11:09:00,2026-02-03 11:14:00,1.7149932405190602,-0.287219263660073,0.0013796413370951446
2026-02-03,57140,1,9024.0,9045.0,2026-02-03 12:30:00,2026-02-03 13:02:00,-1.5852381537033065,-0.13714592018875185,0.0007244240915553408
2026-02-03,57140,-1,9081.0,9223.0,2026-02-03 13:23:00,2026-02-03 15:24:00,,,-0.017116045545890544
2026-02-04,57140,-1,9462.0,9595.0,2026-02-04 10:02:00,2026-02-04 15:24:00,,,-0.015558352250706856
2026-02-05,57140,1,9533.0,9555.0,2026-02-05 10:16:00,2026-02-05 10:39:00,-1.7887226862944066,-0.05380436593792825,0.0007051141807952889
2026-02-05,57140,1,9503.0,9183.0,2026-02-05 10:55:00,2026-02-05 15:24:00,,,-0.03585358959779309
2026-02-06,57140,-1,8889.0,8970.0,2026-02-06 10:00:00,2026-02-06 15:24:00,,,-0.010671118811166901
2026-02-09,57140,1,9332.0,9346.0,2026-02-09 10:17:00,2026-02-09 12:38:00,-1.6721358833314501,-0.05631515714737327,-0.00010090988094905106
2026-02-09,57140,1,9313.0,9345.0,2026-02-09 12:54:00,2026-02-09 13:05:00,-1.5779372610210396,-0.09108099964597238,0.0018301673680053085
2026-02-09,57140,1,9327.0,9341.0,2026-02-09 13:13:00,2026-02-09 14:23:00,-1.591270300339906,-0.18151509351240233,-0.0001001068540147775
2026-02-09,57140,-1,9531.0,9384.0,2026-02-09 14:30:00,2026-02-09 15:24:00,,,0.01394353260431445
2026-02-10,57140,-1,9850.0,9801.0,2026-02-10 10:00:00,2026-02-10 10:32:00,1.8171234512941075,-0.22595033367790401,0.0033870338969546757
2026-02-10,57140,1,9765.0,9801.0,2026-02-10 10:58:00,2026-02-10 12:35:00,-1.6114021544410857,0.24177129637291062,0.002079856958400618
2026-02-10,57140,1,9775.0,9791.0,2026-02-10 12:37:00,2026-02-10 13:49:00,-2.194963124424396,0.09547465141325669,3.54905005047596e-05
2026-02-10,57140,1,9772.0,9786.0,2026-02-10 14:13:00,2026-02-10 14:33:00,-1.6275944198689574,-0.13185928867314967,-0.00016836052856210792
2026-02-10,57140,-1,9824.0,9772.0,2026-02-10 14:43:00,2026-02-10 15:07:00,1.549068222114972,-0.2007427712816519,0.0037072180092925606
2026-02-10,57140,-1,9873.0,9873.0,2026-02-10 15:18:00,2026-02-10 15:24:00,,,-0.0016
2026-02-12,57140,-1,10375.0,10210.0,2026-02-12 10:01:00,2026-02-12 15:24:00,,,0.014431433940187765
2026-02-13,57140,-1,9714.0,9674.0,2026-02-13 10:05:00,2026-02-13 13:19:00,2.026001220989853,0.1600494468909513,0.0025262695227616077
2026-02-13,57140,1,9639.0,9515.0,2026-02-13 13:33:00,2026-02-13 15:24:00,,,-0.014547868053718252
2026-02-16,57140,1,9530.0,9560.0,2026-02-16 10:00:00,2026-02-16 10:40:00,-1.7532101821965662,0.18276653248087196,0.0015430093971992213
2026-02-16,57140,-1,9580.0,9552.0,2026-02-16 11:15:00,2026-02-16 12:32:00,2.084610179985809,-0.2533280122645735,0.0013270353325228804
2026-02-16,57140,1,9526.0,9542.0,2026-02-16 13:00:00,2026-02-16 15:06:00,-1.7735720856593076,-0.1208339410368543,7.820471524655286e-05
2026-02-16,57140,1,9515.0,9477.0,2026-02-16 15:11:00,2026-02-16 15:24:00,,,-0.005601690260055009
2026-02-17,57140,1,9491.0,9400.0,2026-02-17 10:00:00,2026-02-17 15:24:00,,,-0.011234291872396898
2026-02-18,57140,-1,9599.0,9584.0,2026-02-18 10:00:00,2026-02-18 15:17:00,8.428739793328198,0.18857449325232328,-3.6114991693698365e-05
2026-02-18,57140,-1,9622.0,9622.0,2026-02-18 15:24:00,2026-02-18 15:24:00,,,-0.0016
2026-02-19,57140,-1,9743.0,9851.0,2026-02-19 10:00:00,2026-02-19 15:24:00,,,-0.012623894430337849
2026-02-20,57140,-1,9991.0,9956.0,2026-02-20 10:13:00,2026-02-20 10:50:00,1.9107969107977893,0.13066868752668126,0.0019093032455359293
2026-02-20,57140,-1,9990.0,10115.0,2026-02-20 11:03:00,2026-02-20 15:24:00,,,-0.014034877959246635
2026-02-24,57140,-1,10435.0,10600.0,2026-02-24 10:00:00,2026-02-24 15:24:00,,,-0.017288460588857375
2026-02-25,57140,1,10445.0,10530.0,2026-02-25 10:00:00,2026-02-25 10:58:00,-3.17477953028929,0.2950322840699782,0.006504931137354946
2026-02-25,57140,-1,10570.0,10530.0,2026-02-25 11:14:00,2026-02-25 12:32:00,1.607889298664471,0.14955873126924588,0.0021914737362621357
2026-02-25,57140,-1,10565.0,10540.0,2026-02-25 12:38:00,2026-02-25 13:37:00,1.803400492052282,0.18453842305373927,0.0007691079548037309
2026-02-25,57140,-1,10565.0,10540.0,2026-02-25 13:39:00,2026-02-25 13:52:00,2.053638218701841,0.1868441819692008,0.0007691079548037309
2026-02-25,57140,-1,10555.0,10540.0,2026-02-25 13:53:00,2026-02-25 13:54:00,1.515693270610823,0.2401232450570434,-0.0001778618129323411
2026-02-25,57140,1,10525.0,10490.0,2026-02-25 14:20:00,2026-02-25 15:24:00,,,-0.0049309571602393415
2026-02-26,57140,1,10460.0,10580.0,2026-02-26 10:00:00,2026-02-26 10:11:00,-1.935210408500783,-0.11642225547114012,0.00980696779337638
2026-02-26,57140,-1,10645.0,10595.0,2026-02-26 10:48:00,2026-02-26 11:12:00,1.6491090428922799,0.02257198495168964,0.0031081066251803678
2026-02-26,57140,1,10545.0,10385.0,2026-02-26 12:30:00,2026-02-26 15:24:00,,,-0.016889356602662317
2026-02-27,57140,-1,11220.0,11510.0,2026-02-27 10:00:00,2026-02-27 15:24:00,,,-0.02711832263924105
2026-03-02,57140,1,11550.0,11595.0,2026-03-02 10:23:00,2026-03-02 10:25:00,-1.6391302451134988,0.03996178594318191,0.0022885337396923748
2026-03-02,57140,1,11535.0,11585.0,2026-03-02 10:36:00,2026-03-02 10:39:00,-1.56574546626638,-0.20224517679420503,0.0027252662586226143
2026-03-02,57140,1,11535.0,11590.0,2026-03-02 10:46:00,2026-03-02 11:00:00,-2.031184638460424,-0.05433230909391996,0.003156765725943456
2026-03-02,57140,-1,11645.0,11795.0,2026-03-02 11:14:00,2026-03-02 15:24:00,,,-0.014398809523334123
2026-03-03,57140,1,11525.0,11030.0,2026-03-03 10:02:00,2026-03-03 15:24:00,,,-0.04549975561730105
2026-03-04,57140,1,10230.0,9941.0,2026-03-04 10:00:00,2026-03-04 15:24:00,,,-0.03025696073352699
2026-03-05,57140,1,10235.0,10030.0,2026-03-05 10:00:00,2026-03-05 15:24:00,,,-0.02183261713940866
2026-03-06,57140,-1,9933.0,9874.0,2026-03-06 10:03:00,2026-03-06 10:18:00,1.7816231741922857,0.025619321369270944,0.004357507396547729
2026-03-06,57140,1,9786.0,9860.0,2026-03-06 10:26:00,2026-03-06 10:32:00,-1.8303251266673877,-0.1274544091246601,0.005933375747612214
2026-03-06,57140,-1,9911.0,10110.0,2026-03-06 11:00:00,2026-03-06 15:24:00,,,-0.02147978160780867
2026-03-09,57140,1,9242.0,9339.0,2026-03-09 10:00:00,2026-03-09 12:34:00,-2.548865684805157,-0.0036845979039049144,0.008840867679506157
2026-03-09,57140,1,9246.0,9324.0,2026-03-09 12:49:00,2026-03-09 14:22:00,-1.5372266223221405,0.19113792260588813,0.006800695607476919
2026-03-09,57140,-1,9399.0,9510.0,2026-03-09 14:43:00,2026-03-09 15:24:00,,,-0.013340575919134526
2026-03-10,57140,-1,9936.0,9974.0,2026-03-10 10:05:00,2026-03-10 12:35:00,1.7367403268859953,0.21932190834607956,-0.005417181932807759
2026-03-10,57140,-1,10010.0,9968.0,2026-03-10 13:05:00,2026-03-10 13:51:00,1.8406307474063943,-0.1323706182347434,0.0026046312820319243
2026-03-10,57140,-1,9989.0,9974.0,2026-03-10 14:25:00,2026-03-10 15:06:00,1.681558965306714,0.1289206899115094,-9.721957391814798e-05
2026-03-10,57140,-1,9990.0,9971.0,2026-03-10 15:11:00,2026-03-10 15:16:00,1.524313892549151,-0.1490194537390387,0.0003037128138062479
2026-03-10,57140,-1,9994.0,9994.0,2026-03-10 15:24:00,2026-03-10 15:24:00,,,-0.0016
2026-03-11,57140,1,10280.0,10340.0,2026-03-11 10:00:00,2026-03-11 10:18:00,-5.153578355582522,-0.06992874063564253,0.004219609053264003
2026-03-11,57140,1,10295.0,10330.0,2026-03-11 10:25:00,2026-03-11 11:09:00,-1.6681062146833836,-0.295070365581973,0.0017939426517943112
2026-03-11,57140,1,10315.0,10265.0,2026-03-11 11:12:00,2026-03-11 15:24:00,,,-0.006459096052318222
2026-03-12,57140,1,10050.0,10080.0,2026-03-12 10:07:00,2026-03-12 10:24:00,-1.7253205140335899,0.19852882909166247,0.0013806281381377199
2026-03-12,57140,-1,10120.0,10080.0,2026-03-12 10:43:00,2026-03-12 10:47:00,1.6280523048589333,0.08804525372158893,0.002360401216096905
2026-03-12,57140,1,10035.0,9967.0,2026-03-12 10:51:00,2026-03-12 15:24:00,,,-0.008399346262982292
2026-03-13,57140,-1,9943.0,9912.0,2026-03-13 10:00:00,2026-03-13 14:22:00,2.640688823135486,-0.28437572484744683,0.0015226416710952477
2026-03-13,57140,1,9899.0,9921.0,2026-03-13 14:55:00,2026-03-13 15:08:00,-1.8305898435367365,0.24664203238711602,0.0006199807300950875
2026-03-13,57140,1,9899.0,9916.0,2026-03-13 15:13:00,2026-03-13 15:22:00,-1.7384078266729674,-0.1907112224679363,0.00011587223527383898
2026-03-16,57140,1,9640.0,9613.0,2026-03-16 10:00:00,2026-03-16 12:49:00,-1.9859155358112803,-0.2639605508098364,-0.0044047595387751255
2026-03-16,57140,1,9597.0,9627.0,2026-03-16 13:03:00,2026-03-16 14:49:00,-1.8073854803103901,-0.03537523638514805,0.0015211011603388505
2026-03-16,57140,-1,9635.0,9635.0,2026-03-16 15:24:00,2026-03-16 15:24:00,,,-0.0016
2026-03-17,57140,1,9655.0,9703.0,2026-03-17 10:02:00,2026-03-17 10:17:00,-1.6765960336534607,-0.24443522829078934,0.003359200162684645
2026-03-17,57140,-1,9761.0,9717.0,2026-03-17 10:30:00,2026-03-17 10:41:00,1.6194553907580065,0.2695378075849414,0.0029179253355260766
2026-03-17,57140,-1,9737.0,9718.0,2026-03-17 10:48:00,2026-03-17 12:34:00,1.612111544177232,-0.09803683776131086,0.00035322601290792787
2026-03-17,57140,1,9679.0,9581.0,2026-03-17 12:41:00,2026-03-17 15:24:00,,,-0.011776619498215212
2026-03-18,57140,-1,9957.0,9966.0,2026-03-18 10:03:00,2026-03-18 14:06:00,1.5636177983554211,0.2830278587694494,-0.0025034784532654815
2026-03-18,57140,-1,9973.0,10025.0,2026-03-18 14:39:00,2026-03-18 15:24:00,,,-0.006800531772901964
2026-03-19,57140,1,9457.0,9296.0,2026-03-19 10:00:00,2026-03-19 15:24:00,,,-0.018771007923819694
2026-03-23,57140,1,8434.0,8575.0,2026-03-23 10:00:00,2026-03-23 10:16:00,-9.00813484186907,-0.2426686057434631,0.014979837727635462
2026-03-23,57140,-1,8645.0,8710.0,2026-03-23 10:41:00,2026-03-23 15:24:00,,,-0.00909067172915766
2026-03-24,57140,1,8958.0,8933.0,2026-03-24 10:02:00,2026-03-24 12:58:00,-1.6708029862507634,-0.18921481080526692,-0.004394703065406274
2026-03-24,57140,-1,9004.0,8947.0,2026-03-24 13:05:00,2026-03-24 13:36:00,1.5529369044460197,0.10088026425414309,0.00475064247902689
2026-03-24,57140,-1,8968.0,8948.0,2026-03-24 13:53:00,2026-03-24 14:28:00,1.749921799376904,0.09140952492358617,0.0006326421419756529
2026-03-24,57140,-1,8973.0,9049.0,2026-03-24 14:39:00,2026-03-24 15:24:00,,,-0.010034186053075522
2026-03-25,57140,1,9310.0,9342.0,2026-03-25 10:06:00,2026-03-25 10:44:00,-1.907040548177442,-0.06509432811493958,0.0018312707909405822
2026-03-25,57140,-1,9380.0,9337.0,2026-03-25 10:55:00,2026-03-25 10:59:00,1.5929245353841164,-0.2776715592808807,0.0029947615163445117
2026-03-25,57140,1,9314.0,9341.0,2026-03-25 11:12:00,2026-03-25 11:18:00,-1.833029643485698,-0.09479928057789545,0.0012946683305261099
2026-03-25,57140,1,9286.0,9332.0,2026-03-25 12:30:00,2026-03-25 13:14:00,-3.422780364039762,-0.011751908138863607,0.0033414645614535735
2026-03-25,57140,1,9311.0,9332.0,2026-03-25 13:45:00,2026-03-25 14:45:00,-2.7394659564118062,0.1719532574683505,0.0006528572527907323
2026-03-25,57140,-1,9339.0,9372.0,2026-03-25 15:11:00,2026-03-25 15:24:00,,,-0.005127340517968441
2026-03-26,57140,1,9397.0,9416.0,2026-03-26 10:04:00,2026-03-26 10:41:00,-1.8346689375004772,0.03803095927042402,0.00041988055704764615
2026-03-26,57140,1,9391.0,9422.0,2026-03-26 10:54:00,2026-03-26 12:49:00,-1.5765264213161783,0.2501687703294715,0.0016955964553728219
2026-03-26,57140,1,9380.0,9409.0,2026-03-26 13:11:00,2026-03-26 13:23:00,-1.8074621697824653,-0.10811174408812403,0.0014869150064952587
2026-03-26,57140,1,9399.0,9411.0,2026-03-26 13:52:00,2026-03-26 14:02:00,-1.7414656601694092,0.11340563736785965,-0.0003240827615135873
2026-03-26,57140,1,9392.0,9406.0,2026-03-26 14:05:00,2026-03-26 14:41:00,-2.9477808872178572,0.02769476244191618,-0.0001104795628844369
2026-03-26,57140,1,9378.0,9404.0,2026-03-26 15:01:00,2026-03-26 15:04:00,-1.9102441672642139,-0.11202218441482993,0.001168610010428522
2026-03-26,57140,1,9394.0,9415.0,2026-03-26 15:06:00,2026-03-26 15:24:00,,,0.0006329745043123912
2026-03-27,57140,1,9237.0,9281.0,2026-03-27 10:00:00,2026-03-27 10:05:00,-2.8027650729672486,-0.0715765075734961,0.00315214200278284
2026-03-27,57140,-1,9302.0,9435.0,2026-03-27 10:31:00,2026-03-27 15:24:00,,,-0.015796748018608274
2026-03-30,57140,-1,8860.0,8897.0,2026-03-30 10:00:00,2026-03-30 15:24:00,,,-0.005767376645640761
2026-03-31,57140,-1,8742.0,8730.0,2026-03-31 10:00:00,2026-03-31 12:45:00,3.59439587122002,0.2589170728756432,-0.00022637341038802107
2026-03-31,57140,-1,8735.0,8724.0,2026-03-31 13:15:00,2026-03-31 13:25:00,1.712464423123238,0.24740748640004387,-0.0003399047533627344
2026-03-31,57140,-1,8741.0,8722.0,2026-03-31 13:32:00,2026-03-31 13:55:00,1.7761762371820737,0.0053674046329781145,0.0005760301777762084
2026-03-31,57140,-1,8753.0,8749.0,2026-03-31 14:02:00,2026-03-31 15:24:00,,,-0.0011429093738265276
2026-04-01,57140,-1,9142.0,9098.0,2026-04-01 10:00:00,2026-04-01 10:07:00,2.8309085392292705,-0.06128750748917431,0.003224570761740304
2026-04-01,57140,-1,9123.0,9103.0,2026-04-01 10:19:00,2026-04-01 10:44:00,1.5352160715437122,0.1351601745785099,0.0005946678401855122
2026-04-01,57140,-1,9121.0,9102.0,2026-04-01 10:47:00,2026-04-01 10:50:00,1.9345713000573292,0.019824732886398116,0.00048527760357113306
2026-04-01,57140,-1,9132.0,9103.0,2026-04-01 11:04:00,2026-04-01 11:13:00,2.718340626633631,-0.014214125337619952,0.001580699144397342
2026-04-01,57140,1,9078.0,9108.0,2026-04-01 11:29:00,2026-04-01 13:47:00,-2.208094328760016,-0.1760918340743908,0.0016992441672192729
2026-04-01,57140,-1,9129.0,9251.0,2026-04-01 14:09:00,2026-04-01 15:24:00,,,-0.014875494206237747
2026-04-02,57140,1,9339.0,9392.0,2026-04-02 10:05:00,2026-04-02 10:10:00,-1.571353155992508,-0.17097581517302227,0.004059082958159927
2026-04-02,57140,1,9270.0,8915.0,2026-04-02 10:17:00,2026-04-02 15:24:00,,,-0.040648128262660024
2026-04-03,57140,1,9107.0,9134.0,2026-04-03 10:05:00,2026-04-03 10:32:00,-1.5449233952041204,0.26354186957061576,0.0013603661771256997
2026-04-03,57140,1,9108.0,9115.0,2026-04-03 11:00:00,2026-04-03 13:10:00,-1.9338064218292055,0.08103386347612257,-0.0008317400708668409
2026-04-03,57140,1,9086.0,9086.0,2026-04-03 13:29:00,2026-04-03 15:24:00,,,-0.0016
2026-04-06,57140,-1,9237.0,9181.0,2026-04-06 10:00:00,2026-04-06 11:01:00,3.0521868909132004,0.28778569746590976,0.004481026448910026
2026-04-06,57140,-1,9210.0,9175.0,2026-04-06 11:19:00,2026-04-06 12:34:00,1.8030073224659193,-0.026046407741441954,0.00220745632658151
2026-04-06,57140,-1,9190.0,9152.0,2026-04-06 13:03:00,2026-04-06 15:24:00,,,0.0025435017301536347
2026-04-07,57140,1,9123.0,9165.0,2026-04-07 10:00:00,2026-04-07 10:18:00,-2.4673278187701824,0.07288011531378967,0.002993183928331142
2026-04-07,57140,1,9132.0,9150.0,2026-04-07 10:59:00,2026-04-07 13:23:00,-2.518734327072837,0.03851527129836116,0.0003691506198808959
2026-04-07,57140,-1,9190.0,9299.0,2026-04-07 13:47:00,2026-04-07 15:24:00,,,-0.013390931128464458
2026-04-08,57140,-1,9873.0,9790.0,2026-04-08 10:01:00,2026-04-08 10:14:00,1.715895717601276,0.11675783429798818,0.006842302086893557
2026-04-08,57140,-1,9815.0,9869.0,2026-04-08 10:48:00,2026-04-08 15:24:00,,,-0.007086703461445678
2026-04-09,57140,1,9798.0,9848.0,2026-04-09 10:00:00,2026-04-09 11:01:00,-2.5894966580722985,-0.02357187103789592,0.003490105665769255
2026-04-09,57140,1,9820.0,9847.0,2026-04-09 12:30:00,2026-04-09 12:36:00,-3.3020523340080143,0.11050343898008641,0.0011457178992904601
2026-04-09,57140,1,9822.0,9844.0,2026-04-09 12:38:00,2026-04-09 13:11:00,-3.3756800078417566,-0.010180583106453646,0.0006373649117564948
2026-04-09,57140,1,9826.0,9769.0,2026-04-09 13:17:00,2026-04-09 15:24:00,,,-0.007417827075651005
2026-04-10,57140,1,9775.0,9808.0,2026-04-10 10:00:00,2026-04-10 10:03:00,-3.9729103770024685,-0.1186815557122694,0.001770273322426126
2026-04-10,57140,1,9790.0,9804.0,2026-04-10 10:04:00,2026-04-10 10:30:00,-1.5728959987374198,-0.29187589747051745,-0.0001709908765528934
2026-04-10,57140,1,9794.0,9762.0,2026-04-10 11:00:00,2026-04-10 15:24:00,,,-0.004872655815169902
2026-04-13,57140,1,9669.0,9704.0,2026-04-13 10:01:00,2026-04-13 10:13:00,-1.5784667446670193,-0.13790472261851916,0.002013280140338477
2026-04-13,57140,1,9675.0,9666.0,2026-04-13 10:40:00,2026-04-13 13:55:00,-1.939943085965792,-0.17354636669577006,-0.0025306654929531506
2026-04-13,57140,1,9647.0,9666.0,2026-04-13 14:08:00,2026-04-13 14:31:00,-1.9924875495667058,-0.17878546620395605,0.00036758723447589893
2026-04-13,57140,-1,9681.0,9704.0,2026-04-13 14:56:00,2026-04-13 15:24:00,,,-0.003972969903814481
2026-04-14,57140,-1,9995.0,10000.0,2026-04-14 10:00:00,2026-04-14 15:24:00,,,-0.0021001250416823733
2026-04-15,57140,-1,10295.0,10210.0,2026-04-15 10:00:00,2026-04-15 10:19:00,2.334859840892352,0.20905473845256253,0.006690708303178603
2026-04-15,57140,1,10095.0,10030.0,2026-04-15 10:30:00,2026-04-15 15:24:00,,,-0.008059649790956632
2026-04-16,57140,-1,10165.0,10350.0,2026-04-16 10:04:00,2026-04-16 15:24:00,,,-0.019636072631068088
2026-04-17,57140,1,10055.0,9987.0,2026-04-17 10:00:00,2026-04-17 15:24:00,,,-0.008385775963617753
2026-04-20,57140,1,9914.0,9938.0,2026-04-20 10:06:00,2026-04-20 10:19:00,-1.96702627143828,-0.18119000455014686,0.0008178935817466538
2026-04-20,57140,-1,9952.0,9943.0,2026-04-20 10:50:00,2026-04-20 11:19:00,1.5000643764289718,0.20438573742090899,-0.0006952500011128898
2026-04-20,57140,1,9927.0,9742.0,2026-04-20 11:25:00,2026-04-20 15:24:00,,,-0.020411882223233844
2026-04-21,57140,1,9861.0,9881.0,2026-04-21 10:00:00,2026-04-21 10:08:00,-1.6342478662396016,-0.18853483196175835,0.0004261378626337776
2026-04-21,57140,1,9870.0,9885.0,2026-04-21 10:15:00,2026-04-21 10:17:00,-1.580857177483987,0.2812336245951689,-8.139682280994048e-05
2026-04-21,57140,-1,9900.0,9950.0,2026-04-21 10:21:00,2026-04-21 15:24:00,,,-0.006637794029957081
2026-04-22,57140,1,9675.0,9725.0,2026-04-22 10:00:00,2026-04-22 10:38:00,-6.416195365693407,-0.023199532356531032,0.0035546505886644222
2026-04-22,57140,1,9706.0,9726.0,2026-04-22 10:59:00,2026-04-22 11:07:00,-1.7728839803510525,0.1596135133347347,0.00045846099856959957
2026-04-22,57140,-1,9766.0,9742.0,2026-04-22 12:30:00,2026-04-22 13:51:00,3.352602313030638,0.21983156125605435,0.0008605302551175657
2026-04-22,57140,-1,9760.0,9782.0,2026-04-22 14:10:00,2026-04-22 15:24:00,,,-0.0038515616921644107
2026-04-23,57140,1,9756.0,9691.0,2026-04-23 10:05:00,2026-04-23 15:10:00,-2.119550083667984,-0.19597355254579377,-0.008284860601260815
2026-04-24,57140,1,9569.0,9611.0,2026-04-24 10:00:00,2026-04-24 11:16:00,-3.2344792821379533,0.014741964721516048,0.002779569044021513
2026-04-24,57140,1,9595.0,9601.0,2026-04-24 11:25:00,2026-04-24 14:59:00,-1.7801120473344738,0.19871696281501106,-0.0009748697441764799
2026-04-24,57140,-1,9625.0,9630.0,2026-04-24 15:01:00,2026-04-24 15:24:00,,,-0.002119345636186334
2026-04-27,57140,-1,9523.0,9530.0,2026-04-27 10:00:00,2026-04-27 14:16:00,2.3561743827181645,0.025472771656587234,-0.0023347924542018138
2026-04-27,57140,1,9506.0,9500.0,2026-04-27 14:35:00,2026-04-27 15:24:00,,,-0.0022313795853225846
2026-04-28,57140,-1,9598.0,9706.0,2026-04-28 10:12:00,2026-04-28 15:24:00,,,-0.012789507546970618
2026-04-30,57140,1,9413.0,9431.0,2026-04-30 10:27:00,2026-04-30 10:41:00,-1.546914097124043,-0.18504750642358603,0.000310422996664565
2026-04-30,57140,1,9413.0,9431.0,2026-04-30 10:44:00,2026-04-30 10:54:00,-1.9734465752912085,-0.03804401707069811,0.000310422996664565
2026-04-30,57140,-1,9469.0,9433.0,2026-04-30 11:04:00,2026-04-30 12:30:00,1.793683721201695,-0.045943388533274315,0.0022091253336469436
2026-04-30,57140,-1,9467.0,9479.0,2026-04-30 12:32:00,2026-04-30 15:24:00,,,-0.002866758324150458
2026-05-01,57140,-1,9492.0,9477.0,2026-05-01 10:05:00,2026-05-01 10:28:00,1.850150173721742,0.17636230931350794,-1.8471914540721954e-05
2026-05-01,57140,1,9442.0,9468.0,2026-05-01 10:51:00,2026-05-01 11:24:00,-1.6478525262776575,-0.11655641146546149,0.001149869527642548
2026-05-01,57140,-1,9498.0,9521.0,2026-05-01 12:33:00,2026-05-01 15:24:00,,,-0.004018635176624336
2026-05-07,57140,-1,9766.0,9861.0,2026-05-07 10:00:00,2026-05-07 15:24:00,,,-0.011280617710723497
2026-05-08,57140,1,9738.0,9846.0,2026-05-08 10:00:00,2026-05-08 10:58:00,-3.4632449363775217,0.0030935179294499745,0.009429523575499603
2026-05-08,57140,1,9808.0,10170.0,2026-05-08 11:11:00,2026-05-08 15:24:00,,,0.03464383086661296
2026-05-11,57140,-1,10490.0,10420.0,2026-05-11 10:05:00,2026-05-11 10:11:00,1.838226159632712,-0.14760169019259767,0.005095386082984929
2026-05-11,57140,1,10380.0,10425.0,2026-05-11 10:39:00,2026-05-11 12:34:00,-1.542250549066548,0.08690678399221412,0.002725889947122661
2026-05-11,57140,-1,10455.0,10420.0,2026-05-11 12:43:00,2026-05-11 12:50:00,1.5156611016710144,-0.2052989609138178,0.0017532965553759912
2026-05-11,57140,-1,10445.0,10425.0,2026-05-11 12:54:00,2026-05-11 12:57:00,1.7089410194845096,0.1483477281504946,0.000316627323663977
2026-05-11,57140,-1,10450.0,10420.0,2026-05-11 13:00:00,2026-05-11 13:01:00,2.1275595960190676,-0.27219136408686084,0.0012749420855990995
2026-05-11,57140,1,10395.0,10420.0,2026-05-11 13:03:00,2026-05-11 13:09:00,-2.217047599744276,-0.19289984239893804,0.0008021150152446182
2026-05-11,57140,1,10390.0,10420.0,2026-05-11 13:12:00,2026-05-11 13:17:00,-1.9415629589727388,-0.139992231141267,0.0012832312140849346
2026-05-11,57140,-1,10445.0,10425.0,2026-05-11 13:30:00,2026-05-11 13:37:00,1.5224928385025216,0.14422699331089822,0.000316627323663977
2026-05-11,57140,1,10400.0,10400.0,2026-05-11 13:44:00,2026-05-11 14:47:00,-1.6843357176864027,-0.21589610324711705,-0.0016
2026-05-11,57140,1,10330.0,10345.0,2026-05-11 15:00:00,2026-05-11 15:24:00,,,-0.0001489719340408307
2026-05-12,57140,1,10450.0,10300.0,2026-05-12 10:00:00,2026-05-12 15:24:00,,,-0.016058083175229887
2026-05-13,57140,-1,10370.0,10605.0,2026-05-13 10:00:00,2026-05-13 15:24:00,,,-0.024008565775209868
2026-05-14,57140,1,10280.0,9950.0,2026-05-14 10:00:00,2026-05-14 15:24:00,,,-0.034227708856517644
2026-05-15,57140,1,11985.0,12150.0,2026-05-15 10:07:00,2026-05-15 10:17:00,-1.8753925142296164,0.0919895406553296,0.01207330190020986
2026-05-15,57140,1,12015.0,11565.0,2026-05-15 10:27:00,2026-05-15 15:24:00,,,-0.03977257350502971
2026-05-18,57140,1,11230.0,11285.0,2026-05-18 10:00:00,2026-05-18 11:29:00,-3.3829610142712863,-0.25061669814405113,0.0032856415191472354
2026-05-18,57140,-1,11380.0,11360.0,2026-05-18 12:34:00,2026-05-18 14:52:00,1.535672958434258,0.286799417890289,0.00015901540517955872
2026-05-18,57140,1,11240.0,11120.0,2026-05-18 14:59:00,2026-05-18 15:24:00,,,-0.012333555643108665
2026-05-19,57140,1,10710.0,10340.0,2026-05-19 10:00:00,2026-05-19 15:24:00,,,-0.036758015379374315
2026-05-20,57140,-1,10150.0,10060.0,2026-05-20 10:09:00,2026-05-20 12:59:00,2.141307276625446,0.023920979078664435,0.007306540816203226
2026-05-20,57140,-1,10105.0,10065.0,2026-05-20 13:30:00,2026-05-20 13:44:00,2.113506498220844,0.08188470790798538,0.0023662917638295478
2026-05-20,57140,1,10045.0,10060.0,2026-05-20 14:16:00,2026-05-20 14:30:00,-1.7606978982016577,-0.22918305431422104,-0.0001078335953045061
2026-05-20,57140,-1,10095.0,10155.0,2026-05-20 14:33:00,2026-05-20 15:24:00,,,-0.007525943267547168
2026-05-21,57140,1,10115.0,10165.0,2026-05-21 10:00:00,2026-05-21 10:18:00,-2.8967859964570297,-0.024618094086570622,0.0033309764606010853
2026-05-21,57140,1,10115.0,10165.0,2026-05-21 10:28:00,2026-05-21 10:35:00,-1.672107480377741,0.06301943408547467,0.0033309764606010853
2026-05-21,57140,-1,10210.0,10180.0,2026-05-21 10:46:00,2026-05-21 12:30:00,1.6179354316484658,0.0008051518737447401,0.0013426210541975356
2026-05-21,57140,-1,10230.0,10200.0,2026-05-21 12:32:00,2026-05-21 14:43:00,2.0711050903097274,0.2783568197227111,0.0013368596733097135
2026-05-21,57140,1,10155.0,10195.0,2026-05-21 14:48:00,2026-05-21 14:51:00,-1.6684278325028246,-0.014087177065383052,0.0023312089940704704
