,ped
2016-05-11,0.0023075196400269126
2016-05-12,-0.009653041301199126
2016-05-16,0.006804746724548593
2016-05-17,0.008725790928681532
2016-05-18,0.009015265709269915
2016-05-19,0.001507693196984583
2016-05-20,0.0029199958771387487
2016-05-23,0.03437382972103342
2016-05-24,-0.006746884479690196
2016-05-25,-0.017405703747019906
2016-05-26,0.005600659280240483
2016-05-27,-0.009860687479604068
2016-05-30,0.016340243924088827
2016-05-31,0.009272259810554772
2016-06-01,-0.003339013452914785
2016-06-02,-0.025391183085919942
2016-06-06,0.022331194295900227
2016-06-07,-0.003932908670131241
2016-06-08,-0.023357550319302377
2016-06-09,0.009400886198466085
2016-06-10,-0.005110732538330498
2016-06-13,-0.007905479452054798
2016-06-15,0.016015339711366906
2016-06-16,-0.03191319610659005
2016-06-17,-0.005604087687489878
2016-06-20,0.049526504226752956
2016-06-24,-0.02585320665083137
2016-06-27,0.08919122851859093
2016-06-28,0.02033622361665708
2016-06-30,-0.03005074626865669
2016-07-01,0.012107692307692352
2016-07-05,-0.009465224354599644
2016-07-06,-0.013988696514237071
2016-07-07,-0.011605470655817685
2016-07-08,-0.01495893950783047
2016-07-12,0.01210521125458417
2016-07-13,-0.004585844765915358
2016-07-19,0.05665618729096986
2016-07-20,0.020432911392405086
2016-07-21,-0.018909626178121385
2016-07-22,0.011560503957282454
2016-07-25,-0.011380143943619657
2016-07-26,-0.002074485061357322
2016-07-27,-0.005820493480957276
2016-07-28,-0.001069093960180991
2016-07-29,0.013065596001780097
2016-08-01,-0.0013226560151042093
2016-08-02,-0.010833613882397486
2016-08-03,-0.021622538829001635
2016-08-04,0.009692476625077388
2016-08-05,-0.0014773850229118138
2016-08-08,0.00012726008493583834
2016-08-09,0.0014456935137735537
2016-08-10,0.0004901824797765728
2016-08-12,0.02617801047120416
2016-08-15,-0.006608429458740083
2016-08-16,0.004812175406416364
2016-08-17,-0.007136859781696092
2016-08-18,-0.01034799154334034
2016-08-24,0.0008830324909747447
2016-08-25,-0.0016424810674359413
2016-08-29,-0.021372638436482093
2016-08-30,-0.0018638935108153064
2016-09-01,0.002746593001841524
2016-09-02,0.0031051781123760725
2016-09-06,0.010388235294117565
2016-09-07,0.002512179167359663
2016-09-08,-0.01774385964912286
2016-09-23,0.018711952089704383
2016-09-26,0.01256953995728053
2016-09-27,0.010600508259212193
2016-09-28,-0.011449999999999983
2016-09-29,-0.017516081954201238
2016-09-30,-0.016723614449950096
2016-10-03,0.021136868305906865
2016-10-04,0.0028549942325256433
2016-10-05,0.010430590983370678
2016-10-06,-0.008627410715183269
2016-10-07,-0.0022544240987667453
2016-10-11,0.010077950753831548
2016-10-12,-0.00848320784103235
2016-10-13,-0.005407063802428303
2016-10-14,-0.0017600624024960653
2016-10-18,-0.0002
2016-10-19,-0.003351384894297227
2016-10-20,-0.006440160781058101
2016-10-21,-0.005163332777650098
2016-10-24,-0.006371827572076238
2016-10-25,0.004564932755474945
2016-10-26,0.0031703970022767232
2016-10-27,-0.0014674021974081161
2016-10-28,0.005723738991294977
2016-10-31,0.0031297361542611136
2016-11-01,-0.0022424383295336693
2016-11-02,-0.011854966633688648
2016-11-04,-0.001999798551290052
2016-11-07,0.007082406914680025
2016-11-08,-0.003193687993528059
2016-11-09,-0.05214564269364975
2016-11-10,0.037539176496152495
2016-11-11,0.013008495764975356
2016-11-14,-0.005833802816901401
2016-11-16,0.005917891563867365
2016-11-17,-0.008032338429319592
2016-11-22,-0.010482776349614387
2016-11-24,0.03616363636363638
2016-11-29,0.0038816326530612733
2016-11-30,0.024190243902439047
2016-12-01,-0.01298507256392536
2016-12-02,-0.04255211760588031
2016-12-05,-0.023784905660377408
2016-12-06,0.0052077809655108375
2016-12-07,0.0060895855971457415
2016-12-08,-0.0005910655630008809
2016-12-09,0.004099773512798089
2016-12-12,0.013950272780049445
2016-12-13,0.0157978392351965
2016-12-14,0.0015501839241956247
2016-12-15,0.009481949155633362
2016-12-16,0.005123868677906019
2016-12-20,0.010627532869296163
2016-12-21,-0.006657970914694356
2016-12-22,-0.003351203451471407
2016-12-26,0.0014742734169442976
2016-12-27,0.011812012012011963
2016-12-28,-0.01355311572700293
2016-12-30,-0.004113043478260824
2017-01-04,0.015284378019717694
2017-01-05,0.008391553899282944
2017-01-06,0.010799872721811404
2017-01-10,-0.005317703409235949
2017-01-11,-0.00513826694912206
2017-01-12,-0.01183721707864726
2017-01-13,0.004480187207488196
2017-01-18,0.027674292302878635
2017-01-19,0.016797175539095485
2017-01-20,-0.0003961445837184717
2017-01-23,0.01131969665349021
2017-01-24,-0.005011074967430848
2017-01-25,0.000380077277655151
2017-01-26,0.007786543596125674
2017-01-27,-0.002278422494131072
2017-01-30,-0.002740685815696799
2017-01-31,-0.006380948371738381
2017-02-01,0.008794018065376876
2017-02-02,-0.013228627374999089
2017-02-03,0.0008912038755083215
2017-02-06,-0.0012256685265424124
2017-02-07,-0.000785674694823483
2017-02-08,0.004500767947854846
2017-02-09,-0.00689370967897513
2017-02-10,0.015832015663758987
2017-02-13,0.0042612344394838166
2017-02-14,-0.005076618844927508
2017-02-15,-0.01126942432918118
2017-02-16,0.005127162307917199
2017-02-17,0.010810052656773572
2017-02-27,0.011673350923482739
2017-02-28,0.011004287011288137
2017-03-01,0.003062569573718632
2017-03-02,-0.0045045045045044585
2017-03-03,-0.0017136823960353317
2017-03-06,0.003040353786622374
2017-03-07,-0.0016533480297602487
2017-03-08,0.01275229198072151
2017-03-09,-0.014860493827160504
2017-03-10,-0.01152930513595165
2017-03-13,-0.004181011260763945
2017-03-22,0.002023869532987477
2017-03-23,-0.017751479289940808
2017-03-24,0.009036144578313143
2017-03-27,-0.004677611940298498
2017-03-28,0.0004854838709675626
2017-03-29,0.01239160897170909
2017-03-30,-0.022739973275957615
2017-03-31,0.004066033374660839
2017-04-03,0.005927048896419871
2017-04-04,-0.025686013691886694
2017-04-05,0.006732147880729528
2017-04-06,-0.017176456924418194
2017-04-07,0.010213646269576406
2017-04-10,0.0009185804742893906
2017-04-11,-0.006284252803434872
2017-04-12,-0.02595263275161318
2017-04-13,0.041544723683533916
2017-04-14,-0.01524423076923077
2017-04-17,0.010371750299337585
2017-04-18,0.010299677307292301
2017-04-19,0.0078543571200521
2017-04-20,-0.0044426373496056085
2017-04-21,0.00622990877577545
2017-04-24,0.00011867780227100376
2017-04-25,0.014206908406792633
2017-04-26,0.014835472268976736
2017-04-27,0.00018333469419461407
2017-04-28,-0.0011681026107899547
2017-05-01,0.00701729673585423
2017-05-02,0.006608838812475119
2017-05-08,0.016688987529515836
2017-05-09,-0.0033707150971737793
2017-05-10,0.0023221180745847956
2017-05-11,-0.0013116238134538978
2017-05-12,-0.007912118251229923
2017-05-15,0.0011562841235670533
2017-05-16,-0.006347270375281072
2017-05-17,-0.012189979211400803
2017-05-18,-0.02532109270430146
2017-05-24,-0.010045288326300939
2017-05-25,0.002285795454545414
2017-05-26,-0.0057066079295154054
2017-05-29,0.007909916440149035
2017-05-30,0.0034228213711931968
2017-05-31,-0.0035239614902447753
2017-06-01,0.015712682379348974
2017-06-02,-0.015469613259668558
2017-06-05,0.01232714683135392
2017-06-06,-0.02544100141488399
2017-06-07,0.0231969096990224
2017-06-08,-0.0032958695854653844
2017-06-09,-0.03403636766791686
2017-06-12,-0.006965899864682012
2017-06-14,0.0022590163934425923
2017-06-15,0.011447260834014816
2017-06-16,-0.004850444624090566
2017-06-19,0.012797562956945651
2017-06-28,-0.009115304606240682
2017-06-29,0.01448885941644561
2017-06-30,-0.0034685369394296776
2017-07-03,-0.01635757669491058
2017-07-04,-0.019538061504032127
2017-07-05,0.011006106329220005
2017-07-06,0.000652427994390737
2017-07-07,-0.0041340101037042375
2017-07-10,-0.00478841126080766
2017-07-11,-0.0052037122007313995
2017-07-12,0.0001954795362179903
2017-07-21,-0.004061003861003853
2017-07-24,0.004717817800314694
2017-07-25,-0.0069381496585191275
2017-07-26,-0.0021818306978945044
2017-07-27,0.007041947383740279
2017-07-28,-0.0033102651411832883
2017-07-31,-0.010231226007002854
2017-08-01,0.0021376656898095038
2017-08-02,0.002694559572038503
2017-08-03,-0.002642999566547787
2017-08-04,0.005756998910174111
2017-08-07,0.0035206807375706525
2017-08-08,0.0021907464649759353
2017-08-09,-0.01655825525501033
2017-08-10,0.0038708702125672574
2017-08-14,0.005574783445620768
2017-08-23,-0.00465765230312034
2017-08-24,-0.0002
2017-08-29,0.005453976630229929
2017-08-30,-0.010694752623688153
2017-08-31,0.012895238095238048
2017-09-01,-0.011950881316098694
2017-09-04,-0.00903215285784883
2017-09-05,-0.03975250542183253
2017-09-06,0.0024703095029333217
2017-09-07,0.011358562898728474
2017-09-08,-0.01929407665505236
2017-09-11,0.021112872975277176
2017-09-25,0.004942857142857116
2017-09-26,-0.01441262080727681
2017-09-27,-0.002839282494532158
2017-09-28,0.0008137216038825778
2017-09-29,0.01405038938251666
2017-10-02,0.0002307658499645242
2017-10-03,-0.006399252812623826
2017-10-04,-0.0006332300469907401
2017-10-05,-0.006825631975376089
2017-10-06,0.002467937961364157
2017-10-10,0.0017725337896818622
2017-10-11,0.009121874554209172
2017-10-12,0.006394853124583479
2017-10-13,-0.003968844221105571
2017-10-18,-0.005646296735133599
2017-10-19,0.0078283850708959
2017-10-20,0.011347396491830853
2017-10-23,0.006194450794523845
2017-10-24,0.00634758996490393
2017-10-25,-0.006042063148732656
2017-10-26,0.00032866284680951256
2017-10-27,0.004789498657991347
2017-10-30,0.0002213512901812605
2017-10-31,0.0017514122937803275
2017-11-01,0.009419315052831239
2017-11-02,9.310983637262683e-05
2017-11-06,-0.006070260498992189
2017-11-07,0.010937659621462993
2017-11-08,0.002420919348443498
2017-11-09,-0.0063114299657997955
2017-11-10,0.0008063920679982804
2017-11-13,-0.008762265300968842
2017-11-15,-0.010997580573120452
2017-11-16,0.0038028042749583602
2017-11-28,-0.021684375
2017-11-29,0.0036788277104327976
2017-11-30,-0.004265579657599072
2017-12-01,-0.0015890184932208725
2017-12-04,-0.002201117641268924
2017-12-05,-0.012195121951219523
2017-12-06,-0.007504049360829542
2017-12-07,0.014524502823390737
2017-12-08,0.008350053437833993
2017-12-11,0.0050358600079368245
2017-12-12,0.008227483404666601
2017-12-13,-0.016814982705992
2017-12-14,0.004278448569686933
2017-12-15,0.009019422249538977
2017-12-18,-0.0068991473812423315
2017-12-20,-0.015869515669515687
2017-12-21,-0.006909799304138545
2017-12-22,-0.0039617363701686704
2017-12-25,0.00995744032503818
2017-12-28,-0.05610717299578063
2017-12-29,0.014124423882681526
2018-01-04,0.009493101334576023
2018-01-05,0.0017044366421655713
2018-01-09,-0.00209210272069251
2018-01-10,-0.006277948461243835
2018-01-11,-0.006924030651405817
2018-01-12,-0.021765044063832784
2018-01-19,0.010350794299845069
2018-01-22,-0.002643523903460665
2018-01-23,0.005764307517874835
2018-01-24,-0.007617757600199081
2018-01-25,-0.006428211649924361
2018-01-26,-0.005404636564703077
2018-01-29,0.0006900255341187846
2018-01-30,-0.010240036937486216
2018-01-31,-0.005507417562049752
2018-02-01,0.014837824688319838
2018-02-02,-0.0007658873611878737
2018-02-05,-0.016524225418847308
2018-02-06,-0.025386902996854838
2018-02-07,-0.016670614726407813
2018-02-08,0.010845419390515051
2018-02-09,-0.01160479756296996
2018-02-13,-0.007885448800784381
2018-02-14,-0.004152334488725776
2018-02-15,0.003922650965871987
2018-02-16,0.018207362945177975
2018-02-27,-0.006061762965884419
2018-02-28,-0.010556095090639978
2018-03-01,-0.016297749969533492
2018-03-02,0.002218015667142837
2018-03-05,-0.007080610021786504
2018-03-06,0.005485463521667677
2018-03-07,-0.0102542534500635
2018-03-08,-0.0028038135262132232
2018-03-09,0.00047772887546886425
2018-03-12,-0.01057068568818028
2018-03-13,0.018939267357428437
2018-03-14,0.01699576719576721
2018-03-15,0.023207022106632037
2018-03-20,-0.02575410691003912
2018-03-22,0.011238961734011177
2018-03-23,-0.026991267531092933
2018-03-26,-0.02141294533587159
2018-03-27,0.0020709724303946465
2018-03-28,0.004531653600398755
2018-03-29,-0.006676377865770199
2018-03-30,0.0045979220623034575
2018-04-02,-0.011290982024818819
2018-04-03,0.025048291479259337
2018-04-04,0.007148730474638405
2018-04-05,0.007109556347736687
2018-04-06,-0.0021759481301098565
2018-04-09,0.004627029842924893
2018-04-10,-0.003434778283817111
2018-04-11,-0.02350038447391575
2018-04-12,0.0013030087639601562
2018-04-13,-0.004184100418409997
2018-04-16,-0.010504201680672232
2018-04-17,-0.008559872611464979
2018-04-18,0.03336963493101984
2018-04-19,-0.012292805073162542
2018-04-20,0.004294561576669998
2018-04-23,-0.00032498963796804604
2018-04-24,0.01311746549048584
2018-04-25,-0.004639682174534201
2018-04-26,0.00045015549220031424
2018-04-27,0.0008999005445434824
2018-05-01,2.4431542532836958e-05
2018-05-02,0.0016803247905068104
2018-05-07,-0.0017523101331528468
2018-05-08,0.0009205859565887003
2018-05-09,-0.00410458141352309
2018-05-10,0.0011388658886334307
2018-05-11,0.008396536485630502
2018-05-14,0.00382049722804192
2018-05-15,-0.0028322706243183713
2018-05-16,0.0004294201303616241
2018-05-17,0.008320701318610606
2018-05-18,0.0037018952062430666
2018-05-28,-0.006896428571428603
2018-05-29,-0.004680316759668231
2018-05-30,3.853771840257587e-05
2018-05-31,0.00873268551445482
2018-06-01,0.007792207792207684
2018-06-04,0.007243051245003146
2018-06-05,-0.05155392945480243
2018-06-06,-0.0021477506584077323
2018-06-07,0.012633518072570309
2018-06-08,0.02460462046204619
2018-06-11,-0.003193462097129169
2018-06-12,0.004699118022004157
2018-06-13,0.0006180469715697523
2018-06-14,-0.008029647930821504
2018-06-15,0.003535990037359915
2018-06-26,-0.03332075704587525
2018-06-27,0.04944539007092195
2018-06-28,0.01520616246498594
2018-06-29,0.0007261240404532908
2018-07-02,-0.02407251683280487
2018-07-03,-0.00945816435761242
2018-07-04,-0.008777731546375199
2018-07-05,-0.019523671497584515
2018-07-06,-0.001501899859889465
2018-07-09,0.0012136111313311559
2018-07-10,-0.008286111984638066
2018-07-11,-0.012618718371343145
2018-07-12,0.0217780219780219
2018-07-13,-0.0037842293906810375
2018-07-23,-0.00288696820420955
2018-07-24,-0.0071317574480578945
2018-07-25,-0.0034825624261928846
2018-07-26,0.00244837286113286
2018-07-27,0.0032115996127444445
2018-07-30,-0.009119951181677678
2018-07-31,-0.007584944157300775
2018-08-01,-0.002112081050675194
2018-08-02,-0.00893189524313337
2018-08-03,-0.007168232238264849
2018-08-06,-0.00929306035792318
2018-08-07,0.000784129666075071
2018-08-08,-0.0012016568137098052
2018-08-09,-0.004198719353025168
2018-08-10,-0.02619615491953233
2018-08-13,-0.032458064516129
2018-08-28,0.001261731603251803
2018-08-29,0.0006164140817202296
2018-08-30,0.013107984790874582
2018-08-31,0.00730469043151969
2018-09-04,-0.0038506599269867658
2018-09-05,0.001772942502818542
2018-09-07,0.020087404902789464
2018-09-10,-0.003514001657000798
2018-09-11,0.04051661237785018
2018-09-12,-0.006459780907668211
2018-09-21,0.0016994124727294558
2018-09-25,-0.0020528476049648473
2018-09-26,0.012211654629691517
2018-09-27,-0.012947149114917773
2018-09-28,0.000625630511591624
2018-10-01,-0.02331862436488687
2018-10-02,-0.02809568270589208
2018-10-03,-0.011466695654959164
2018-10-04,-0.010883650568856594
2018-10-05,-0.009976137361136
2018-10-09,-0.016446305710164883
2018-10-10,0.008865163333993401
2018-10-11,-0.011959197369905807
2018-10-12,0.028992630476127858
2018-10-17,0.007020216606498298
2018-10-18,-0.013939545997610514
2018-10-19,0.009812363748822444
2018-10-22,-0.001981564644505268
2018-10-23,-0.024137093647881303
2018-10-24,-0.007751332155590139
2018-10-25,-0.01748244903598983
2018-10-26,-0.013818870426172998
2018-10-29,-0.00992643541143128
2018-10-30,0.013957533961612123
2018-10-31,0.017586222363830513
2018-11-01,0.004050495963109607
2018-11-02,0.011306052697583191
2018-11-05,-0.005705951961834793
2018-11-06,0.0046419919601073684
2018-11-07,-0.002760521452288552
2018-11-08,0.01092875407520864
2018-11-09,-0.009284668470418866
2018-11-12,0.003178243897465951
2018-11-13,-0.026383622398303174
2018-11-15,-0.0016560433783058116
2018-11-16,0.012718825094767015
2018-11-29,-0.031456474506569264
2018-11-30,0.0028866665126676093
2018-12-03,-0.0008214497668503577
2018-12-04,-0.005997001499250421
2018-12-05,0.0015918530655825215
2018-12-06,-0.028396669069076046
2018-12-07,0.0066225165562914245
2018-12-10,-0.051608491616866155
2018-12-11,-0.01828674877795386
2018-12-12,0.04789509632204751
2018-12-13,0.006136091284963414
2018-12-14,0.008827012350363332
2018-12-17,0.005142831700801521
2018-12-20,-0.004789041095890422
2018-12-21,-0.024523066070687292
2018-12-25,-0.020959459671470393
2018-12-26,0.009677224766029573
2018-12-27,0.016264693840759143
2018-12-28,-0.04933920704845818
2019-01-04,-0.02775236181253189
2019-01-07,-0.0035964735144813848
2019-01-08,-0.004640832561438047
2019-01-09,0.0051261329763089775
2019-01-10,-0.01869731788732912
2019-01-11,0.026670073441473655
2019-01-18,0.023422047244094447
2019-01-21,0.0036711511503660695
2019-01-22,-0.02070473186119872
2019-01-23,0.0016024912701543606
2019-01-24,0.0065561029166240825
2019-01-25,0.00982279642672657
2019-01-28,-0.004257676332528563
2019-01-29,0.003542361814907048
2019-01-30,-0.005746740499967213
2019-01-31,0.007417520953224235
2019-02-01,-0.0028262805367981463
2019-02-04,0.008658423055379285
2019-02-05,-0.0012055884649206888
2019-02-06,-0.000558358675624056
2019-02-07,-0.012333914476579366
2019-02-08,-0.025371283023586395
2019-02-12,0.024547931313530988
2019-02-13,0.011904926885492292
2019-02-14,-0.006873582914482946
2019-02-26,-0.013629752066115742
2019-02-27,-0.015549084784285083
2019-02-28,-0.02114408119514972
2019-03-01,0.0057055706265032105
2019-03-04,0.004346432554990665
2019-03-05,0.003875968992248069
2019-03-06,-0.001091000891000915
2019-03-07,-0.021095522388059694
2019-03-08,-0.030627519083093573
2019-03-11,-0.001629019930679609
2019-03-12,0.025935724879287515
2019-03-13,-0.0038159032462606757
2019-03-14,0.001207455338639174
2019-03-15,0.01028218029350112
2019-03-26,0.004085805667498366
2019-03-27,0.005286624203821644
2019-03-28,-0.01476271938161311
2019-03-29,-0.002692738537040573
2019-04-01,0.009463480221837546
2019-04-02,-0.03111063652666843
2019-04-03,0.017913711032011875
2019-04-04,0.0016125924772122813
2019-04-05,-0.0005105309050530397
2019-04-08,-0.006306672264613034
2019-04-09,-0.004221225620322241
2019-04-10,0.01322679273649874
2019-04-11,-0.0033689210411047
2019-04-12,-0.009094536213468918
2019-04-17,-0.009448377857737826
2019-04-18,-0.007351997432902213
2019-04-19,0.005053567188488583
2019-04-22,0.0014778454757760667
2019-04-23,0.0015480555407218109
2019-04-24,-0.009883711889097431
2019-04-25,0.0050824341870867795
2019-04-26,-0.0006899841927673566
2019-05-07,-0.014847753215647897
2019-05-08,-0.015059502424960831
2019-05-09,-0.016895636830726424
2019-05-10,0.0007639325605095764
2019-05-13,-0.00821435541603344
2019-05-14,-0.004691556208234608
2019-05-15,0.0035176423472813015
2019-05-16,0.0006506688538968578
2019-05-17,0.008898848752866262
2019-05-28,-0.001574885426214445
2019-05-29,-0.010548540598744516
2019-05-30,-0.010714285714285676
2019-05-31,-0.001203369434416346
2019-06-03,-0.012248192771084377
2019-06-05,-0.0007787801810003265
2019-06-06,-0.007731393568147027
2019-06-10,-0.0002
2019-06-11,0.017467911084651008
2019-06-12,0.01237355374569773
2019-06-13,0.0008551282952219295
2019-06-14,0.01113786848072571
2019-07-02,0.008533336600799558
2019-07-03,0.004514946673365861
2019-07-04,0.006854924741485958
2019-07-05,0.004071661237784907
2019-07-08,-0.015119236960877018
2019-07-09,-0.003008303412052413
2019-07-10,-0.0025196671097287805
2019-07-11,0.009583916411088815
2019-07-12,-0.040759440559440606
2019-07-22,-0.0039340487531611896
2019-07-23,0.025441424451968488
2019-07-24,0.014833375976415743
2019-07-25,-0.017959121951005956
2019-07-26,-0.004190543061217877
2019-07-29,0.0017177797844886763
2019-07-30,0.00304301408065356
2019-07-31,0.0005249347535114315
2019-08-01,0.0037150479491601844
2019-08-02,-0.00461890533295829
2019-08-05,-0.020177945019116635
2019-08-06,0.011018910984038803
2019-08-07,-0.0009107417124717648
2019-08-08,-0.0005505445168660335
2019-08-09,0.0017184652278177638
2019-08-13,0.0002967343075590324
2019-08-26,0.015340015540015605
2019-08-27,0.011413711101687962
2019-08-28,0.00696090985678175
2019-08-29,-0.01568387096774195
2019-08-30,0.011595543905635641
2019-09-03,-0.004467804747932757
2019-09-04,6.788106080899431e-05
2019-09-06,-0.003729411764705892
2019-09-09,0.03305785123966931
2019-09-10,-0.062202590083908736
2019-09-11,0.013140062646503227
2019-09-19,0.013750805055855663
2019-09-20,-0.0002
2019-09-26,-0.008840098124270857
2019-09-27,-0.005745684688847158
2019-09-30,-0.013706283439094157
2019-10-01,-0.006208855154965187
2019-10-04,-0.0033796025559253247
2019-10-07,0.008888458406602438
2019-10-08,0.003984931193632645
2019-10-09,-0.00400304008401817
2019-10-10,-0.018744178550850688
2019-10-11,0.009175494974032562
2019-10-18,0.0048133333333333144
2019-10-21,0.011983712781774269
2019-10-23,-0.0019074715249583942
2019-10-24,-0.0010735760281616442
2019-10-25,-0.002404139330945864
2019-10-28,-0.0022249519927641254
2019-10-29,0.003501784476920722
2019-10-30,-0.0022316813468299273
2019-10-31,-0.003452051128837192
2019-11-01,0.003633973849823406
2019-11-05,0.009935005822928108
2019-11-06,-0.006002905256348686
2019-11-07,-0.00012823044703923965
2019-11-08,0.0003231413210437519
2019-11-11,-0.00476983876605822
2019-11-12,0.005055082574431251
2019-11-13,-0.008713536891814724
2019-11-14,0.025617555938037807
2019-11-15,0.007551260936306402
2019-11-18,-0.00537140924468477
2019-11-27,0.014542014742014752
2019-11-28,0.008684916769957323
2019-11-29,-0.006966277530409554
2019-12-02,0.011564705882352899
2019-12-04,0.024578367394211244
2019-12-05,-0.007021638975733402
2019-12-06,0.0033604745515541153
2019-12-09,0.008943006589338472
2019-12-10,0.009759864362413597
2019-12-11,0.001098278509691376
2019-12-12,-0.014012693241397214
2019-12-13,-0.006082564599318018
2019-12-16,0.008447798742138279
2019-12-20,0.0054981444503968465
2019-12-23,0.0035783375314861537
2019-12-24,-0.008121657877553168
2019-12-25,-0.011938237920218024
2019-12-26,0.002577573143831425
2019-12-27,0.004823151125401992
2019-12-30,0.014737520938023486
2020-01-06,0.006855097330369297
2020-01-07,0.01802311962437923
2020-01-08,-0.008989677428045618
2020-01-09,0.0023289233411872257
2020-01-10,-5.3428678904436863e-05
2020-01-21,-0.018430440306698624
2020-01-22,0.01451819448477163
2020-01-23,-0.0036343532941769106
2020-01-24,-0.0024867474639038464
2020-01-27,-0.00820195983506953
2020-01-28,0.0034694826980657487
2020-01-29,0.0010506001243056934
2020-01-30,-0.01464583049025711
2020-01-31,0.004928295053420664
2020-02-03,0.004136236983631172
2020-02-04,0.009601233630893321
2020-02-05,0.005325154854333861
2020-02-06,0.012427193418955271
2020-02-07,-0.004775738721119846
2020-02-10,-0.00853035800290252
2020-02-12,-0.00557975008666463
2020-02-13,-0.0023177245702309906
2020-02-14,-0.0024590274846845836
2020-02-17,-0.008533333333333304
2020-02-27,-0.02677480314960625
2020-02-28,-0.02102241438514154
2020-03-02,0.02937636956392596
2020-03-03,-0.020588506684159177
2020-03-04,0.041109692471532414
2020-03-05,0.006508939490930378
2020-03-09,-0.054702369668246396
2020-03-10,0.06090786119389023
2020-03-11,-0.08613541710323537
2020-03-12,-0.037783555803894774
2020-03-13,-0.02294555749580853
2020-03-16,-0.030213049151805137
2020-03-24,0.03327280334728042
2020-03-25,-0.020242914979757054
2020-03-26,0.020814081526729745
2020-03-27,0.025849802444178983
2020-03-30,-0.028164704102891867
2020-03-31,-0.03228352290674316
2020-04-01,-0.028548817479342715
2020-04-02,-0.022919510670646417
2020-04-03,-0.02955138829959545
2020-04-06,0.03768094520384414
2020-04-07,0.00391293531135835
2020-04-08,0.023764326151195395
2020-04-09,0.010786797193850162
2020-04-10,-0.006321986858044979
2020-04-13,-0.009387280624340117
2020-04-16,0.020180381914369085
2020-04-17,0.009006198569958107
2020-04-20,0.006823355482429749
2020-04-21,-0.01702616138083101
2020-04-22,0.002484706336750087
2020-04-23,0.018253941072967003
2020-04-24,-0.006651636908292423
2020-04-27,0.01541268928764853
2020-04-28,0.0014448426289729737
2020-04-30,0.010633789782663024
2020-05-01,-0.018568857983275767
2020-05-07,-0.0012634668407607952
2020-05-08,0.015553230216998459
2020-05-11,0.020810167386915213
2020-05-12,-0.005172771965337435
2020-05-13,-0.00047509787339807425
2020-05-14,-0.02331312513886089
2020-05-15,0.007800706376415103
2020-05-18,0.004120267151466058
2020-05-19,0.01807518427953155
2020-05-20,0.002269744398324488
2020-05-21,0.0001232492535460768
2020-05-22,-0.01765961509843528
2020-05-25,0.017190069915788985
2020-05-26,0.03454696997214964
2020-05-27,0.027337613072519452
2020-05-28,0.022557773982662007
2020-05-29,-0.02813957680991232
2020-06-01,0.009377441128195305
2020-06-02,0.011820418992119133
2020-06-03,-0.014934189183999766
2020-06-04,-0.022715493850551292
2020-06-05,0.014625228519195566
2020-06-08,0.08941987494510507
2020-06-09,-0.002674255856520341
2020-06-10,0.0014058336379503713
2020-06-11,-0.036546193738147756
2020-06-12,-0.006533851918603725
2020-06-15,-0.034063331850709935
2020-06-16,0.04259687672618593
2020-06-17,-0.01133748251150768
2020-06-18,0.0015617308774594663
2020-06-19,-0.0008269592476488839
2020-06-22,0.0051191489361701375
2020-06-23,0.0029746031746031632
2020-06-24,-0.0002
2020-06-25,-0.010110199796004148
2020-06-26,0.02208137254901953
2020-06-29,-0.020608163265306144
2020-06-30,-0.014112415137460498
2020-07-01,-0.012444014236980239
2020-07-02,-0.007764841498559071
2020-07-03,0.015407985480943664
2020-07-06,0.0033608308605341587
2020-07-07,-0.0011800594125373556
2020-07-08,0.005770605953443984
2020-07-09,0.013938417486590816
2020-07-10,-0.03322687403458825
2020-07-13,0.014676239686640497
2020-07-14,-0.02366041055718473
2020-07-20,0.013336379018612487
2020-07-21,0.01873965432583711
2020-07-22,-0.013829662959023605
2020-07-27,0.005196226273217674
2020-07-28,-0.01236023586046602
2020-07-29,-0.015044422238022596
2020-07-30,-0.015162611265114135
2020-07-31,-0.015406253708172061
2020-08-03,0.01631929322630115
2020-08-04,0.012881123637153801
2020-08-05,0.004058435080729143
2020-08-06,0.0008397458342249569
2020-08-07,-0.00552643326056659
2020-08-11,0.01572049141886515
2020-08-12,-0.0010025944142381632
2020-08-13,0.032113563094687415
2020-08-25,0.004426060138781752
2020-08-26,0.005172217958557135
2020-08-27,-0.0033315240083507057
2020-08-28,-0.03266073298429319
2020-08-31,0.03376901072705605
2020-09-01,0.015234121530086953
2020-09-02,0.005959580079333615
2020-09-03,0.003768049322057865
2020-09-04,-0.0063867244965836395
2020-09-07,0.0
2020-09-08,0.019572089619875208
2020-09-09,0.000202415231436323
2020-09-10,0.008794170386575519
2020-09-11,0.043103986816901176
2020-09-14,-0.0044485395645246445
2020-09-23,-0.01328900523560208
2020-09-24,-0.014903172647487162
2020-09-25,0.024011525196217437
2020-09-28,0.03201520323724819
2020-09-29,0.014099662122240874
2020-09-30,-0.02352765282240884
2020-10-02,-0.027236025879403346
2020-10-05,0.00722774851343
2020-10-06,0.007738326815265484
2020-10-07,0.007627098262437609
2020-10-08,-0.000331779678857333
2020-10-09,-0.004467211637422424
2020-10-12,0.006339705221890295
2020-10-13,-0.004736420307251016
2020-10-14,0.00310710088123567
2020-10-20,0.027449867599672363
2020-10-21,0.011755533758194249
2020-10-22,-0.0065360437862305104
2020-10-23,-0.004730366925176071
2020-10-26,-0.010574383461910464
2020-10-27,0.0030941641660963424
2020-10-28,-0.002158810791985735
2020-10-29,-0.0019445252935067713
2020-10-30,-0.023510956646591214
2020-11-02,0.014126565906919752
2020-11-04,0.006775242633743559
2020-11-05,0.009511406707244773
2020-11-06,0.010287257891853889
2020-11-09,0.00779018047834776
2020-11-10,-0.004674289043984915
2020-11-11,0.012721116209014246
2020-11-12,-0.00025730876330499987
2020-11-13,-0.02465437734826805
2020-11-17,-0.001210526866578913
2020-11-18,0.0019028700048190133
2020-11-26,0.013771794630909807
2020-11-27,0.005660228985848071
2020-11-30,-0.002296089234025089
2020-12-01,0.00036881122188612246
2020-12-02,-0.0002
2020-12-03,0.0057849076242519675
2020-12-04,0.007818623900672539
2020-12-07,-0.05122355551990593
2020-12-08,0.01905620684713135
2020-12-09,0.017323157914133466
2020-12-10,-9.562477989080373e-06
2020-12-11,0.01350085583797574
2020-12-14,-0.005765687328069857
2020-12-15,0.0012170996693434467
2020-12-17,-0.001517523056653447
2020-12-18,-0.01339261213720313
2020-12-23,-1.6044219842898295e-05
2020-12-24,0.0016309032967840808
2020-12-25,-0.002375235428744278
2020-12-28,-0.016087445887445838
2020-12-30,-0.004585964912280715
2021-01-04,-0.020704845814978
2021-01-05,-0.013419653189876712
2021-01-06,-0.005534009606661083
2021-01-07,0.004865509569969985
2021-01-08,0.017240910300242572
2021-01-12,-0.007631733524750452
2021-01-13,0.013705918735349036
2021-01-21,0.007669767848689563
2021-01-22,0.008109736868022311
2021-01-25,0.004344897078758226
2021-01-26,-0.0010881878441321294
2021-01-27,0.0013439594365406654
2021-01-28,-0.003216469914252058
2021-01-29,-0.017196100939887445
2021-02-01,0.01770516131583583
2021-02-02,0.01034950317375831
2021-02-03,0.010525704577130559
2021-02-04,-0.002056234506885511
2021-02-05,0.007205362155493007
2021-02-08,0.013875190506550119
2021-02-09,0.0011186342208635096
2021-02-10,0.005723304169504256
2021-02-12,0.008017538989486008
2021-02-15,0.0021437968569873677
2021-02-16,-0.0016230870581696692
2021-02-17,-5.553721945772416e-06
2021-02-18,-0.008157548369333878
2021-02-25,-0.03214888178913735
2021-02-26,-0.0330336236954615
2021-03-01,0.028042063094641856
2021-03-02,0.009506644869918913
2021-03-03,-0.028942164851426335
2021-03-04,-0.0622578778135048
2021-03-09,0.002513644818907956
2021-03-10,0.005166597053906544
2021-03-11,0.01671357525019157
2021-03-12,0.02852161663103144
2021-03-15,0.008836122300936911
2021-03-16,-0.0002
2021-03-23,-0.0002
2021-03-24,-0.026223675948179603
2021-03-25,0.013186584183929291
2021-03-26,0.010514460677163655
2021-03-29,0.04727052037309763
2021-03-30,-0.002416402766227218
2021-03-31,-0.003850603026751264
2021-04-01,0.0019015108057938938
2021-04-02,0.0007754141809664581
2021-04-05,-0.0038475812030310482
2021-04-06,-0.010973193268003468
2021-04-07,0.0058619197781476775
2021-04-08,-0.00657171034072668
2021-04-09,0.004395514175951274
2021-04-12,-0.0023222802283787212
2021-04-13,-0.01648644861442101
2021-04-15,0.0011060513713540888
2021-04-16,-0.012995143712011952
2021-04-19,0.008147369150487594
2021-04-20,-0.011689977179639412
2021-04-21,-0.01599658860596636
2021-04-22,0.014095638536993433
2021-04-23,-0.0050295708054277615
2021-04-26,0.004388251361922552
2021-04-27,-0.003761682909723608
2021-04-28,0.0008502691301801619
2021-04-30,-0.0028041176436278915
2021-05-06,0.013281708890270852
2021-05-07,0.0062361166093329885
2021-05-10,0.011010606811683619
2021-05-11,-0.023235656988137898
2021-05-12,-0.01998675339739244
2021-05-13,-0.012987928564363675
2021-05-14,0.014755086662032148
2021-05-17,-0.005268553477051274
2021-05-18,0.018818556320423063
2021-05-19,0.003071128483184708
2021-05-26,0.0014393442622950615
2021-05-27,0.03109656301145658
2021-05-28,-0.00952380952380949
2021-05-31,-0.015366018973596983
2021-06-01,-0.038690476190476164
2021-06-02,0.009281695504811605
2021-06-03,0.0008308928508994674
2021-06-04,-0.03162857142857147
2021-06-07,-0.014048729820809602
2021-06-08,-6.710944320610364e-05
2021-06-09,0.0024328671079595623
2021-06-10,-0.010552538244289861
2021-06-11,-0.021705376344086
2021-06-16,0.0005037297677692234
2021-06-17,-0.011251758087201136
2021-06-18,0.009246088193456625
2021-06-21,-0.027684143763213508
2021-06-28,0.005562824638139596
2021-06-29,-0.02173159455452218
2021-06-30,-0.03438185433792652
2021-07-01,0.0010356182847023122
2021-07-02,-0.004485008449925699
2021-07-05,-0.006865100511760991
2021-07-06,-0.012791208525697994
2021-07-07,0.008021946662013396
2021-07-08,-0.017393938557217433
2021-07-09,-0.009838869257950536
2021-07-12,0.008626685864720558
2021-07-13,-0.0033747313010492786
2021-07-14,-0.00019416839482907424
2021-07-21,-0.0033094667879449364
2021-07-26,-0.0012924791509471044
2021-07-27,0.0003419115354643454
2021-07-28,-0.012780138802887442
2021-07-29,0.0009653898826109046
2021-07-30,-0.01571351581154834
2021-08-02,0.014558382730753584
2021-08-03,-0.0005358890622859458
2021-08-04,-0.00576460457120066
2021-08-05,0.001626075083705411
2021-08-06,-0.0022991605235778275
2021-08-10,0.013396365378789675
2021-08-11,-0.005183195827179066
2021-08-12,-0.00923615019071201
2021-08-13,0.015317286652078765
2021-08-16,-0.016148275862068927
2021-08-26,0.02239887005649719
2021-08-27,-0.0018416206261510082
2021-08-30,0.005535055350553542
2021-08-31,-0.031547317527290196
2021-09-01,0.002334889926617789
2021-09-02,-0.02329450915141429
2021-09-03,-0.02745724020442932
2021-09-06,0.03105
2021-09-07,-0.001296692776327224
2021-09-08,0.005352880174446221
2021-09-09,4.095906263401755e-05
2021-09-10,0.006158725123941497
2021-09-13,-0.027420108310456347
2021-09-16,-0.006297560975609761
2021-09-17,-0.014700836586726185
2021-09-22,0.011704761904761862
2021-09-24,0.019862715548860523
2021-09-27,-0.006789525236831428
2021-09-28,-0.01905929839484221
2021-09-29,0.00912035405896888
2021-09-30,-0.0051214041019064455
2021-10-01,-0.035761752808199786
2021-10-04,-0.006487156590226902
2021-10-05,-0.01172416503732097
2021-10-06,-0.008220107583658745
2021-10-07,-0.007393204119462001
2021-10-08,0.011646133718086234
2021-10-11,0.017970373106383115
2021-10-12,-0.022088236879612533
2021-10-13,-0.003189064794004773
2021-10-14,0.015406501903120186
2021-10-19,0.004282974125914252
2021-10-20,-0.008755004055005644
2021-10-21,-0.008545726702076303
2021-10-22,0.0014377024772711832
2021-10-25,0.002463739038405436
2021-10-26,0.0036296089291444813
2021-10-27,-0.004858915019453365
2021-10-28,-0.0031228474594142486
2021-10-29,-0.00032474934386888756
2021-11-01,0.012431330766019898
2021-11-02,-0.008662999415006537
2021-11-04,0.005911356985768013
2021-11-05,-0.006811382177166413
2021-11-08,-0.005863411534258681
2021-11-09,-0.015441400325954802
2021-11-10,-0.0067424091333390624
2021-11-11,0.004863552592366358
2021-11-12,0.019257183631407448
2021-11-17,-0.0009200469262810627
2021-11-18,-0.005004765993583186
2021-11-29,-0.021598002853067032
2021-11-30,-0.0313657768541026
2021-12-01,0.007452973335819492
2021-12-02,-0.004194196528953083
2021-12-03,0.0
2021-12-06,0.010880332409972193
2021-12-07,0.02160355630821329
2021-12-08,-0.007881815025471412
2021-12-09,-0.01659144821956284
2021-12-10,-0.03770723531468095
2021-12-13,-0.014179024845770952
2021-12-14,-0.01829408926417366
2021-12-17,0.000638926174496546
2021-12-20,0.0023146689019279743
2021-12-22,-0.0066523734288681
2021-12-23,-0.0012606755767412714
2021-12-24,0.005351002708864334
2021-12-27,-0.008374403456535935
2021-12-29,-0.03295374039627987
2021-12-30,-0.006270903010033413
2022-01-04,-0.02271771140092549
2022-01-05,-0.02258484718037026
2022-01-06,-0.009908002363582859
2022-01-07,-0.017094177143313124
2022-01-11,-0.010261725201608255
2022-01-12,0.02604002226012614
2022-01-13,-0.03644652899716052
2022-01-19,-0.02404615384615385
2022-01-20,0.020288573680063073
2022-01-21,0.001303468487582565
2022-01-24,0.00958641419898462
2022-01-25,-0.02151215670030114
2022-01-26,-0.002474399067000331
2022-01-27,-0.029460474211993385
2022-01-28,0.01256709268574978
2022-01-31,0.010848132114563635
2022-02-01,-0.005430606221072328
2022-02-02,0.017606973966416094
2022-02-03,-0.005832239290452292
2022-02-04,0.005955808659662278
2022-02-07,-0.0071722363706107
2022-02-08,-1.3912225104194255e-05
2022-02-09,0.009156976428036517
2022-02-10,0.006296689175851611
2022-02-14,-0.03370827728169616
2022-02-15,0.00597036884029567
2022-02-16,0.02439968350659226
2022-02-17,-0.011673646468268207
2022-02-24,-0.013336288998357948
2022-02-25,-0.019555203563044486
2022-02-28,0.029441185647425906
2022-03-02,-0.0002
2022-03-03,-0.007496430760526162
2022-03-04,-0.03445520619998473
2022-03-07,-0.011554392849356887
2022-03-08,0.00648012750742576
2022-03-09,-0.022285556918799285
2022-03-10,0.054314225723668536
2022-03-11,-0.0392193088349271
2022-03-14,-0.0063555010208251085
2022-03-17,-0.010380995475113087
2022-03-18,-0.029914285714285692
2022-03-24,0.006862146892655275
2022-03-25,-0.001893976707092415
2022-03-28,-0.012982123390355952
2022-03-29,0.017291386485288815
2022-03-30,-0.019597237102166695
2022-03-31,-0.012079819295591654
2022-04-01,0.0030042495634047357
2022-04-04,0.004828045441441353
2022-04-05,0.002489574869058485
2022-04-06,-0.013550846212454781
2022-04-07,-0.024639052374911607
2022-04-08,0.004330869132869096
2022-04-11,-0.01732565545809331
2022-04-12,-0.00815763928555544
2022-04-13,0.02714255522326562
2022-04-15,-0.0011156213986346585
2022-04-18,-0.011319377943088215
2022-04-19,0.009494348982594332
2022-04-20,-0.005739489562951973
2022-04-21,0.010750645130229363
2022-04-22,-0.00583252803337568
2022-04-25,-0.015279796134705105
2022-04-26,0.0012454744592234296
2022-04-27,-0.007498188699354558
2022-04-28,0.017503657616166787
2022-05-02,0.0014021682602922587
2022-05-06,0.010477700082242448
2022-05-09,-0.015466045454448398
2022-05-10,-0.008208457907284998
2022-05-11,-0.007973703447414033
2022-05-12,-0.01518153082719557
2022-05-13,0.020491813576380156
2022-05-16,-0.01105059506577583
2022-05-17,-0.0013887143188031636
2022-05-18,0.006733281737121066
2022-05-19,-0.021737094748639853
2022-05-23,0.021093070073557853
2022-05-24,-0.0007581501137224889
2022-05-25,-0.003793626707132014
2022-05-26,-0.010162203352457122
2022-05-27,-0.017921146953404965
2022-05-30,0.0
2022-05-31,-0.0020248175182481453
2022-06-01,0.0010626262626262984
2022-06-02,-0.03361740226986134
2022-06-06,0.013809339559706512
2022-06-07,0.0014447368421053098
2022-06-08,0.04869515749882456
2022-06-09,0.011814468391648687
2022-06-10,-0.00911272632705614
2022-06-13,-0.01959451277199622
2022-06-15,-0.033533333333333325
2022-06-16,0.0
2022-06-17,0.00940438871473348
2022-06-20,0.010669565217391352
2022-06-30,-0.020753691275167817
2022-07-01,-0.028465524625267656
2022-07-05,-0.000432404334716939
2022-07-06,0.020093914920559657
2022-07-07,-0.005448546097567818
2022-07-08,0.0037381287600577306
2022-07-11,-0.007578145949969817
2022-07-12,-0.010724357124408812
2022-07-13,0.004843129722452466
2022-07-21,0.021402526922347433
2022-07-22,0.009922670820359613
2022-07-25,-0.0016434792296164066
2022-07-26,-0.0008872032720146214
2022-07-27,0.012922381733142441
2022-07-28,0.004310542876079687
2022-07-29,-0.004899699410615237
2022-08-01,0.003102105354460478
2022-08-02,-0.017082542040123917
2022-08-03,0.0036849987344300663
2022-08-04,0.0031648442858091493
2022-08-05,0.002576207383969772
2022-08-08,0.0025435570948431838
2022-08-09,-6.029027004934444e-05
2022-08-10,-0.016669256193530355
2022-08-29,0.0018903010033443969
2022-08-30,0.0440219440967877
2022-08-31,0.0037001986521475244
2022-09-01,-0.027434905296900746
2022-09-02,-0.01001114149008887
2022-09-05,0.005850105224135293
2022-09-06,-0.0012109179134654146
2022-09-07,0.008074915805566331
2022-09-08,0.01987032197221881
2022-09-09,0.012090366252316641
2022-09-12,0.023792237690039363
2022-09-13,0.04263188087559186
2022-09-22,-0.016497166348553825
2022-09-26,0.001692808683853442
2022-09-27,0.0004747638326585204
2022-09-28,0.0026862798793165004
2022-09-29,0.021427514777107786
2022-09-30,-0.020629201263054956
2022-10-03,0.016960320985992403
2022-10-04,0.03583253023454911
2022-10-05,-0.010645337432415141
2022-10-06,0.008635981573401102
2022-10-07,-0.0025202051870932734
2022-10-11,-0.0062029140486849444
2022-10-12,-0.006174041583771023
2022-10-13,-0.007963038282313062
2022-10-14,0.08655078864353302
2022-10-18,-0.006492452830188755
2022-10-19,0.0086595675039137
2022-10-20,-0.002381804473064634
2022-10-21,-0.0070058850972068345
2022-10-24,-0.0005865861362456384
2022-10-25,0.005901474657319665
2022-10-26,0.0010401243850193874
2022-10-27,-0.005276617357120687
2022-10-28,-0.0035438432849492804
2022-10-31,0.009328359268318912
2022-11-01,0.002996086866036625
2022-11-02,0.002202107432388092
2022-11-04,-0.002672486869928243
2022-11-07,0.005859590597708378
2022-11-08,0.009001063047569136
2022-11-09,-0.001700541785710054
2022-11-10,-0.001708639772421426
2022-11-11,0.02706268340854888
2022-11-16,-0.0216774549788587
2022-11-17,0.005053098321296797
2022-11-28,-0.011201964636542239
2022-11-29,-0.011393642046698427
2022-11-30,-0.017655469906802577
2022-12-01,-0.00465765230312034
2022-12-06,0.009698989898989851
2022-12-07,-0.0014362098516678354
2022-12-08,0.0031172089758459767
2022-12-09,0.003092317727409055
2022-12-12,-0.0002738784631831301
2022-12-13,-0.006061178587242247
2022-12-14,0.005683360389171977
2022-12-16,0.006272491909385037
2022-12-19,-0.007702679528403
2022-12-21,0.013371869216532972
2022-12-22,0.010999408466102048
2022-12-23,-0.0018529843867305608
2022-12-26,0.008641118864401089
2022-12-27,0.014888013411567402
2022-12-28,0.004920126033871575
2022-12-29,-0.017241379310344862
2022-12-30,-0.0011400354479844778
2023-01-04,0.0021378348103976872
2023-01-05,0.0013178260136541995
2023-01-06,0.0021460282857359084
2023-01-10,-0.0024958108535056245
2023-01-11,0.006473760925448863
2023-01-12,-0.008337248893338584
2023-01-13,0.014657142857142902
2023-01-18,-0.0009993605115906855
2023-01-19,-0.02179999999999995
2023-01-20,-0.00020651624380673664
2023-01-23,0.018356512859866947
2023-01-24,9.866884477621412e-05
2023-01-25,0.0025775321033311652
2023-01-26,-0.00014928478489301768
2023-01-27,-0.00040946311906775467
2023-01-30,0.00036326519058265587
2023-01-31,-0.003678364303810784
2023-02-01,-0.003393577498135162
2023-02-02,-0.010336925245142575
2023-02-03,-0.0021038040396814464
2023-02-06,0.0020023794970053014
2023-02-07,0.000958338346025397
2023-02-08,0.0010466515983210988
2023-02-09,0.0013642313867025951
2023-02-10,-0.0003984741849130523
2023-02-13,-0.0067093981699596975
2023-02-14,0.0025173770669367906
2023-02-15,0.0259217416372078
2023-02-16,0.01399045467856529
2023-02-17,0.023746360153256797
2023-02-27,0.010935857461024523
2023-02-28,0.010813215859030811
2023-03-01,0.002882828035360696
2023-03-02,0.006591125541125599
2023-03-03,0.01064220716360118
2023-03-06,0.005554491476728707
2023-03-07,0.009333333333333416
2023-03-08,0.01711034108970442
2023-03-09,-0.0008255550534140167
2023-03-10,-0.007652562761961734
2023-03-13,0.0017909864495162342
2023-03-14,-0.027136364791706957
2023-03-15,0.010030179028133059
2023-03-20,-0.016670588235294125
2023-03-22,0.020134928229664985
2023-03-28,-0.006982113306506354
2023-03-29,0.013463516715505042
2023-03-30,-0.003522015949383489
2023-03-31,0.01133365911380552
2023-04-03,-0.0015394224917643176
2023-04-04,-0.013357730191754107
2023-04-05,-0.008450131500246705
2023-04-06,-0.005180117037341139
2023-04-07,-0.00400481155716018
2023-04-10,0.006228614122523662
2023-04-11,0.00587931875422251
2023-04-12,0.006761419029666578
2023-04-13,0.006964510034209992
2023-04-14,-0.005679452054794498
2023-04-17,0.00010085184813234376
2023-04-18,-0.004958241892268605
2023-04-19,-0.001749962697516457
2023-04-20,0.0046453575983310446
2023-04-21,0.0033951878682615794
2023-04-24,8.462043976302768e-05
2023-04-25,0.0001926000761291957
2023-04-26,-0.011567408542656235
2023-04-27,0.004595999588074906
2023-04-28,0.008150726482195307
2023-05-01,0.004825249227798165
2023-05-02,-0.0032240620292399266
2023-05-08,0.0022960086370102553
2023-05-09,0.008591817669415698
2023-05-10,-0.0054584725803219864
2023-05-11,-0.00233120991028966
2023-05-12,0.004042758299999857
2023-05-15,0.015211224429477649
2023-05-16,0.0030744275124359958
2023-05-17,0.015298972854573526
2023-05-18,0.0033627902352375712
2023-05-26,0.0046780487804878096
2023-05-29,0.020631067961164984
2023-05-30,-0.013079667063020217
2023-05-31,-0.005019277108433772
2023-06-07,-0.011108156975614512
2023-06-08,-0.019037182864613218
2023-06-09,0.02499315947649082
2023-06-12,0.03702552610210615
2023-06-13,0.00027601287744902746
2023-06-19,-0.011311111111111072
2023-06-20,0.00561797752808979
2023-06-21,0.014897579143389184
2023-06-22,-0.005245871559632986
2023-06-28,-0.013167581047381494
2023-06-29,0.005329796551736476
2023-06-30,-0.0060713610080017745
2023-07-03,0.01349148936170206
2023-07-04,0.0007546940977825104
2023-07-05,-0.005605248067504854
2023-07-06,-0.013976642324356808
2023-07-07,0.0026699727582150386
2023-07-10,0.015787213410558873
2023-07-11,0.001105760576714037
2023-07-12,-0.007424560283580186
2023-07-13,0.019476928010261404
2023-07-14,-0.008103780068728495
2023-07-21,0.002569492969748599
2023-07-24,0.007025129046792991
2023-07-25,0.00036541784717070115
2023-07-26,0.0014805311891511236
2023-07-27,0.011000461203175379
2023-07-28,0.0008542973145361384
2023-07-31,-0.004003535269806367
2023-08-01,0.008714509750325995
2023-08-02,-0.006918809739950147
2023-08-03,-0.014915261010407584
2023-08-04,0.00659504334483296
2023-08-07,0.009890694065335026
2023-08-08,-0.001949672857602113
2023-08-09,0.0011461008237646628
2023-08-10,-0.004666409455389451
2023-08-14,0.010437710437710468
2023-08-15,0.013462112629123424
2023-09-05,0.0024238110856018348
2023-09-06,-0.001509161868474712
2023-09-07,-0.0033926311640909575
2023-09-08,0.012136847101024346
2023-09-11,-0.0078637227348546
2023-09-12,0.007475247690324284
2023-09-13,-0.004622883402656675
2023-09-22,-0.006741090837554719
2023-09-25,0.032473267326732703
2023-09-26,-0.0017232292460015674
2023-09-27,0.008860021347025697
2023-09-28,-0.008286414395011581
2023-09-29,-0.011450688387574947
2023-10-02,0.030054777070063633
2023-10-03,-0.010917855195916808
2023-10-04,-0.01006789829637945
2023-10-05,0.016731080957765498
2023-10-06,0.006846661893606064
2023-10-10,0.01375869462875457
2023-10-11,-0.003025018467423571
2023-10-12,0.010714286472327647
2023-10-17,-0.0015497553568415644
2023-10-18,-0.0048874688110852275
2023-10-19,-0.008223290312604735
2023-10-20,0.0011337773539489059
2023-10-23,-0.013196215701065626
2023-10-24,0.0030859827437069243
2023-10-25,0.0013825244809270237
2023-10-26,-0.008849579645411868
2023-10-27,0.012619168744701793
2023-10-30,-0.008529726963889001
2023-10-31,0.004780951196042629
2023-11-01,0.013415891306438058
2023-11-02,-0.004343976485197835
2023-11-06,0.0114124783139544
2023-11-07,-0.00840560656491271
2023-11-08,-0.017667932198627456
2023-11-09,0.012152329055988188
2023-11-10,0.005822504605380599
2023-11-13,0.004526799132954528
2023-11-14,0.004589272030651271
2023-11-15,-0.014685528841501226
2023-11-16,-0.008543635843244158
2023-11-28,-0.004547826086956496
2023-11-29,-0.0010043736516333278
2023-11-30,-0.07909344262295084
2023-12-04,2.5225225225278426e-05
2023-12-05,0.003215232198577867
2023-12-06,0.01929951251218729
2023-12-07,-0.06366967559943584
2023-12-08,-0.013372621560258912
2023-12-11,0.003406490244782225
2023-12-12,-0.009343707655974472
2023-12-13,-0.0012673564117664804
2023-12-14,0.004221741662075818
2023-12-15,-0.0002
2023-12-18,-0.005977961205117643
2023-12-21,-0.0028447581414468787
2023-12-22,0.009770287344050645
2023-12-25,0.01797812609087799
2023-12-27,0.0026818443804035087
2023-12-28,-0.0015345469575846703
2023-12-29,0.00042611140101203045
2024-01-04,0.0064117667656217485
2024-01-05,-0.005411980387430532
2024-01-09,0.010510469984984793
2024-01-10,0.003458227466733738
2024-01-11,0.0017384514355641982
2024-01-12,-0.007371717171717163
2024-01-15,-0.04814520547945202
2024-01-16,-0.0025980815347721674
2024-01-17,-0.016683516483516535
2024-01-18,-0.011373184357541888
2024-01-22,-0.0007289082672721436
2024-01-23,-0.0016920382492279066
2024-01-24,-0.00013802905097449865
2024-01-25,0.0024829532925685085
2024-01-26,-0.0070373912057561435
2024-01-29,0.009184509609072725
2024-01-30,-0.0003851094694967538
2024-01-31,0.008691617292885485
2024-02-01,-0.0027960261964891757
2024-02-02,0.006198923374192744
2024-02-05,0.005361058213910664
2024-02-06,-0.003888914881720257
2024-02-07,0.0024863903900695637
2024-02-08,-0.0006788311538386954
2024-02-09,0.0006893762877273276
2024-02-13,0.019440389101682103
2024-02-14,-0.015234711684051808
2024-02-15,0.011944970691204905
2024-02-28,-0.0031807785107454073
2024-02-29,-0.0010914277801696514
2024-03-01,0.014214414414414489
2024-03-04,-0.005328596802841923
2024-03-05,0.0044642857142858094
2024-03-06,0.027759249222121852
2024-03-07,0.005530473601169694
2024-03-08,0.022053239790696167
2024-03-11,-0.006547589234342232
2024-03-12,0.03518805651438649
2024-03-13,-0.0008620060532566988
2024-03-14,-0.010341987829614617
2024-03-18,0.005452173913043513
2024-03-19,0.005852745352356226
2024-03-26,-0.0320759856390296
2024-03-27,8.250623244253294e-05
2024-03-28,-0.014464586084399267
2024-03-29,0.018789125522771663
2024-04-01,-0.01246054034089048
2024-04-02,-0.022582594099066638
2024-04-03,-0.0025820098189329238
2024-04-04,-0.0014614366657537564
2024-04-05,-0.0013858892118117276
2024-04-08,0.0026582728418737796
2024-04-09,0.00414112076317682
2024-04-10,-0.00382821912853659
2024-04-11,0.004614946301009302
2024-04-12,0.0019331398712218789
2024-04-17,-0.015731488922406858
2024-04-18,0.0023422821440614214
2024-04-19,-0.01621710263796259
2024-04-22,0.009867394748357242
2024-04-23,-0.0039059901544499973
2024-04-24,0.013003683706443735
2024-04-25,-0.019791962812492337
2024-04-26,0.006757852222568474
2024-04-30,0.01332961593598118
2024-05-01,-0.0030210628789992724
2024-05-02,0.0007366283204733805
2024-05-07,0.005742714592375739
2024-05-08,-0.005088278203339792
2024-05-09,0.004685993228463874
2024-05-10,0.01002068134731068
2024-05-13,-0.00014131427843408327
2024-05-14,-0.002191839138043062
2024-05-15,-0.007641529244618361
2024-05-16,0.005359906882503355
2024-05-17,0.003835930239672117
2024-05-28,-0.006898821007502631
2024-05-29,-0.016843672305360723
2024-05-30,-0.009465733317262304
2024-05-31,0.02678620442006328
2024-06-03,0.01514644203628034
2024-06-04,0.003245089666951362
2024-06-05,-0.003945318352059934
2024-06-06,-0.031097432812838298
2024-06-07,0.013394859214247058
2024-06-10,0.00870037892522797
2024-06-11,-0.0038811103295422365
2024-06-12,-0.014360532981441198
2024-06-13,0.014472937023287981
2024-06-17,-0.005257724024189136
2024-06-18,0.003315283456735596
2024-06-19,0.0036347615376144393
2024-06-20,-0.007223705004389868
2024-06-21,-0.009526726901777827
2024-06-24,0.02314406197901331
2024-06-25,0.02722131697498331
2024-06-26,0.005025342913128595
2024-06-27,-0.004342502071250997
2024-06-28,0.006551720270855021
2024-07-01,-0.03849479768786126
2024-07-02,-0.0020785222291797244
2024-07-03,0.0008587552448865218
2024-07-04,-0.013961103939227193
2024-07-05,0.007743851252458112
2024-07-08,0.003355311803245148
2024-07-09,-0.0021701895519124505
2024-07-10,-0.0027311406228888516
2024-07-11,0.009928052759616288
2024-07-12,0.03928913586494607
2024-07-23,-0.016423620129870163
2024-07-24,-0.006923203771482907
2024-07-25,-0.006858702995894105
2024-07-26,0.0011345202403076238
2024-07-29,0.017817158845677583
2024-07-30,0.0009788046205586826
2024-07-31,0.01663723366338097
2024-08-01,-0.03042816778745357
2024-08-02,-0.03656014808655373
2024-08-05,-0.06555370321872549
2024-08-06,0.05197966347190592
2024-08-07,0.02567580579167625
2024-08-08,-0.0009165296943930835
2024-08-09,-4.262671057623663e-05
2024-08-13,0.027308794911118383
2024-08-14,-0.010345766403484946
2024-08-15,0.009978817056396116
2024-08-28,0.009389041095890316
2024-08-29,0.005227408412483015
2024-09-03,0.015787210231814598
2024-09-04,-0.02091859428271705
2024-09-05,-0.0002
2024-09-06,-0.012809707124625917
2024-09-09,0.005552380828053972
2024-09-10,0.011266907164229612
2024-09-11,-0.040268871266452864
2024-09-12,0.014699661508704033
2024-09-13,0.0020535211267604715
2024-09-19,0.00020160642570286064
2024-09-20,-0.0014043356081894442
2024-09-26,0.02296748006026274
2024-09-27,0.008323188939351144
2024-09-30,-0.030799876622852013
2024-10-01,0.015667924115641614
2024-10-02,-0.00813796275734185
2024-10-03,-0.002272205034226915
2024-10-04,0.0068929375212588104
2024-10-07,0.008947049649314996
2024-10-08,-0.011702101406499953
2024-10-09,0.009370222148644523
2024-10-10,-0.010366231639314567
2024-10-11,0.013710894523229846
2024-10-15,0.002415062761506248
2024-10-16,-0.05836379760041734
2024-10-21,0.00222886884108251
2024-10-22,-0.011546177411836299
2024-10-23,-0.003207750554727412
2024-10-24,0.0014398410645786088
2024-10-25,-0.005815124628038563
2024-10-28,0.01830700015431939
2024-10-29,0.006689333615257284
2024-10-30,0.00794946347784762
2024-10-31,0.00017916374624026788
2024-11-01,-0.007734697608585105
2024-11-05,0.005573432008594056
2024-11-06,0.011045555344783697
2024-11-07,0.008312571928162057
2024-11-08,-0.003707845130868265
2024-11-11,0.0005135789880321208
2024-11-12,-0.0031060409055679757
2024-11-13,-0.0038598417252630707
2024-11-14,-0.001133706816059754
2024-11-15,-0.0044520208915039316
2024-11-18,0.005788735908173096
2024-11-25,-0.0020424689083371693
2024-11-26,-0.00712201199815412
2024-11-27,0.012531902510003667
2024-11-28,0.012682457580733476
2024-11-29,0.00041595318755780506
2024-12-03,0.0022786560176259797
2024-12-04,0.0007178321678321447
2024-12-05,-0.0002
2024-12-09,0.015545061810216178
2024-12-10,-0.0006070159864643609
2024-12-11,-0.0006562839187505798
2024-12-12,0.01002182633067199
2024-12-13,0.0038760869565217294
2024-12-19,0.008106595365418889
2024-12-20,0.0076646847828791605
2024-12-23,0.004016332337096063
2024-12-24,-0.007737688442211032
2024-12-27,0.003915226337448652
2024-12-30,-0.00682056648423251
2025-01-06,-0.009566757190658342
2025-01-07,-0.0015630070154126685
2025-01-08,0.0015363960792248623
2025-01-09,-0.0013772063459131891
2025-01-10,0.005440694465258937
2025-01-21,0.01428257552292398
2025-01-22,0.029658418245743865
2025-01-23,0.004308684286465929
2025-01-24,0.0003527622423253802
2025-01-27,-0.007843002369382148
2025-01-28,0.0042236041682628235
2025-01-29,0.0068121938565242355
2025-01-30,0.0071374437802977945
2025-01-31,0.0014337829110884325
2025-02-03,-0.015902976571055223
2025-02-04,-0.0011322352299669906
2025-02-05,0.0009529983136400947
2025-02-06,0.008481141521629387
2025-02-07,-0.0006394849764622442
2025-02-10,0.005752205734150388
2025-02-12,0.0021015836686658143
2025-02-13,0.015677744707473715
2025-02-14,0.018982882762066305
2025-02-17,0.010087338697402734
2025-02-18,0.05038823767145981
2025-02-27,0.008195802098950522
2025-02-28,-0.01332510604280015
2025-03-03,0.012979351032448294
2025-03-04,-0.014269073966220125
2025-03-05,0.0025645567773583183
2025-03-06,0.017136036466805716
2025-03-07,-0.004325973265684469
2025-03-10,0.010214621360734928
2025-03-11,-0.012111384606721497
2025-03-12,0.005233889645544265
2025-03-13,0.029166306027820645
2025-03-25,-0.0013806797853309848
2025-03-26,0.01611921051688925
2025-03-27,0.008213769520922343
2025-03-28,-0.005899300699300802
2025-03-31,-0.024328776931467476
2025-04-01,0.0012422027697644555
2025-04-02,0.004794984645454834
2025-04-03,0.004057406496700592
2025-04-04,-0.0107190698363324
2025-04-07,-0.022607518871305726
2025-04-08,0.04305700357430452
2025-04-09,-0.011894868662411788
2025-04-10,0.061169991479216715
2025-04-11,0.00888737914247673
2025-04-14,0.037131416090280256
2025-04-15,-0.008950508950508973
2025-04-16,-0.02144119087119081
2025-04-17,0.008575163996821818
2025-04-18,0.011091871007373074
2025-04-21,-0.006089969028182078
2025-04-22,0.002777333041292425
2025-04-23,0.01083161094073575
2025-04-24,0.00201722048564837
2025-04-25,0.01485509709489923
2025-04-28,0.00791071193761207
2025-04-30,0.003153899655945872
2025-05-01,0.0009567191303212358
2025-05-02,0.00018845300077541556
2025-05-07,0.003044422932477894
2025-05-08,0.004057259735511126
2025-05-09,0.013419463615049301
2025-05-12,0.009687674421833901
2025-05-13,0.005069612908841655
2025-05-14,0.0021081132344979566
2025-05-15,-0.008803589324297206
2025-05-16,0.013902907039879656
2025-05-19,-0.01554693500941453
2025-05-27,0.005115822388993086
2025-05-28,-0.008709175738724761
2025-05-29,-0.008471917163476617
2025-05-30,0.006237312389816263
2025-06-02,-0.002126905352711761
2025-06-03,0.008170515097690956
2025-06-04,0.006846130157132957
2025-06-05,0.009930766218017377
2025-06-06,-0.008362212587564699
2025-06-09,0.03495475113122182
2025-06-10,0.0027141259028834242
2025-06-11,0.0017113864677557097
2025-06-12,-0.012060397196261697
2025-07-01,-0.008722620414112002
2025-07-02,0.04147784599857016
2025-07-03,0.0032482758620688613
2025-07-04,-0.011082016036655174
2025-07-07,0.0017845331598579158
2025-07-08,0.0023078009949472843
2025-07-09,0.0168982263816437
2025-07-10,-0.0010207536431421692
2025-07-11,-0.00011295909984254185
2025-07-14,-0.0010001026829691503
2025-07-18,-0.0033970060597826816
2025-07-22,-0.011770139152658364
2025-07-23,0.04169692864665762
2025-07-24,0.004634894530321487
2025-07-25,-0.002478093038981466
2025-07-28,0.0015499323625037219
2025-07-29,0.003244740806778791
2025-07-30,0.00492808133910073
2025-07-31,0.0018297672911388265
2025-08-01,0.0019434517436254593
2025-08-04,0.0007146191445539453
2025-08-05,0.0025560950165019504
2025-08-06,0.0068955954859555545
2025-08-07,0.01081749885850821
2025-08-08,0.014491649741523024
2025-08-12,-0.002631306937078822
2025-08-13,0.003348568986922168
2025-08-14,-0.003054606500134294
2025-08-15,-0.0019142857142856683
2025-08-27,-0.007520644216691096
2025-08-28,-0.009049557522123908
2025-09-02,0.007840500297796349
2025-09-03,-0.007880945347119606
2025-09-05,0.005784996738421344
2025-09-08,0.02086602060914354
2025-09-09,0.006659456516066764
2025-09-10,0.006547140236254523
2025-09-11,-0.0030305863641230117
2025-09-12,-0.0099749488520118
2025-09-25,-0.008880888353369665
2025-09-26,-0.002753379743730488
2025-09-29,0.052183173588924436
2025-09-30,-0.02822912592505984
2025-10-01,-0.022034627524323485
2025-10-02,-0.0020453762996869144
2025-10-03,0.010019167333446256
2025-10-06,0.0035243281936951734
2025-10-07,-0.004899123953593468
2025-10-08,0.011210614605213193
2025-10-09,0.012164565925007979
2025-10-10,-0.00465034686256575
2025-10-14,-0.011611440313954634
2025-10-15,0.00801435479445276
2025-10-16,-0.0008809343902290382
2025-10-22,0.007994596821823996
2025-10-23,0.0032098571142778125
2025-10-24,0.0003780898314752025
2025-10-27,0.010426414082708339
2025-10-28,-0.016096928959247633
2025-10-29,-0.01067457412045628
2025-10-30,0.010954252428369438
2025-10-31,0.0028363146845973774
2025-11-04,9.777128874797449e-05
2025-11-05,-0.005153030192460614
2025-11-06,0.006766907300921859
2025-11-07,-0.001764922849030622
2025-11-10,0.00942562242036814
2025-11-11,-0.0037114059084069964
2025-11-12,0.011143640768749883
2025-11-13,0.007168896058223787
2025-11-17,0.004142965259181208
2025-11-18,-0.028774178655422145
2025-11-26,0.017357251908396855
2025-11-27,0.02425288245138211
2025-11-28,-0.00418895366676899
2025-12-02,0.0030173150043872666
2025-12-03,-0.012153352769679349
2025-12-08,0.015824467876349665
2025-12-09,-0.005002592151893411
2025-12-10,0.0029631805192715487
2025-12-11,-0.015959684113482527
2025-12-12,0.0006027829810008935
2025-12-18,0.003443835616438329
2025-12-19,-0.02476801244779294
2025-12-24,0.0002545409752059747
2025-12-25,0.011548006697381076
2025-12-26,0.01827818351877474
2025-12-29,-0.021180555555555536
2025-12-30,-0.009320547417783452
2026-01-05,-0.0001917014679474321
2026-01-06,0.004639094324753691
2026-01-07,-0.002458042009887814
2026-01-08,-0.004732423943351747
2026-01-09,-0.001057328058241111
2026-01-13,0.004260505292503942
2026-01-19,0.029323338281378876
2026-01-20,-0.038969625120153804
2026-01-21,-0.0008172839506173311
2026-01-22,-0.002402048319643863
2026-01-23,0.0013494220640441932
2026-01-26,-0.009152819768103868
2026-01-27,0.004487171306968031
2026-01-28,-0.006744173262425386
2026-01-29,0.001917791189290433
2026-01-30,0.0010714203235204893
2026-02-02,-0.01432310144173372
2026-02-03,0.019754014737724913
2026-02-04,0.010921738916444265
2026-02-05,-0.0023475985651848644
2026-02-06,0.009239920477149837
2026-02-09,0.010535739366317574
2026-02-10,0.01696948551823104
2026-02-12,0.01384985922872054
2026-02-13,-0.01517088189443278
2026-02-16,0.020397500189933415
2026-02-17,-0.0038510716608399884
2026-02-18,0.008143265792610354
2026-02-26,-0.003181119576018543
2026-02-27,0.007441283395170672
2026-03-02,-0.003659174072138005
2026-03-03,-0.03725078698845752
2026-03-04,-0.01900108991825613
2026-03-05,-0.006618485237484006
2026-03-06,0.003395833431508832
2026-03-09,-0.002397077936598232
2026-03-10,0.023044466059336174
2026-03-11,0.03346074235645634
2026-03-12,-0.03563913713405233
2026-03-13,0.01158082191780816
2026-03-16,0.012391389114541051
2026-03-24,-0.0002
2026-03-25,-0.0017477424992717872
2026-03-26,-0.02626203676685146
2026-03-27,-0.006326390420966021
2026-03-30,0.0020172676089028397
2026-03-31,-0.0016001950926140132
2026-04-01,0.02531603346588481
2026-04-02,-0.005157746958799922
2026-04-03,0.011593031340002788
2026-04-06,0.003543072170322763
2026-04-07,0.0036966271702485224
2026-04-08,0.008418830015297692
2026-04-09,-0.015585346774073763
2026-04-10,-0.015072934700708668
2026-04-13,0.005794247021477052
2026-04-15,0.02363909836698317
2026-04-16,-0.00024609328979101575
2026-04-17,0.010154614309526355
2026-04-20,0.005286314518346669
2026-04-21,0.004688192911712529
2026-04-22,-0.007027584733049666
2026-04-23,-0.007675478832933463
2026-04-24,0.0004733876090377713
2026-04-27,0.0009608388370381152
2026-04-28,0.01332708552209626
2026-04-30,-0.0039463775554073295
2026-05-01,-0.0007163707699043804
2026-05-07,0.020171093276661195
2026-05-08,0.004274873451060872
2026-05-11,0.004149925782613284
2026-05-12,0.0033159603456172234
2026-05-13,0.007041389450351362
2026-05-14,-0.005878502507989305
2026-05-15,0.01438953339332009
2026-05-18,0.006658057235491066
2026-05-19,0.021954252144565763
2026-05-20,-0.05949895615866385
2026-05-21,0.025527192008879096
2026-05-22,0.02144502164502169
2026-05-26,-0.011128013876843057
2026-05-27,0.003332164152928696
2026-05-28,0.0003495892326517147
2026-05-29,0.050996924689848046
2026-06-02,-0.04007730061349692
2026-06-03,-0.0067728302256717145
2026-06-04,-0.016384585591750583
2026-06-05,0.01192290016357438
2026-06-08,0.004931649074234268
2026-06-09,-0.002066977351356819
2026-06-10,-0.004615885621535344
2026-06-11,-0.013708900907434212
2026-06-12,-0.006513477902827324
2026-06-17,-0.0019201834862384803
2026-06-18,0.024698449167145364
2026-06-19,0.029147982062780242
2026-06-22,0.029756427015250587
2026-07-01,0.02036902985074627
2026-07-02,-0.014191817371648091
2026-07-03,0.002198744225222693
2026-07-06,0.03155183515775928
2026-07-07,-0.003525700930949212
2026-07-08,-0.015371459513257373
2026-07-09,0.001134206687209301
2026-07-10,-0.008072598365373072
2026-07-13,0.0014202091803730012
2026-07-14,0.007713497743648469
2026-07-22,0.0045752808988763554
2026-07-23,0.004060841386968305
2026-07-24,0.0036002106445438696
2026-07-27,0.027648909220756513
2026-07-28,0.0008105912851695766
2026-07-29,0.0021606854135258965
2026-07-30,-0.0065785768809699585
2026-07-31,0.0029229392835607984
2026-08-03,-0.0019528911409419894
2026-08-04,0.012767464653027397
2026-08-05,0.022578924334211617
2026-08-06,0.006812077964750027
2026-08-07,-0.021903865027635798
2026-08-10,0.0037479525330534344
2026-08-12,0.01199481268529805
