hypothesis,scale,horizon,N,gross,net,wr,t_stat,pf,sharpe
H1a_MA25<-15%,TOPIX500,5,2718,3.228392164268174,3.1283921642681736,66.96100073583517,21.242610420544594,2.8251634833103183,2.8030660497494075
H1b_MA25<-10%,TOPIX500,5,8384,1.8868881479780417,1.7868881479780419,62.11832061068703,25.321060527354938,2.0460757914149728,1.859185555043297
H1c_MA25 -10〜-5%,TOPIX500,5,23332,0.6009585762191852,0.5009585762191853,56.21464083661923,18.546410194385057,1.3346138598554917,0.7185490572205937
H2a_20d下落<-20%,TOPIX500,5,2929,3.0218313547025297,2.9218313547025296,66.64390576988734,22.240941249651513,2.9178641659334654,2.820938820187484
H2b_20d下落<-10%,TOPIX500,5,19828,1.2925634337654606,1.1925634337654605,59.421020778696786,31.636208207772714,1.7976716750786021,1.4716002788174998
H3a_20d上昇>+20%,TOPIX500,5,8606,0.195346938814607,0.09534693881460717,48.01301417615617,2.7028741305785937,1.0410590106146655,0.10095795925201448
H3b_20d上昇>+10%,TOPIX500,5,37953,0.24798948618150055,0.1479894861815006,49.90119358153506,8.94242451605154,1.0815672525234112,0.19446663057068755
H4a_BB<-1.8σ,TOPIX500,5,3967,1.7947473827455442,1.6947473827455442,63.62490547012855,18.22522491298949,2.18014297547612,1.9398078287280849
H4b_BB<-1.5σ,TOPIX500,5,7098,1.324085084536041,1.224085084536041,60.946745562130175,18.97500761543788,1.8262569767965895,1.4781719006876752
H5_52週高値×vol≥1.5x,TOPIX500,5,3215,0.19349639152436,0.09349639152436008,50.07776049766719,2.047450735118447,1.0496956283835048,0.12386831209282671
H6_5MA>25MA,TOPIX500,5,7755,0.34135127527170184,0.24135127527170186,51.06382978723404,7.00257267811233,1.1717446238653424,0.39914441823875474
H7a_5d<-8%,TOPIX500,5,8321,1.5263310779149657,1.426331077914966,59.2116332171614,19.718858366462598,1.7372626095995125,1.4341047451968991
H7b_5d>+10%,TOPIX500,5,7268,0.8369660903664017,0.7369660903664018,53.150798018712166,10.83741679100743,1.3756747634368016,0.7946451321687874
H8a_vol≥2.0x×陰線,TOPIX500,5,5636,1.0028302342941702,0.9028302342941702,56.52945351312988,13.761943498652647,1.61963535291354,1.1716238989777372
H8b_vol≥1.5x×陰線,TOPIX500,5,12982,0.7667177820673134,0.6667177820673136,55.014635649360656,16.40146264331441,1.4387012745096153,0.8886557341985916
H9a_MA25 -5〜0%,TOPIX500,5,85515,0.32603271869773176,0.22603271869773175,53.832660936677776,22.738000785527905,1.168794304899636,0.38269828728147176
H9b_MA25 -10〜-5%,TOPIX500,5,23332,0.6009585762191852,0.5009585762191853,56.21464083661923,18.546410194385057,1.3346138598554917,0.7185490572205937
H10_vol≥2.0x×大陽線,TOPIX500,5,4962,0.4308918308859966,0.3308918308859967,51.41072148327287,5.306303358599156,1.1757295916948982,0.410673564560154
H11_52高値-30%超下,TOPIX500,5,25179,0.6066179130853195,0.5066179130853197,54.34290480162039,17.22579056552557,1.2906181830892312,0.6436362604910063
H12_20日高値×vol≥1.5x,TOPIX500,5,8391,0.25996401599385655,0.15996401599385662,50.256226909784296,4.519807744376508,1.0910267210599158,0.21554474094378498
H1a_MA25<-15%,TOPIX500,10,2718,5.6787702004819165,5.578770200481917,72.99484915378956,29.862973634842398,4.483540693481673,2.824832965474241
H1b_MA25<-10%,TOPIX500,10,8384,3.6832436237382433,3.5832436237382437,67.10400763358778,36.872457080483805,2.93507521784499,1.966629753448766
H1c_MA25 -10〜-5%,TOPIX500,10,23332,1.4091351674291297,1.30913516742913,58.26332933310475,30.59508529857659,1.687097110115284,0.9341310128353508
H2a_20d下落<-20%,TOPIX500,10,2929,5.338783826900222,5.238783826900223,71.93581427108228,29.143569939801765,4.285112902348512,2.6525982333821876
H2b_20d下落<-10%,TOPIX500,10,19828,2.5490071827112586,2.4490071827112585,63.062336090377244,44.103522150906755,2.3239618222449594,1.5106125517173892
H3a_20d上昇>+20%,TOPIX500,10,8606,0.9046070151483696,0.8046070151483697,50.76690680920288,8.502353052981913,1.2653109038085626,0.4092254148533956
H3b_20d上昇>+10%,TOPIX500,10,37953,0.7011648216211831,0.6011648216211833,52.48596948857798,17.188123534488767,1.2448304409162243,0.37973368323730017
H4a_BB<-1.8σ,TOPIX500,10,3967,2.9916293276367765,2.891629327636777,64.83488782455255,22.804917535554146,2.6591265954677197,1.7568412301026708
H4b_BB<-1.5σ,TOPIX500,10,7098,2.2813090861844323,2.1813090861844326,61.72161172161172,24.160502149221596,2.1732252916198482,1.3764844432222096
H5_52週高値×vol≥1.5x,TOPIX500,10,3215,0.8212300538511381,0.7212300538511384,53.74805598755832,6.041629183814879,1.3145193115257072,0.4697565333839742
H6_5MA>25MA,TOPIX500,10,7755,0.47299928026055993,0.37299928026056006,51.9277885235332,6.633126880499672,1.1831653188475035,0.2981777188342715
H7a_5d<-8%,TOPIX500,10,8321,2.7152938495195817,2.6152938495195825,61.122461242639105,26.138160045628638,2.1213802836141515,1.3854510266350843
H7b_5d>+10%,TOPIX500,10,7268,1.713152344649693,1.613152344649693,54.62300495321959,14.922044858029606,1.636433390372882,0.8273714887555931
H8a_vol≥2.0x×陰線,TOPIX500,10,5636,1.99901642685728,1.8990164268572796,59.102200141944635,19.447900023531645,2.06436278931729,1.2353779628859751
H8b_vol≥1.5x×陰線,TOPIX500,10,12982,1.6514602332345882,1.5514602332345884,57.91095362810045,25.028194041274723,1.820192905803842,1.0359326215011009
H9a_MA25 -5〜0%,TOPIX500,10,85515,0.6996119032988569,0.5996119032988569,54.45477401625446,34.29901345865488,1.3305443257878804,0.5046308588732628
H9b_MA25 -10〜-5%,TOPIX500,10,23332,1.4091351674291297,1.30913516742913,58.26332933310475,30.59508529857659,1.687097110115284,0.9341310128353508
H10_vol≥2.0x×大陽線,TOPIX500,10,4962,1.2544606769367725,1.1544606769367727,54.212011285771865,11.24138699053601,1.5260081837561499,0.7372484730280792
H11_52高値-30%超下,TOPIX500,10,25179,1.2856081246938182,1.1856081246938184,56.63449700146948,25.528086496538958,1.5152141633353515,0.7447865969472395
H12_20日高値×vol≥1.5x,TOPIX500,10,8391,0.8121299295440858,0.7121299295440859,53.259444643069955,9.667992259834502,1.3182150862275226,0.4645831205418389
H1a_MA25<-15%,TOPIX500,20,2718,8.213448103497809,8.11344810349781,74.46651949963208,33.333162005870534,5.714818091607626,2.2419039627995123
H1b_MA25<-10%,TOPIX500,20,8384,5.783530281328069,5.683530281328069,67.60496183206108,42.7594957172113,3.560168899111397,1.6289860938558898
H1c_MA25 -10〜-5%,TOPIX500,20,23332,2.1707767707436254,2.070776770743625,57.967598148465626,33.97386397064919,1.8152524752110137,0.7531341683703553
H2a_20d下落<-20%,TOPIX500,20,2929,6.997450008896015,6.897450008896016,69.6483441447593,27.883841271120417,4.140595693258444,1.802714473576985
H2b_20d下落<-10%,TOPIX500,20,19828,3.54453215148469,3.44453215148469,61.171071212426874,44.517172414548675,2.3715353501781635,1.0905478145831935
H3a_20d上昇>+20%,TOPIX500,20,8606,2.532519208536018,2.4325192085360174,54.0785498489426,15.625339680706094,1.611692058060545,0.5742719438842286
H3b_20d上昇>+10%,TOPIX500,20,37953,1.9844347217192304,1.8844347217192303,55.128711827787,32.78751926919922,1.5891924854767006,0.5673029691980922
H4a_BB<-1.8σ,TOPIX500,20,3967,5.410068076040423,5.310068076040424,69.22107385933955,32.72400861252175,4.1988569908443125,1.8101644417148188
H4b_BB<-1.5σ,TOPIX500,20,7098,4.394330182655636,4.294330182655636,65.70865032403493,36.44184316867762,3.310251523615599,1.5004459557331222
H5_52週高値×vol≥1.5x,TOPIX500,20,3215,2.1222496638302646,2.0222496638302645,54.65007776049766,10.221127884230164,1.657140551930445,0.609722054672567
H6_5MA>25MA,TOPIX500,20,7755,0.8968331121408898,0.7968331121408899,52.52095422308189,8.612056214044129,1.2771203312732673,0.308430249830519
H7a_5d<-8%,TOPIX500,20,8321,5.097850036385747,4.997850036385747,66.0377358490566,38.12022849278541,3.1150924727431324,1.4542838181188096
H7b_5d>+10%,TOPIX500,20,7268,2.2534259363917277,2.1534259363917276,52.311502476609796,13.196511341271504,1.5496464173098052,0.5250777304749824
H8a_vol≥2.0x×陰線,TOPIX500,20,5636,2.791975998756073,2.6919759987560727,59.08445706174592,21.553405969033893,2.1955483892886187,0.9825964537365129
H8b_vol≥1.5x×陰線,TOPIX500,20,12982,2.4772252711576055,2.3772252711576054,57.695270374364505,28.208458792263926,1.979468458506738,0.8433321660027361
H9a_MA25 -5〜0%,TOPIX500,20,85515,1.2776745987735316,1.1776745987735313,54.87575279190785,44.2497039141098,1.4820588480906325,0.49508473823026466
H9b_MA25 -10〜-5%,TOPIX500,20,23332,2.1707767707436254,2.070776770743625,57.967598148465626,33.97386397064919,1.8152524752110137,0.7531341683703553
H10_vol≥2.0x×大陽線,TOPIX500,20,4962,2.16957069858077,2.06957069858077,56.38855300282144,13.697170206347945,1.726456560342846,0.6584066447665101
H11_52高値-30%超下,TOPIX500,20,25179,2.17970326906051,2.0797032690605097,57.23420310576274,30.75148969250414,1.6777289582128956,0.6563510611245509
H12_20日高値×vol≥1.5x,TOPIX500,20,8391,1.8965447203655996,1.7965447203655995,55.058991776903824,15.435651689597954,1.6068071029117112,0.5666022914550372
H1a_MA25<-15%,Core30,5,202,3.9578874799285315,3.8578874799285323,73.26732673267327,6.716233807184386,3.265980208070447,3.2700282411706962
H1b_MA25<-10%,Core30,5,560,2.20728831882717,2.1072883188271696,63.74999999999999,7.233144783096113,2.186237181953618,2.0716353246371146
H1c_MA25 -10〜-5%,Core30,5,1426,0.8176937997611646,0.7176937997611647,57.57363253856943,5.526243772582168,1.4356646104113084,0.9118723216351399
H2a_20d下落<-20%,Core30,5,218,3.733090732949243,3.6330907329492432,76.14678899082568,7.398732180174873,3.793765567557529,3.4621990022849896
H2b_20d下落<-10%,Core30,5,1296,1.6564487240824501,1.5564487240824503,61.882716049382715,9.59735761896907,1.9809055408482086,1.778366490526366
H3a_20d上昇>+20%,Core30,5,622,0.06283834637469854,-0.037161653625301355,44.21221864951769,0.25767512310290597,0.9838848851934147,-0.04337733348502952
H3b_20d上昇>+10%,Core30,5,3031,0.11700071789192902,0.01700071789192908,46.387330913889805,1.249645863782758,1.0091205935168548,0.023414667253004236
H4a_BB<-1.8σ,Core30,5,249,1.8931062075379101,1.7931062075379103,59.43775100401606,4.236748495797057,2.080214478769968,1.8054244229484668
H4b_BB<-1.5σ,Core30,5,416,1.7541050985764752,1.654105098576475,58.894230769230774,5.3998435429027944,2.043952596268711,1.7723817475668247
H5_52週高値×vol≥1.5x,Core30,5,249,-0.10204603237201854,-0.20204603237201837,44.97991967871486,-0.35310608951086475,0.8879569461257663,-0.3145393643491148
H6_5MA>25MA,Core30,5,483,0.331087309673719,0.2310873096737191,51.96687370600414,1.6559967491822933,1.1508871967377534,0.37336598052206416
H7a_5d<-8%,Core30,5,620,1.5452850729599106,1.4452850729599107,59.83870967741935,5.119164096020957,1.669820655674555,1.3650965921401312
H7b_5d>+10%,Core30,5,596,-0.0017024867952507685,-0.10170248679525086,45.63758389261745,-0.007329420352528363,0.9533945833204043,-0.12732379899053692
H8a_vol≥2.0x×陰線,Core30,5,275,1.6843227635217146,1.5843227635217147,59.63636363636363,4.770364073279106,2.150824072703271,1.9209620755548462
H8b_vol≥1.5x×陰線,Core30,5,707,1.18284577948029,1.08284577948029,56.15275813295615,5.611191499757332,1.7192198734787525,1.3715104958702673
H9a_MA25 -5〜0%,Core30,5,4968,0.4221114585078855,0.3221114585078856,53.925120772946855,6.507067222522129,1.2225403706628752,0.5001367881013874
H9b_MA25 -10〜-5%,Core30,5,1426,0.8176937997611646,0.7176937997611647,57.57363253856943,5.526243772582168,1.4356646104113084,0.9118723216351399
H10_vol≥2.0x×大陽線,Core30,5,259,1.1482324364560663,1.0482324364560665,57.91505791505791,3.1338673326690754,1.6214245949705934,1.2620419087020567
H11_52高値-30%超下,Core30,5,1578,0.7400701107670019,0.6400701107670018,53.80228136882129,5.060569782923259,1.3488522279108959,0.7821965021770949
H12_20日高値×vol≥1.5x,Core30,5,534,0.3238558921027751,0.2238558921027752,48.50187265917603,1.5293930934996143,1.1332171876495982,0.3247734295741742
H1a_MA25<-15%,Core30,10,202,6.229355058249251,6.129355058249251,73.76237623762376,9.223134914534457,5.076002097053067,3.205345448971017
H1b_MA25<-10%,Core30,10,560,3.919736320369167,3.819736320369167,68.57142857142857,10.54924332258245,3.161401810235018,2.180741044248361
H1c_MA25 -10〜-5%,Core30,10,1426,2.121030898925673,2.0210308989256727,61.22019635343619,10.413762075196002,2.0639783962415583,1.319089054697989
H2a_20d下落<-20%,Core30,10,218,6.004825215435383,5.904825215435381,77.52293577981652,9.835487955472574,5.713752206778775,3.2883240636637545
H2b_20d下落<-10%,Core30,10,1296,3.0175173577062946,2.917517357706294,64.2746913580247,12.66487447233242,2.483275838569666,1.7075063633794212
H3a_20d上昇>+20%,Core30,10,622,1.245544783389275,1.1455447833892751,52.89389067524116,3.582197782124071,1.4149356246946818,0.6631432654674325
H3b_20d上昇>+10%,Core30,10,3031,0.6045364010276093,0.5045364010276094,50.742329264269216,4.374382906866803,1.202489056793426,0.33288493928199536
H4a_BB<-1.8σ,Core30,10,249,3.672018341574745,3.5720183415747444,65.46184738955823,6.774643486889235,3.3957506229377494,2.096504895353974
H4b_BB<-1.5σ,Core30,10,416,3.2031451413882857,3.103145141388285,64.90384615384616,7.880050860041397,2.9368350775139676,1.8789191671077394
H5_52週高値×vol≥1.5x,Core30,10,249,0.1624474530542266,0.06244745305422675,45.38152610441767,0.4037362432739037,1.0281641718415597,0.04937420979399614
H6_5MA>25MA,Core30,10,483,0.6874179087663537,0.5874179087663537,53.002070393374744,2.3916687697830716,1.2771794363577607,0.46682497019491603
H7a_5d<-8%,Core30,10,620,2.893037996077168,2.793037996077168,63.064516129032256,7.3294132144572925,2.123925625484173,1.4265806820781897
H7b_5d>+10%,Core30,10,596,0.9388369437447796,0.8388369437447797,53.85906040268457,3.08006730882377,1.3548847784981712,0.5658804966780028
H8a_vol≥2.0x×陰線,Core30,10,275,3.282797156441002,3.1827971564410023,62.54545454545455,6.76028606797753,3.058715449258665,1.9841016131683276
H8b_vol≥1.5x×陰線,Core30,10,707,2.336376202290924,2.2363762022909244,59.54738330975955,8.202717080879914,2.247527991492517,1.4823487255122334
H9a_MA25 -5〜0%,Core30,10,4968,0.9234075681587713,0.8234075681587715,55.49516908212561,9.857303087126226,1.417384822907522,0.6260211582781678
H9b_MA25 -10〜-5%,Core30,10,1426,2.121030898925673,2.0210308989256727,61.22019635343619,10.413762075196002,2.0639783962415583,1.319089054697989
H10_vol≥2.0x×大陽線,Core30,10,259,1.8569972237536139,1.7569972237536142,58.301158301158296,4.055193827989467,1.8976110720109332,1.1968006774987652
H11_52高値-30%超下,Core30,10,1578,1.9586117688764455,1.8586117688764456,57.28770595690747,9.275945313169403,1.8302855907033186,1.1123597698561676
H12_20日高値×vol≥1.5x,Core30,10,534,0.7008678985707529,0.6008678985707531,48.68913857677903,2.3805161049063073,1.2713532243829513,0.4433468218195039
H1a_MA25<-15%,Core30,20,202,9.513377379975923,9.413377379975923,76.73267326732673,10.462154352125111,7.185742933540157,2.5854816265236553
H1b_MA25<-10%,Core30,20,560,5.75089635751275,5.6508963575127495,66.60714285714285,10.674125526959289,3.1808696541360644,1.5732776243080044
H1c_MA25 -10〜-5%,Core30,20,1426,3.238817358573006,3.1388173585730064,59.53716690042076,11.471108513528074,2.1841093160335787,1.044986031929431
H2a_20d下落<-20%,Core30,20,218,8.97932235907891,8.879322359078909,76.60550458715596,10.114548833362058,6.521142023494368,2.404583160085958
H2b_20d下落<-10%,Core30,20,1296,4.203039349801234,4.103039349801234,61.419753086419746,12.763952948075223,2.4915729979981682,1.2285990988244657
H3a_20d上昇>+20%,Core30,20,622,4.3756584435814245,4.275658443581424,61.09324758842444,7.750499855989792,2.328445083778177,1.0779022616302398
H3b_20d上昇>+10%,Core30,20,3031,2.1922192204241226,2.092219220424123,57.04387990762124,10.591722812041649,1.6738610064776607,0.6517516170590004
H4a_BB<-1.8σ,Core30,20,249,6.076102450827955,5.976102450827955,71.4859437751004,8.955049664074508,4.577246779719996,1.9812831402641065
H4b_BB<-1.5σ,Core30,20,416,5.472216587090733,5.372216587090732,68.02884615384616,10.572487155316106,3.9631198894613076,1.806367075041525
H5_52週高値×vol≥1.5x,Core30,20,249,1.6422310852141615,1.5422310852141616,57.831325301204814,2.776639116716717,1.5554513614123386,0.5865705042638084
H6_5MA>25MA,Core30,20,483,0.9348842379743387,0.834884237974339,55.072463768115945,2.3392614506172764,1.2891091658774714,0.3374107346504617
H7a_5d<-8%,Core30,20,620,5.043707887251047,4.943707887251047,65.48387096774194,10.214862763712066,2.878088415414882,1.42733146419094
H7b_5d>+10%,Core30,20,596,1.6217608050388008,1.521760805038801,54.0268456375839,3.2574422951259834,1.4020927747413985,0.444424986273702
H8a_vol≥2.0x×陰線,Core30,20,275,3.4160866882456373,3.3160866882456372,62.18181818181818,5.653506568177533,2.416431481906175,1.1747185288066853
H8b_vol≥1.5x×陰線,Core30,20,707,3.2395271073053893,3.139527107305389,60.67892503536068,8.578996232461133,2.3538113734029484,1.1099276273975653
H9a_MA25 -5〜0%,Core30,20,4968,1.8026297794545414,1.7026297794545415,55.3341384863124,14.135898687010918,1.6906153737568894,0.6724060100726169
H9b_MA25 -10〜-5%,Core30,20,1426,3.238817358573006,3.1388173585730064,59.53716690042076,11.471108513528074,2.1841093160335787,1.044986031929431
H10_vol≥2.0x×大陽線,Core30,20,259,2.744648257789977,2.6446482577899766,60.231660231660236,4.315955473305045,1.9991544376674668,0.9172623533246519
H11_52高値-30%超下,Core30,20,1578,3.5013269753888183,3.4013269753888187,59.125475285171106,11.373584386793022,2.158540297286601,0.9872902337877917
H12_20日高値×vol≥1.5x,Core30,20,534,1.7812331445113387,1.6812331445113387,58.98876404494382,4.107395652423227,1.5692131455173457,0.5955090401297634
H1a_MA25<-15%,Large70,5,408,3.253337765799308,3.153337765799309,65.44117647058823,7.107982195460426,2.4704160584676123,2.4214352227156875
H1b_MA25<-10%,Large70,5,1100,2.279852678909302,2.179852678909302,62.727272727272734,9.842761812102623,2.1852831855796606,2.0144489246341313
H1c_MA25 -10〜-5%,Large70,5,3087,0.5714663849736663,0.4714663849736664,58.47100745059929,6.602793129589403,1.3191010893096127,0.6960407854500534
H2a_20d下落<-20%,Large70,5,421,3.4059785818718527,3.305978581871853,65.55819477434679,8.097488832057422,2.875219352951835,2.719460161362176
H2b_20d下落<-10%,Large70,5,2559,1.5590391126035326,1.4590391126035327,60.68776865963267,13.28235219969921,2.0220438141151535,1.744476167888155
H3a_20d上昇>+20%,Large70,5,1208,-0.044454146322657144,-0.14445414632265702,46.771523178807946,-0.26279348834060917,0.9373227896584388,-0.17442717147628647
H3b_20d上昇>+10%,Large70,5,5627,0.2323766349733489,0.1323766349733489,50.29322907410698,3.462839389867424,1.0751036638097966,0.18669300162125227
H4a_BB<-1.8σ,Large70,5,550,1.775821595697591,1.6758215956975913,62.54545454545455,5.960765480295315,1.9861993600570047,1.7028030068688198
H4b_BB<-1.5σ,Large70,5,987,1.3819886573775444,1.281988657377544,60.58763931104356,6.580133453218717,1.781725170281517,1.3793392601860797
H5_52週高値×vol≥1.5x,Large70,5,436,0.18054816659827072,0.08054816659827077,48.853211009174316,0.6805421962464697,1.0414567093588865,0.10322613312364473
H6_5MA>25MA,Large70,5,1098,0.4402739629805781,0.34027396298057816,51.36612021857923,3.2573322731505807,1.2363186248336449,0.5393639015205886
H7a_5d<-8%,Large70,5,1110,1.8110083115571678,1.7110083115571681,60.450450450450454,7.7771061255111515,1.8440251413673077,1.565681715838044
H7b_5d>+10%,Large70,5,1001,0.4145089292661559,0.314508929266156,51.048951048951054,2.307823313207315,1.1613595111886597,0.3929161457806589
H8a_vol≥2.0x×陰線,Large70,5,683,1.1937090954906449,1.093709095490645,59.443631039531475,5.888321419901006,1.788095851041625,1.465546982356613
H8b_vol≥1.5x×陰線,Large70,5,1687,0.9990633480241164,0.8990633480241166,56.72791938352104,7.777732342202978,1.636084597159028,1.2097844196397374
H9a_MA25 -5〜0%,Large70,5,12270,0.3364425546848224,0.23644255468482253,54.034229828850854,9.078451760947916,1.1776517006035712,0.40890224805740505
H9b_MA25 -10〜-5%,Large70,5,3087,0.5714663849736663,0.4714663849736664,58.47100745059929,6.602793129589403,1.3191010893096127,0.6960407854500534
H10_vol≥2.0x×大陽線,Large70,5,592,0.46721258950452405,0.3672125895045242,52.36486486486487,1.9970800611098427,1.1920248303717706,0.45798675241467407
H11_52高値-30%超下,Large70,5,2931,0.6728798739272089,0.5728798739272091,54.41828727396793,6.308065431605571,1.3291583737949473,0.7042544097401456
H12_20日高値×vol≥1.5x,Large70,5,1082,0.2587225105786833,0.15872251057868342,49.53789279112754,1.6897648220279369,1.0906104958089824,0.22373411471531718
H1a_MA25<-15%,Large70,10,408,5.56687546109499,5.466875461094992,72.79411764705883,10.124113262604899,3.757598595542035,2.4708982332405336
H1b_MA25<-10%,Large70,10,1100,4.306920434176589,4.206920434176589,70.54545454545455,14.794844169222992,3.3873824178119656,2.187317222673781
H1c_MA25 -10〜-5%,Large70,10,3087,1.3898797492886226,1.289879749288623,59.863945578231295,11.588893715212508,1.718473729486865,0.9717307203941363
H2a_20d下落<-20%,Large70,10,421,5.91255314736076,5.81255314736076,72.44655581947742,10.801346858239164,4.24543656775043,2.5979393877124966
H2b_20d下落<-10%,Large70,10,2559,2.9264967128551658,2.826496712855166,66.04142243063697,17.869502056385443,2.634052717894048,1.7126870831574335
H3a_20d上昇>+20%,Large70,10,1208,0.8713909761194711,0.7713909761194712,51.241721854304636,3.571837122320377,1.2739240608047087,0.456688363411536
H3b_20d上昇>+10%,Large70,10,5627,0.7839872185053833,0.6839872185053834,53.18997689710325,8.136807456655266,1.2993460587604684,0.4750669915944833
H4a_BB<-1.8σ,Large70,10,550,3.0517912849336146,2.9517912849336145,64.9090909090909,8.000870407381724,2.5404023291142717,1.6564829855409788
H4b_BB<-1.5σ,Large70,10,987,2.37384488526627,2.2738448852662696,63.22188449848024,8.60456206779306,2.1819671452262694,1.3169793443753417
H5_52週高値×vol≥1.5x,Large70,10,436,0.6944241539001579,0.5944241539001579,56.42201834862385,2.153796897586144,1.2773306537921358,0.44323434240296333
H6_5MA>25MA,Large70,10,1098,0.6687903306474966,0.5687903306474967,52.82331511839708,3.326590223236443,1.269460630269783,0.4286083489729019
H7a_5d<-8%,Large70,10,1110,3.0182398588471053,2.918239858847105,62.70270270270271,10.24966696650432,2.2564953676734456,1.4931923984596516
H7b_5d>+10%,Large70,10,1001,1.6152328553520487,1.515232855352049,55.64435564435565,6.646488199159516,1.7111563936794285,0.9892810916623858
H8a_vol≥2.0x×陰線,Large70,10,683,2.6939208597582414,2.5939208597582417,64.56808199121524,10.316384682379667,2.8496757864725275,1.9080481719660485
H8b_vol≥1.5x×陰線,Large70,10,1687,2.195494599050231,2.0954945990502307,62.359217545939536,12.822898062653302,2.3283319758257948,1.4958329364621532
H9a_MA25 -5〜0%,Large70,10,12270,0.7471509682341886,0.6471509682341884,54.62917685411573,14.071422501843148,1.3650266712206138,0.5523485698573005
H9b_MA25 -10〜-5%,Large70,10,3087,1.3898797492886226,1.289879749288623,59.863945578231295,11.588893715212508,1.718473729486865,0.9717307203941363
H10_vol≥2.0x×大陽線,Large70,10,592,1.29738144049392,1.1973814404939203,56.08108108108109,4.715360353837625,1.614598515375334,0.8978817535643596
H11_52高値-30%超下,Large70,10,2931,1.3109056575916385,1.2109056575916384,55.95359945411123,8.744008504641206,1.5315494581996631,0.7489309924432912
H12_20日高値×vol≥1.5x,Large70,10,1082,0.853112263617382,0.7531122636173821,56.007393715341955,4.259263008506361,1.3713883425549442,0.5738186152890506
H1a_MA25<-15%,Large70,20,408,8.686178596405847,8.586178596405846,76.47058823529412,12.963614367580702,5.542299999317305,2.2519174051131983
H1b_MA25<-10%,Large70,20,1100,6.917440420883232,6.817440420883232,70.18181818181817,17.3448173201821,4.189257541880424,1.8295091421569067
H1c_MA25 -10〜-5%,Large70,20,3087,2.089366689896697,1.9893666898966975,58.049886621315196,12.112432703761067,1.7941489452809496,0.736798121877371
H2a_20d下落<-20%,Large70,20,421,7.549604654719144,7.449604654719145,70.07125890736341,10.491781625799032,3.8461343503798675,1.7910284443011133
H2b_20d下落<-10%,Large70,20,2559,3.894493025635095,3.7944930256350955,61.39116842516608,16.546863713989843,2.4589755157509288,1.13127619364359
H3a_20d上昇>+20%,Large70,20,1208,1.7027413736064665,1.602741373606466,54.38741721854304,4.852897033570773,1.3987594367394123,0.46651717974300905
H3b_20d上昇>+10%,Large70,20,5627,2.2333690656953973,2.1333690656953976,56.72649724542384,15.64665167340517,1.7264248118355792,0.7072512543181174
H4a_BB<-1.8σ,Large70,20,550,6.2625538353001,6.162553835300101,71.27272727272728,13.255222898322382,5.147725034614101,1.9742412278177246
H4b_BB<-1.5σ,Large70,20,987,4.921731455786987,4.821731455786987,67.27456940222898,14.735613093648503,4.020753323547164,1.6310978354990526
H5_52週高値×vol≥1.5x,Large70,20,436,2.1919309937374494,2.0919309937374497,57.3394495412844,4.623884623251241,1.7388520150361233,0.7501869302950476
H6_5MA>25MA,Large70,20,1098,0.955792003379904,0.8557920033799042,52.64116575591985,3.3782377467299014,1.2836724416028291,0.3240254661611559
H7a_5d<-8%,Large70,20,1110,5.770060615414201,5.670060615414202,69.009009009009,15.490185029725138,3.5556315251766955,1.6217642206625142
H7b_5d>+10%,Large70,20,1001,1.979670639721086,1.879670639721086,53.14685314685315,5.3252883868647665,1.534760994717904,0.5672835382248499
H8a_vol≥2.0x×陰線,Large70,20,683,3.231528477326087,3.1315284773260865,62.3718887262079,9.82048315875971,2.647511015082836,1.2925761965735942
H8b_vol≥1.5x×陰線,Large70,20,1687,3.0302720284065496,2.9302720284065495,61.29223473621814,13.525023500476859,2.43586530487454,1.1302957174326382
H9a_MA25 -5〜0%,Large70,20,12270,1.3288367994000043,1.2288367994000042,54.360228198859005,18.114569518834372,1.5153813977827018,0.5368013148763909
H9b_MA25 -10〜-5%,Large70,20,3087,2.089366689896697,1.9893666898966975,58.049886621315196,12.112432703761067,1.7941489452809496,0.736798121877371
H10_vol≥2.0x×大陽線,Large70,20,592,2.4014201860538917,2.301420186053892,60.979729729729726,6.41559555335883,1.9792595429627589,0.8969932150154993
H11_52高値-30%超下,Large70,20,2931,2.156736714168928,2.056736714168928,57.62538382804504,10.37715774216643,1.6565581091864676,0.648839604628269
H12_20日高値×vol≥1.5x,Large70,20,1082,2.0504967354275454,1.9504967354275449,58.04066543438078,7.129265159909304,1.7538042601372243,0.731817103939978
H1a_MA25<-15%,Mid400,5,2108,3.1536597832491533,3.0536597832491528,66.65085388994308,19.062781470725987,2.871325146301132,2.854118784305038
H1b_MA25<-10%,Mid400,5,6724,1.795917731603875,1.6959177316038747,61.882807852468765,22.194432309309555,2.0088263757795723,1.814528523545168
H1c_MA25 -10〜-5%,Mid400,5,18819,0.5893733679511611,0.48937336795116115,55.74153780753493,16.431230433410434,1.3286672956397518,0.7060523566651012
H2a_20d下落<-20%,Mid400,5,2290,2.883499246800316,2.783499246800316,65.93886462882097,19.48679289838539,2.8548185873304086,2.790674361598788
H2b_20d下落<-10%,Mid400,5,15973,1.2203474068201499,1.12034740682015,59.0183434545796,27.144697968117846,1.74768200773991,1.3998331266967416
H3a_20d上昇>+20%,Mid400,5,6776,0.25026135076021483,0.15026135076021488,48.583234946871315,2.988045036725056,1.0645787915093234,0.15472810721172955
H3b_20d上昇>+10%,Mid400,5,29295,0.2645411322109923,0.16454113221099237,50.189452124936,8.239550322812699,1.090450751380337,0.2125706502265897
H4a_BB<-1.8σ,Mid400,5,3168,1.7903022550634344,1.6903022550634341,64.14141414141415,16.836755935398592,2.231319914875032,2.0050218527584835
H4b_BB<-1.5σ,Mid400,5,5695,1.2826383501663512,1.1826383501663509,61.15891132572432,17.02498173492978,1.8175883029474027,1.476735773853985
H5_52週高値×vol≥1.5x,Mid400,5,2530,0.22481476686743243,0.12481476686743255,50.790513833992094,2.093905567933512,1.0664453853248455,0.16407908857901532
H6_5MA>25MA,Mid400,5,6173,0.32174985688797036,0.2217498568879704,50.88287704519683,5.948460960649987,1.159547095907271,0.37043902395682543
H7a_5d<-8%,Mid400,5,6591,1.4766052083548522,1.3766052083548523,58.94401456531634,17.395386546102664,1.7252712155789498,1.4181386992449592
H7b_5d>+10%,Mid400,5,5671,0.9996756813115066,0.8996756813115069,54.31140892258861,11.056857141911205,1.4635679411905607,0.9380888998111545
H8a_vol≥2.0x×陰線,Mid400,5,4678,0.9348993433718171,0.8348993433718173,55.921333903377516,11.690289708450647,1.5672377283899044,1.0836267022713046
H8b_vol≥1.5x×陰線,Mid400,5,10588,0.7019114481099937,0.6019114481099939,54.66565923687193,13.593095853553196,1.3914515502127647,0.8042238697725177
H9a_MA25 -5〜0%,Mid400,5,68277,0.3171710541996072,0.21717105419960728,53.78970956544664,19.82780761409933,1.1629572472396024,0.368859644329432
H9b_MA25 -10〜-5%,Mid400,5,18819,0.5893733679511611,0.48937336795116115,55.74153780753493,16.431230433410434,1.3286672956397518,0.7060523566651012
H10_vol≥2.0x×大陽線,Mid400,5,4111,0.3804678206829277,0.28046782068292775,50.86353685234736,4.271355955165946,1.1483101690733344,0.34863613957543965
H11_52高値-30%超下,Mid400,5,20670,0.5870339084810975,0.48703390848109746,54.373488147073054,15.224182329805318,1.2804443157609806,0.6236989566062919
H12_20日高値×vol≥1.5x,Mid400,5,6775,0.2551263845572595,0.15512638455725958,50.50922509225092,3.937124073292361,1.0879254610569575,0.2064762080717376
H1a_MA25<-15%,Mid400,10,2108,5.647667217749878,5.547667217749878,72.96015180265655,26.73215663672223,4.609216781518293,2.871046770778415
H1b_MA25<-10%,Mid400,10,6724,3.56151840041946,3.46151840041946,66.4187983343248,32.140499930697395,2.8476949411377803,1.912363728139202
H1c_MA25 -10〜-5%,Mid400,10,18819,1.358350224694961,1.2583502246949612,57.77671502205218,26.468955613970927,1.6540966369658667,0.8972812177251528
H2a_20d下落<-20%,Mid400,10,2290,5.169895658072908,5.069895658072908,71.31004366812228,25.416087065134857,4.186253726305789,2.6146192968845003
H2b_20d下落<-10%,Mid400,10,15973,2.4505169244985354,2.350516924498535,62.48669630000626,38.35208400073458,2.2640754407974804,1.4611731014799831
H3a_20d上昇>+20%,Mid400,10,6776,0.8792324111491173,0.7792324111491175,50.48701298701299,7.096310838948113,1.2516678282490852,0.3835389909827345
H3b_20d上昇>+10%,Mid400,10,29295,0.6952538851320802,0.5952538851320803,52.53114866018092,14.669637146278578,1.2395934873810899,0.3683678380006043
H4a_BB<-1.8σ,Mid400,10,3168,2.9277069977807746,2.827706997780775,64.77272727272727,20.30669514273113,2.6320990996723723,1.7492574358530002
H4b_BB<-1.5σ,Mid400,10,5695,2.197934787210144,2.0979347872101437,61.22914837576822,21.27414579792522,2.123792774588743,1.3507740820703138
H5_52週高値×vol≥1.5x,Mid400,10,2530,0.9079194767669718,0.8079194767669717,54.11067193675889,5.722327876314259,1.3472847572323075,0.5081986338957621
H6_5MA>25MA,Mid400,10,6173,0.4170112034087391,0.3170112034087392,51.67665640693342,5.281986637557491,1.1570654891219057,0.25655253955764384
H7a_5d<-8%,Mid400,10,6591,2.647554289328526,2.547554289328526,60.67364588074648,22.90302768290523,2.0983387830006515,1.3626869161706567
H7b_5d>+10%,Mid400,10,5671,1.8118138483926431,1.711813848392643,54.523011814494794,13.223196186516427,1.652378132610036,0.8328175122063073
H8a_vol≥2.0x×陰線,Mid400,10,4678,1.8220905122983062,1.722090512298306,58.101752885848654,15.962321622574336,1.928887115553108,1.1072667176865776
H8b_vol≥1.5x×陰線,Mid400,10,10588,1.5190441428252743,1.4190441428252742,57.092935398564414,20.611917180595814,1.7283789043374747,0.9393711194073249
H9a_MA25 -5〜0%,Mid400,10,68277,0.6747847845065758,0.5747847845065759,54.34773056812689,29.73176180381115,1.3175865550060304,0.4865457482578734
H9b_MA25 -10〜-5%,Mid400,10,18819,1.358350224694961,1.2583502246949612,57.77671502205218,26.468955613970927,1.6540966369658667,0.8972812177251528
H10_vol≥2.0x×大陽線,Mid400,10,4111,1.21031909151926,1.1103190915192602,53.68523473607395,9.647092921244676,1.49452761135397,0.692900567795259
H11_52高値-30%超下,Mid400,10,20670,1.2306421440724489,1.1306421440724492,56.681180454765354,22.28310727369772,1.4896125695433973,0.7148240716999763
H12_20日高値×vol≥1.5x,Mid400,10,6775,0.8143544371562561,0.7143544371562562,53.18081180811808,8.460817249048795,1.3142378299510513,0.45264550791378444
H1a_MA25<-15%,Mid400,20,2108,7.997385601147215,7.897385601147214,73.86148007590133,28.91730199488668,5.626141620676428,2.2077151960421735
H1b_MA25<-10%,Mid400,20,6724,5.600748283086829,5.500748283086828,67.26650803093396,37.63772904774526,3.497450228162641,1.6001863045167128
H1c_MA25 -10〜-5%,Mid400,20,18819,2.1032007593365236,2.003200759336524,57.835166586959986,29.705630011457394,1.7894711398328902,0.7320984969697003
H2a_20d下落<-20%,Mid400,20,2290,6.707273031502386,6.6072730315023875,68.90829694323143,23.980373863920878,4.038163874108553,1.7522648494803559
H2b_20d下落<-10%,Mid400,20,15973,3.4350364270766813,3.335036427076681,61.11563263006323,39.324450793215895,2.346017804595497,1.0723188185096917
H3a_20d上昇>+20%,Mid400,20,6776,2.511258733387944,2.4112587333879443,53.37957497048406,13.287359063720091,1.597037783454436,0.5501607438345878
H3b_20d上昇>+10%,Mid400,20,29295,1.915120901301807,1.8151209013018066,54.623655913978496,27.254287039850368,1.5570855858266441,0.535713645358204
H4a_BB<-1.8σ,Mid400,20,3168,5.209717783453644,5.109717783453644,68.68686868686868,28.572571986815618,4.024569911315762,1.7673588465502599
H4b_BB<-1.5σ,Mid400,20,5695,4.2241904458995965,4.124190445899597,65.26777875329236,31.674427879989295,3.161895739804691,1.454596068402351
H5_52週高値×vol≥1.5x,Mid400,20,2530,2.157484274990691,2.0574842749906908,53.873517786561266,8.839176117402424,1.6533044149219736,0.5948749547448702
H6_5MA>25MA,Mid400,20,6173,0.8762031867538355,0.7762031867538354,52.25984124412765,7.5132245035905285,1.272109866181391,0.3007004606266498
H7a_5d<-8%,Mid400,20,6591,4.989735090207917,4.889735090207918,65.58944014565317,33.33514817054677,3.070247313808403,1.4283013562263605
H7b_5d>+10%,Mid400,20,5671,2.368132596637479,2.268132596637479,51.98377711162052,11.717153449148354,1.5666150039624211,0.5289808995331635
H8a_vol≥2.0x×陰線,Mid400,20,4678,2.691111359492937,2.591111359492937,58.42240273621206,18.667818066644617,2.1277281322365074,0.9328313482207294
H8b_vol≥1.5x×陰線,Mid400,20,10588,2.338205883394529,2.2382058833945293,56.92293162070268,23.77115932777999,1.896782736989924,0.7849571563787469
H9a_MA25 -5〜0%,Mid400,20,68277,1.2302832731542148,1.1302832731542147,54.93504401189273,38.00984877021653,1.4609772560702574,0.4743800102725379
H9b_MA25 -10〜-5%,Mid400,20,18819,2.1032007593365236,2.003200759336524,57.835166586959986,29.705630011457394,1.7894711398328902,0.7320984969697003
H10_vol≥2.0x×大陽線,Mid400,20,4111,2.0999526045843524,1.999952604584352,55.485283386037466,11.730987788465939,1.6817876881955798,0.6185236751374813
H11_52高値-30%超下,Mid400,20,20670,2.0820638285090416,1.9820638285090415,57.034349298500246,26.816744082418307,1.64568640482862,0.6302961849158681
H12_20日高値×vol≥1.5x,Mid400,20,6775,1.881046609842965,1.781046609842965,54.27306273062731,13.340269302827043,1.5895952434792717,0.5447170231572227
H1a_MA25<-15%,Core+Large,5,610,3.4866476711339036,3.3866476711339035,68.0327868852459,9.604739109354744,2.694887468508776,2.6816239580148977
H1b_MA25<-10%,Core+Large,5,1660,2.2553731357490645,2.155373135749065,63.0722891566265,12.206821893158708,2.1855976662527143,2.0326747602306634
H1c_MA25 -10〜-5%,Core+Large,5,4513,0.6492683556111519,0.549268355611152,58.18745845335697,8.605631654259552,1.3587274093869741,0.7693530808802468
H2a_20d下落<-20%,Core+Large,5,639,3.5175755285617925,3.4175755285617924,69.17057902973396,10.78822832917618,3.129094207717364,2.9436736390146394
H2b_20d下落<-10%,Core+Large,5,3855,1.5917869352952778,1.4917869352952777,61.08949416342413,16.38690675932163,2.007226998818993,1.7559895341438811
H3a_20d上昇>+20%,Core+Large,5,1830,-0.007986424761042308,-0.10798642476104219,45.90163934426229,-0.05744307647979852,0.9531546177133031,-0.1288974046242451
H3b_20d上昇>+10%,Core+Large,5,8658,0.1919857358426277,0.09198573584262779,48.925848925848925,3.5189969212781804,1.0511575784189784,0.1286402538842365
H4a_BB<-1.8σ,Core+Large,5,799,1.8123721192873774,1.7123721192873778,61.57697121401752,7.315774230795506,2.0150281371204017,1.7360129018866186
H4b_BB<-1.5σ,Core+Large,5,1403,1.492323967098681,1.3923239670986811,60.08553100498931,8.461397192113811,1.8576082108732084,1.4962552934331996
H5_52週高値×vol≥1.5x,Core+Large,5,685,0.07782414390688087,-0.022175856093119034,47.44525547445255,0.39145051538786585,0.9882802641947,-0.030256096338326523
H6_5MA>25MA,Core+Large,5,1584,0.422647072605739,0.32264707260573916,51.641414141414145,3.767546071810979,1.22022073588054,0.5130339615488424
H7a_5d<-8%,Core+Large,5,1730,1.7157780179558384,1.615778017955839,60.23121387283237,9.302825263293801,1.779072601628053,1.4952977375614263
H7b_5d>+10%,Core+Large,5,1597,0.25917893304035855,0.1591789330403586,49.029430181590484,1.8235019441873792,1.0781781131292107,0.19895503412970297
H8a_vol≥2.0x×陰線,Core+Large,5,958,1.3345428728482065,1.2345428728482069,59.49895615866389,7.558028014425922,1.8916241025190332,1.6036687165745958
H8b_vol≥1.5x×陰線,Core+Large,5,2394,1.0533382766120507,0.9533382766120508,56.55806182121972,9.589055990781494,1.661742892283323,1.2592391397157547
H9a_MA25 -5〜0%,Core+Large,5,17238,0.36113237451270136,0.2611323745127015,54.00278454577098,11.169340853693392,1.1913748217706186,0.43671053513182023
H9b_MA25 -10〜-5%,Core+Large,5,4513,0.6492683556111519,0.549268355611152,58.18745845335697,8.605631654259552,1.3587274093869741,0.7693530808802468
H10_vol≥2.0x×大陽線,Core+Large,5,851,0.6744794994462979,0.574479499446298,54.054054054054056,3.4158143274463306,1.311592436520127,0.708028150782356
H11_52高値-30%超下,Core+Large,5,4509,0.6963942216169835,0.5963942216169835,54.202705699711686,8.081316447348021,1.3362889176478832,0.7317041729357586
H12_20日高値×vol≥1.5x,Core+Large,5,1616,0.2802455463050849,0.180245546305085,49.195544554455445,2.258493337800924,1.1043006542609746,0.2565306294957824
H1a_MA25<-15%,Core+Large,10,610,5.786253950644435,5.686253950644435,73.11475409836066,13.44669520939478,4.117543971966569,2.6858371410402273
H1b_MA25<-10%,Core+Large,10,1660,4.176304106627098,4.076304106627099,69.87951807228916,18.15542771633163,3.3110018809154593,2.183369163449474
H1c_MA25 -10〜-5%,Core+Large,10,4513,1.6209060154934611,1.5209060154934608,60.292488366939956,15.529253104809568,1.8319010122779422,1.0888366122399107
H2a_20d下落<-20%,Core+Large,10,639,5.94403250704819,5.8440325070481896,74.17840375586854,14.28205946448363,4.6358338279266675,2.7885094808903252
H2b_20d下落<-10%,Core+Large,10,3855,2.957096649489942,2.857096649489942,65.44747081712062,21.901368836623014,2.5789527804174304,1.710876854430451
H3a_20d上昇>+20%,Core+Large,10,1830,0.9985623794647268,0.898562379464727,51.80327868852459,4.999303947096485,1.321227134895986,0.5279068519846529
H3b_20d上昇>+10%,Core+Large,10,8658,0.7211649237750606,0.6211649237750607,52.33310233310233,9.11327826861946,1.2635056225233934,0.42348539743272307
H4a_BB<-1.8σ,Core+Large,10,799,3.2450785654137664,3.145078565413767,65.081351689612,10.394846193182733,2.7632158926967523,1.7891684505603576
H4b_BB<-1.5σ,Core+Large,10,1403,2.6197386176588275,2.5197386176588275,63.720598717034925,11.459641187110295,2.3780952474757706,1.4772023316599974
H5_52週高値×vol≥1.5x,Core+Large,10,685,0.5010486816218558,0.40104868162185586,52.40875912408759,1.988160669813539,1.1847949763989485,0.30522748074774336
H6_5MA>25MA,Core+Large,10,1584,0.6903395256118218,0.5903395256118219,52.96717171717171,4.186812312234365,1.2798589827724345,0.4515910192778053
H7a_5d<-8%,Core+Large,10,1730,2.9733698271029656,2.8733698271029655,62.83236994219653,12.601027301436137,2.206903519314421,1.4696900985367185
H7b_5d>+10%,Core+Large,10,1597,1.3628020705568502,1.2628020705568501,54.97808390732624,7.163913139302772,1.5694386056300325,0.8338743677827792
H8a_vol≥2.0x×陰線,Core+Large,10,958,2.862961550350892,2.762961550350892,63.987473903966595,12.30886296594207,2.9139388974892144,1.926614295274907
H8b_vol≥1.5x×陰線,Core+Large,10,2394,2.237099984802599,2.1370999848025996,61.528822055137844,15.212821704538145,2.3022646184039095,1.4910335615187125
H9a_MA25 -5〜0%,Core+Large,10,17238,0.7979482062215031,0.6979482062215032,54.8787562362223,17.17890071134391,1.3812892175870775,0.5745141034886727
H9b_MA25 -10〜-5%,Core+Large,10,4513,1.6209060154934611,1.5209060154934608,60.292488366939956,15.529253104809568,1.8319010122779422,1.0888366122399107
H10_vol≥2.0x×大陽線,Core+Large,10,851,1.4676992875729573,1.3676992875729572,56.75675675675676,6.198541435992386,1.7010147452750781,0.9939820377801263
H11_52高値-30%超下,Core+Large,10,4509,1.5375812494318304,1.4375812494318303,56.42049234863607,12.564586066659958,1.63491019623052,0.8782186663118358
H12_20日高値×vol≥1.5x,Core+Large,10,1616,0.8028037915042014,0.7028037915042016,53.58910891089109,4.8467139653834055,1.3363565617577082,0.5298484437699431
H1a_MA25<-15%,Core+Large,20,610,8.960103439489709,8.86010343948971,76.55737704918033,16.601225565072994,6.010667268127379,2.35931687686873
H1b_MA25<-10%,Core+Large,20,1660,6.523907483842588,6.423907483842588,68.97590361445783,20.327759135453384,3.804449968411021,1.743862419510584
H1c_MA25 -10〜-5%,Core+Large,20,4513,2.4525655938480417,2.352565593848041,58.51983159760691,16.557973643762377,1.9221825843047224,0.8392298112824129
H2a_20d下落<-20%,Core+Large,20,639,8.03736437232545,7.937364372325448,72.30046948356808,14.280996766964197,4.491794405988939,1.9804141667023816
H2b_20d下落<-10%,Core+Large,20,3855,3.998222217883945,3.898222217883945,61.400778210116734,20.881692899931277,2.470345995700158,1.1639610565007512
H3a_20d上昇>+20%,Core+Large,20,1830,2.6112410553138017,2.5112410553138016,56.666666666666664,8.642476049148183,1.6701748877654539,0.6896668475952598
H3b_20d上昇>+10%,Core+Large,20,8658,2.2189632928821346,2.118963292882134,56.837606837606835,18.851921330785384,1.7073524514648988,0.6867606706046995
H4a_BB<-1.8σ,Core+Large,20,799,6.204448209851334,6.104448209851334,71.33917396745932,16.003466725820253,4.955286378414701,1.9772846910900477
H4b_BB<-1.5σ,Core+Large,20,1403,5.084954417028867,4.9849544170288675,67.49821810406273,18.119969939248207,4.0020947836452345,1.683402768945867
H5_52週高値×vol≥1.5x,Core+Large,20,685,1.9921130707851886,1.8921130707851885,57.518248175182485,5.378796133338364,1.673012155721326,0.6928802330330235
H6_5MA>25MA,Core+Large,20,1584,0.9705473253816969,0.8705473253816967,53.47222222222222,4.1976386324738515,1.2929392355860212,0.3358059605312009
H7a_5d<-8%,Core+Large,20,1730,5.509749233066713,5.409749233066713,67.74566473988439,18.525623932932138,3.2855844790690747,1.552316828264564
H7b_5d>+10%,Core+Large,20,1597,1.8460987790632013,1.7460987790632012,53.475266123982465,6.195817063288754,1.4829349356736041,0.5205294126321928
H8a_vol≥2.0x×陰線,Core+Large,20,958,3.2845070869324293,3.1845070869324297,62.317327766179545,11.263829483508982,2.5709043606695348,1.2524505903123477
H8b_vol≥1.5x×陰線,Core+Large,20,2394,3.0920695809468497,2.9920695809468505,61.111111111111114,15.99941170801368,2.409394830380085,1.1231807310386517
H9a_MA25 -5〜0%,Core+Large,20,17238,1.4653841671289134,1.3653841671289138,54.640909618285185,22.942643387424766,1.5670941056580863,0.5779478555863624
H9b_MA25 -10〜-5%,Core+Large,20,4513,2.4525655938480417,2.352565593848041,58.51983159760691,16.557973643762377,1.9221825843047224,0.8392298112824129
H10_vol≥2.0x×大陽線,Core+Large,20,851,2.5058809035387872,2.4058809035387876,60.752056404230316,7.7275897191764695,1.9858266420866253,0.9027723456691865
H11_52高値-30%超下,Core+Large,20,4509,2.6272985753809457,2.527298575380945,58.15036593479708,15.183068876624997,1.824902366921701,0.7720613987588726
H12_20日高値×vol≥1.5x,Core+Large,20,1616,1.9615197814985512,1.861519781498551,58.353960396039604,8.173448924789094,1.68728702285037,0.6849279845213266
