,eneos_vwap_trend,vwap_morning_meanrevert,lasertec_ma25_support,bank_absorption,closing_auction
2024-11-05,0.0,0.0,0.0,0.0,0.008709310291905267
2024-11-06,0.0,0.0,0.0,0.0,0.006274355417467644
2024-11-07,0.0052947608200456,0.0025134917077544,0.0,0.0,0.018857250612860588
2024-11-08,0.0109650874728642,0.0,0.0,0.0020612484715461,0.0023335813514674397
2024-11-11,0.0,0.0,0.0,0.0040521172446358,0.0018001800180018623
2024-11-12,0.0,0.0,0.0,0.0035628671790747,-0.0043633633087643954
2024-11-13,0.050177097652704,0.0,0.0,0.0038690779197278,0.0042174238937543245
2024-11-14,0.0,0.0,0.0,0.0040639994615791,0.009530961163878061
2024-11-15,0.0,0.0,0.0,0.0058978395997469,-0.010984043102287054
2024-11-18,0.0,0.0,0.0,0.0023498791016331,0.008132529962920673
2024-11-19,0.0,0.0,0.0,0.0024744160908193,0.004265725156359146
2024-11-20,0.0,0.0,0.0,0.0012837320946736,0.008064516129032251
2024-11-21,-0.0026915340547422,0.0,0.0,0.0005184015033546,0.013788575180564644
2024-11-22,0.005290956328096,0.0,0.0,0.0005909564040276,0.00853286653135323
2024-11-25,0.0,0.0,0.0,0.0010070315740162,-0.001107408142003988
2024-11-26,0.001739441228291,0.0,0.0,0.0,0.0006524078315006676
2024-11-27,0.0,0.0,0.0,0.0,0.0025896768628670404
2024-11-28,0.0,0.0022556387967405,0.0,0.0,-0.018431204457779685
2024-11-29,0.0,0.0,0.0,0.0,0.0041368782634245175
2024-12-02,0.0,0.0,0.0,0.0,0.00754447655053514
2024-12-03,0.0,0.0,0.0,0.0,0.0
2024-12-04,0.0,0.0,0.0,0.000436129032258,0.005460408008903484
2024-12-05,0.0006936930368209,0.0,0.0,0.000436129032258,-0.0002998201079352225
2024-12-06,0.0,0.0,0.0,0.000436129032258,0.005640183934492319
2024-12-09,-0.0076499999999999,0.0,0.0,0.000436129032258,-0.008403361344537785
2024-12-10,0.0089469437953511,0.0,0.0,0.000436129032258,-0.004278728606356974
2024-12-11,0.0,0.0,0.0,0.0,0.0060975609756097615
2024-12-12,0.0,0.0,0.0,0.0,-0.002450244748038815
2024-12-13,0.0,0.0,0.0,0.0,0.00084767692181309
2024-12-16,0.0023241208519069,0.0,0.0,0.0,0.0065132435953103585
2024-12-17,0.0,0.0,0.0,0.0,-0.006079027355623102
2024-12-18,0.0,0.0,0.0,0.0,-0.013602155564426033
2024-12-19,0.0,0.0,0.0,0.0,0.0
2024-12-20,0.0,0.0,0.0,0.0,0.005077367956504929
2024-12-23,0.0,0.0,0.0,0.0049880948482188,0.0018653375051283878
2024-12-24,0.0,0.0,0.0,0.0049880948482188,0.0071428571428571175
2024-12-25,0.0,0.0,0.0,0.0049880948482188,0.0
2024-12-26,0.0,0.0,0.0,0.0049880948482188,0.0
2024-12-27,0.0,0.0,0.0,0.0049880948482188,0.0
2024-12-30,0.0,0.0,0.0,0.0,0.0
2025-01-06,0.0,0.0,0.0,0.0,0.009077603388141528
2025-01-07,-0.0125565767079989,-0.0108399701715138,0.0,0.0,-0.002473696053408488
2025-01-08,0.0,0.0,0.0,-0.0001816776817488,0.0014791441932367258
2025-01-09,0.0,0.0,0.0,-0.0001816776817488,0.004106141064547791
2025-01-10,0.0,0.0,0.0,-0.0001816776817488,-0.004878923763360284
2025-01-14,-0.0226276205514392,0.0,0.0,-0.0001816776817488,0.005616310812437852
2025-01-15,0.0,0.0,0.0,0.0021076633976278,0.009311623333603868
2025-01-16,8.953616448410563e-05,0.0,0.0,0.0043970044770044,-0.004579391496004298
2025-01-17,-0.0216371897765157,0.0,0.0,0.0043970044770044,0.004562460706952343
2025-01-20,0.0,0.0,0.0,0.0043970044770044,0.006458251466162413
2025-01-21,0.0,0.0,0.0,0.0043970044770044,0.0
2025-01-22,0.0,-0.0375991247264771,0.0,0.0,0.00780367068395915
2025-01-23,0.0,0.0,0.0,0.0,0.007418397626112849
2025-01-24,0.0,0.0,0.0,0.0,0.002310002310002224
2025-01-27,0.0,0.0,0.0,0.0093306319836571,-0.00815516861362131
2025-01-28,0.0,0.0002120690073863,0.0,0.0028275837667266,0.0057557621333231964
2025-01-29,0.0,0.0,0.0,0.0028275837667266,-0.005450996899898401
2025-01-30,0.0,0.0,0.0,0.0028275837667266,0.0
2025-01-31,0.0,0.0,0.0,0.0028275837667266,-0.01299955527085413
2025-02-03,0.0,0.0465819539514623,0.0,-0.0006372178562063,0.017486878679176053
2025-02-04,0.0,0.0,0.0,-0.003661712708589,0.006814727682252626
2025-02-05,0.0,0.0,0.0,-0.0032344807491809,0.004906333630686932
2025-02-06,0.0,0.0,0.0,-0.002685676706033,-0.0036285540848969566
2025-02-07,0.0,0.0,0.0,-0.0026571633265523,0.0037671977780017025
2025-02-10,0.0,0.0,0.0,-0.0026959099810978,0.0
2025-02-12,-0.0056189409368634,0.0,0.0,-0.0001540224685552,0.0008291608833724261
2025-02-13,0.0,0.0,0.0,-0.0005463043261487,0.0012772559440950237
2025-02-14,0.0,0.0,0.0,0.002777463828941,0.0018117071184513929
2025-02-17,-0.0150267259536625,0.0,0.0,0.0044464393167018,-0.0033412757837534466
2025-02-18,0.0041098504628531,0.0,0.0,0.0005168630211784,-0.0005543101523128499
2025-02-19,0.0,0.0,0.0,0.0001864812426308,0.0006786579920908064
2025-02-20,0.0,0.0,0.0,0.0003267664155768,-0.011970765679905099
2025-02-21,0.000306630549994,0.0,0.0,-0.0016535049511676,0.001345806581713164
2025-02-25,0.018181081081081,0.0284823314535362,0.0,-0.0016535049511676,0.0012250739741912933
2025-02-26,0.0,0.0,0.0,-0.0006049959165023,0.0
2025-02-27,0.0,0.0,0.0,-0.001200033466141,-0.00985912060056543
2025-02-28,-0.0019043249341857,0.0,0.0,0.0041243132280671,0.011299641106650783
2025-03-03,-0.0084645161290322,0.0,0.0,0.003124506879192,-0.0009020176229789512
2025-03-04,0.0,0.0,0.0,0.003124506879192,0.001984637899644278
2025-03-05,0.0,0.0094324836125273,0.0,0.003124506879192,0.012873025160912821
2025-03-06,0.0,0.0,0.0,0.003796136368044,-0.01693470948985654
2025-03-07,0.0,0.0438945145203872,0.0,0.0024579693132753,-0.001223229952280469
2025-03-10,0.0,-0.0404,0.0,0.0099065047233468,0.004820553977857411
2025-03-11,-0.0121982626734085,0.0041992115637318,0.0,0.012215274987659,-0.009320905459387465
2025-03-12,0.0,0.0,0.0,0.0192132151220112,0.0
2025-03-13,0.0,0.0,0.0,0.0192132151220112,0.004232804232804144
2025-03-14,0.0,0.0,0.0,0.0192132151220112,0.01244655509495337
2025-03-17,0.0,0.0,0.0,0.021074557201744,0.01886792452830188
2025-03-18,0.0,0.0,0.0,0.0192148413989382,0.0
2025-03-19,0.0,0.0,0.0,0.0009960560402859,0.013252348875665287
2025-03-21,0.0,0.0,0.0,0.0009960560402859,0.0026413085864952254
2025-03-24,0.0,0.0,0.0,0.0009960560402859,0.009355071610450816
2025-03-25,0.0,0.0,0.0,0.0009960560402859,0.002276098594304172
2025-03-26,0.0,0.0,0.0,-0.0032333541573702,-0.008483563096500557
2025-03-27,0.0,0.0,0.0,-0.0088190761548064,0.0
2025-03-28,0.0,0.0,0.0,-0.0088190761548064,-0.021169153019023407
2025-03-31,0.0,0.0,0.0,-0.0214923048101271,0.006887995751823269
2025-04-01,0.0101514382615249,0.0,0.0,-0.0214923048101271,0.002184897931775509
2025-04-02,0.0026860228880031,0.0,0.0,-0.0214923048101271,0.0
2025-04-03,-0.0088348641049671,0.0,0.0,-0.0341655334654477,-0.01039505308296157
2025-04-04,0.0,0.0,0.0,0.00058041173921,0.0
2025-04-07,0.0158466843501325,0.0216765984159718,0.0,0.0185337917731528,0.018671360102998247
2025-04-08,0.0,0.0,0.0,0.0171231392687806,-0.021019108280254772
2025-04-09,-0.0067918184723553,0.0,0.0,0.0170721834253688,-0.00964052287581696
2025-04-10,0.0015028103044497,0.0,0.0,0.01461699206633,0.0
2025-04-11,0.0,0.0,0.0,0.0173091001982616,0.007703336395638417
2025-04-14,0.0,0.0,0.0,0.0075835379079062,0.008658990463322414
2025-04-15,0.0,0.0,0.0,0.0054278473329622,-0.0031163978286611166
2025-04-16,0.0,0.0,0.0,0.0045360359030003,0.007609028076064561
2025-04-17,0.0,0.0,0.0,0.0117529295645886,-0.005950285067041983
2025-04-18,0.0,0.0219495702005731,0.0,0.0,0.007334195438345349
2025-04-21,0.0,0.0,0.0,0.0,0.0005993993067974659
2025-04-22,0.0,0.0,0.0,0.0,0.020600300879442757
2025-04-23,0.0052760296900014,0.0,0.0,0.0,-0.006235317088788217
2025-04-24,0.0,0.0,0.0,0.0,0.008587257617728605
2025-04-25,0.0,0.0,0.0,0.0,-0.0013183922550076843
2025-04-28,-0.0047122035360069,0.0,0.0,-0.0051322648083623,-0.0024872193759069897
2025-04-30,0.0,-0.0149038167938931,0.0,-0.0051322648083623,-0.0074777755317314
2025-05-01,0.0,-0.0042009675190049,0.0,-0.0051322648083623,-0.003084688726864848
2025-05-02,0.0,0.0,0.0,-0.0051322648083623,-0.007230862871029956
2025-05-07,0.0,0.0,0.0,0.0247527356130379,0.0021037048353749863
2025-05-08,0.0,0.0,0.0,0.0347144024201713,0.006108788738681453
2025-05-09,-0.0043149888143177,0.0,0.0,0.0347144024201713,0.007148700602330527
2025-05-12,0.0,0.0,0.0,0.0347144024201713,0.0062153163152052215
2025-05-13,0.0063192521180251,0.0,0.0,0.0188555338991855,0.0030912129631498913
2025-05-14,0.0,0.0,0.0,-0.0032669285381351,-0.00117367626744036
2025-05-15,0.0,0.0,0.0,-4.369727190740171e-05,0.008720743060240463
2025-05-16,0.0,0.0,0.0,0.0002888527248777,-0.009325114588272454
2025-05-19,0.0,0.0,0.0,0.0015034969938046,0.015018125323666533
2025-05-20,0.0,0.0,0.0,0.0036489189525039,0.002789400278939924
2025-05-21,0.0,0.0,0.0,0.0062739225257444,-0.012583513903936472
2025-05-22,0.0,0.0,0.0,0.0032878836275118,0.004775944143678509
2025-05-23,0.0,0.0,0.0,0.0036219538571889,0.0008429926238144869
2025-05-26,0.0,0.0,0.0,0.0020964779137924,0.008888888888888946
2025-05-27,0.0,0.0,0.0,0.0020964779137924,0.00914855833554853
2025-05-28,0.0,0.0,0.0,0.0020964779137924,0.0069799353046143455
2025-05-29,0.0,0.0,0.0,0.0,0.0
2025-05-30,0.0,0.0,0.0,0.0,-0.005948597226475793
2025-06-02,0.0,0.0,0.0,0.0,0.01956947162426625
2025-06-03,0.0,0.0,0.0077572027972027,0.0,0.011342155009451904
2025-06-04,0.0,0.0,0.0077572027972027,0.0,-0.008379875332277464
2025-06-05,0.0,0.0,0.0077572027972027,0.0,0.0032948929159801743
2025-06-06,0.0,0.0,0.0077572027972027,0.0,0.016518424396442244
2025-06-09,0.0,0.0,0.0077572027972027,0.0,0.006556275860424288
2025-06-10,0.0,0.0,0.0077572027972027,0.0,0.011784511784511675
2025-06-11,0.0,0.0,0.0077572027972027,0.0,-0.0062403966583800315
2025-06-12,0.0,0.0,0.0077572027972027,0.0,-0.0036521802965790444
2025-06-13,4.0404040404066425e-06,0.0,0.0077572027972027,0.0,0.012089274643521495
2025-06-16,0.0139845840683947,0.0,0.0077572027972027,-0.00368435875943,-0.0009242144177449285
2025-06-17,0.0,0.0,0.0,-0.00368435875943,0.0
2025-06-18,0.0,0.0124361858190708,0.0,-0.00368435875943,0.0022494512464232832
2025-06-19,-0.0039837353549277,0.0,0.0,-0.00368435875943,0.001490398642890171
2025-06-20,0.0,0.0,0.0,-0.00368435875943,-0.0026755488908175268
2025-06-23,0.0119287671232876,0.0,0.0,0.0024771912144855,0.0
2025-06-24,0.0,-0.0047775649794801,0.0,0.0024771912144855,0.01153353267834256
2025-06-25,0.0,0.0,0.0,0.0024771912144855,0.0
2025-06-26,0.0,0.0,0.0,0.0024771912144855,0.01381654864935744
2025-06-27,0.0,0.0,0.0,0.0024771912144855,0.005524861878453136
2025-06-30,0.0,0.0,0.0,0.0,-0.0010556575900342868
2025-07-01,0.0,0.0,0.0,0.0003048675583529,-0.004868549172346693
2025-07-02,0.0,0.0,0.0,0.0003048675583529,0.0022820014367615927
2025-07-03,0.0,0.0,0.0,0.0003048675583529,0.009921139659119891
2025-07-04,0.0,0.0,0.0,0.0003048675583529,-0.0006573131192331531
2025-07-07,0.0,0.0,0.0,0.0003048675583529,-0.012449528936742893
2025-07-08,0.0,0.0,0.0,0.0,0.006715710588259761
2025-07-09,0.0024436018957347,0.0,0.0,0.0,0.0
2025-07-10,0.0,0.0,0.0,0.0,0.01131314226358171
2025-07-11,0.0,0.0,0.0,-0.0035142521464076,-0.005689967277431263
2025-07-14,0.0,0.0,0.0,-0.0035142521464076,-0.004720341396623288
2025-07-15,0.0,-0.0150994295743747,0.0,-0.0035142521464076,0.0
2025-07-16,0.0,0.0,0.0,-0.0035142521464076,-0.014925373134328401
2025-07-17,0.0017771669614913,0.0,0.0,-0.0035142521464076,0.008770019550827788
2025-07-18,0.0,0.0080745762711864,-0.0100399999999999,0.0,0.0048853814355505065
2025-07-22,0.0,0.0,-0.0100399999999999,0.0,-0.007197203372403815
2025-07-23,0.0,0.0,-0.0100399999999999,0.0,0.016440890608639125
2025-07-24,0.0,0.0,-0.0100399999999999,0.0010606645478886,-0.005506262341365725
2025-07-25,0.0,0.0,-0.0100399999999999,0.0004457664058653,0.004662004662004726
2025-07-28,0.0,0.0,-0.0100399999999999,0.0004457664058653,-0.003078611181251412
2025-07-29,0.0,0.0,-0.0100399999999999,0.0008555815568353,0.003396982142513493
2025-07-30,0.0,0.0,-0.0100399999999999,0.0005416542972394,0.0010741138560688146
2025-07-31,0.0,0.0,-0.0100399999999999,0.0002407058772856,0.0008438741718876097
2025-08-01,0.0,0.0,-0.0100399999999999,0.000513978193534,0.0
2025-08-04,-0.0001425666108894,0.0,0.0,0.000513978193534,-0.0001337155386951231
2025-08-05,0.0,0.0,0.0,-0.0009888588350087,-0.003723500219801834
2025-08-06,0.0,0.0,0.0,0.0073459029237029,-0.0032735747804820137
2025-08-07,0.0009536795471327,0.0,0.0,0.0146997597378958,0.006892590465249926
2025-08-08,0.0,0.0,0.0,0.0146997597378958,-0.0009010867906488557
2025-08-12,0.0,0.0,0.0,0.0152614286315319,-0.004267471783395371
2025-08-13,0.0049782717820007,0.0,0.0,0.0122632023159467,-0.012698980504382009
2025-08-14,0.0,0.0,0.0,0.010059207665372,-0.0006026655439432261
2025-08-15,0.0096338350250845,0.0,0.0,0.010059207665372,0.0036326132755766976
2025-08-18,0.0,0.0,0.0,0.010059207665372,0.005528255528255532
2025-08-19,0.0,0.0,0.0,0.0068255413069488,-0.0070417121435202845
2025-08-20,-0.004633409610984,0.0,0.0,0.0037921430342573,-0.00036529680365299244
2025-08-21,0.0,0.0,0.0,0.0029187836438923,-0.002321051666505008
2025-08-22,0.0,0.0,0.0,0.0029187836438923,0.0
2025-08-25,0.0,0.0,0.0,0.0029187836438923,-0.006368074718743344
2025-08-26,-0.0024913210177762,0.0,0.0,0.0029187836438923,-0.003593714208491017
2025-08-27,0.0103728337236534,0.0,0.0,-0.0019246402951424,-0.0003816168096938132
2025-08-28,0.0,0.0,0.0,-0.0019246402951424,-0.003276248140385222
2025-08-29,0.0,0.0,0.0,-0.0019246402951424,-0.0054679981845345066
2025-09-01,0.0,0.0,0.0,-0.0019246402951424,0.0
2025-09-02,-0.0061325542939037,0.0,0.0,-0.0019246402951424,0.0
2025-09-03,0.0,0.0,0.0,0.0,0.004934210526315708
2025-09-04,0.0,0.0,0.0,0.0058906114678249,0.007373639883722307
2025-09-05,0.0,0.0,0.0,0.0058906114678249,0.00895143017198848
2025-09-08,0.0,0.0,0.0,0.0058906114678249,0.008883248730964466
2025-09-09,0.0,0.0,0.0,0.0058906114678249,0.00324188077759227
2025-09-10,0.0,0.0,0.0,0.0035606758204579,0.012410189418680552
2025-09-11,0.0,0.0,0.0,-0.0034291311216429,0.010958952741307204
2025-09-12,0.0,0.0,0.0,-0.0034291311216429,0.015980629539951607
2025-09-16,0.0164416447944006,0.0,0.0,-0.0034291311216429,0.0
2025-09-17,0.0,0.0,0.0,-0.0034291311216429,0.0049455098021240484
2025-09-18,0.0,0.0,0.0,0.0,0.0
2025-09-19,0.0,0.0114465104300797,0.0,0.0,0.0019953680715902866
2025-09-22,0.0,-0.001817434443657,0.0,0.0052645763077758,-0.0011645776861354633
2025-09-24,0.0,0.0113536436295251,0.0,0.0052645763077758,0.0005272559248448157
2025-09-25,0.0,0.0,0.0,0.0052645763077758,-0.0015400396071156284
2025-09-26,0.0,0.0,0.0,0.0052645763077758,-0.002666147449548097
2025-09-29,0.0,0.0,0.0,0.002816809350366,0.0
2025-09-30,-0.0067169164882226,0.0,0.0,-0.0046086410501986,-0.003271557416055382
2025-10-01,0.0,0.0,0.0,-0.003453564165783,0.013903353478717701
2025-10-02,0.0,0.0,0.0,-0.0014889603588075,-0.008164671693143702
2025-10-03,0.0,0.0,0.0,-0.0014889603588075,0.004319608383430188
2025-10-06,-0.0021219113215667,0.0054536585365853,0.0,-0.0008794827898669,0.0039119604745242
2025-10-07,0.0,0.0,0.0,-0.0046756005704574,0.0018339291228510472
2025-10-08,0.0,0.0,0.0,-0.0055339181737393,0.019242333132892364
2025-10-09,0.0,0.0,0.0,-0.0081791121832579,-0.006913296223737652
2025-10-10,0.0189405199746354,0.0,0.0,-0.0081791121832579,-0.004994951012263419
2025-10-14,-0.011631101511879,0.0,0.0,-0.0081791121832579,0.0028380380887749438
2025-10-15,0.0,0.0,0.0,0.0080042653243686,0.004202099194255404
2025-10-16,0.0,0.0,0.0,0.0080042653243686,-0.004363782280981924
2025-10-17,0.0,0.0,0.0,0.0080042653243686,0.016151220836378842
2025-10-20,0.0,0.0,0.0,0.0080042653243686,0.006153846153846176
2025-10-21,0.0,0.0,0.0,0.0080042653243686,0.004063029449142237
2025-10-22,0.0,0.0,0.0,0.0,-0.010462945953482
2025-10-23,0.0099945693678404,0.0,0.0,0.0,0.011586312409791912
2025-10-24,0.0,0.0,0.0,0.0,0.017854286302929512
2025-10-27,0.0,0.0,0.0,0.0,-0.0005079066362347893
2025-10-28,0.0,0.0,0.0,0.0,0.007286647258155261
2025-10-29,0.0,0.0,0.0,0.0004950208359174,0.007020347670590699
2025-10-30,0.0,0.0,0.0,0.0004950208359174,0.01007106417103672
2025-10-31,0.0,0.0129761369716425,0.0,0.0004950208359174,0.006987068335455852
2025-11-04,0.0,0.0,0.0,0.0004950208359174,-0.008355907144863515
2025-11-05,-0.0062394160583941,0.0186473115815733,0.0,0.0004950208359174,0.012391103489068836
2025-11-06,0.0,0.0,0.0,0.0051887789248843,-0.002707303537278389
2025-11-07,0.0,0.0,0.0,0.0051887789248843,0.007695341055191065
2025-11-10,0.0,0.0,0.0,0.0051887789248843,0.0021798936869664607
2025-11-11,0.0,0.0,0.0,0.0047320597009489,0.0013959948910984127
2025-11-12,-0.0097091621754042,0.0,0.0,0.0023838677055387,-0.0037445266594084087
2025-11-13,0.0229366434955313,0.0,0.0,0.0016826399007023,-0.006796228627499912
2025-11-14,0.0053775637939334,0.0,0.0,-0.0020227252001348,0.008912318515413407
2025-11-17,0.0,0.0,0.0,-0.0010020728005228,-0.006652157888828808
2025-11-18,0.0337888619854721,0.0,0.0,-0.0015699529183532,-0.0027719560646602133
2025-11-19,0.0,0.0,0.0,0.0002930292639692,0.010910402615268822
2025-11-20,8.426150121061439e-05,0.0,0.0150323614542887,0.0021875770765613,-0.0021949525277937996
2025-11-21,-0.0052947626040136,0.0,0.0150323614542887,0.0074441945019207,0.006808618339499995
2025-11-25,0.0,0.0,0.0150323614542887,0.0094090732697253,0.006632089570623652
2025-11-26,-0.0042424591738712,0.0,0.0150323614542887,0.0157493150178458,0.010080566863229778
2025-11-27,0.0,0.0,0.0150323614542887,0.0205601759229407,-0.007971553104023865
2025-11-28,0.0,0.0,0.0150323614542887,0.0231155580020582,0.003970617284624651
2025-12-01,-0.0042986354775829,0.0,0.0150323614542887,0.0210223622047243,0.005507520061947529
2025-12-02,0.0,0.0,0.0098521551225924,0.0093493862305673,0.009110794085848917
2025-12-03,-0.0066171209947392,0.0,0.0098521551225924,-0.0045886872920536,0.0007973272966464147
2025-12-04,0.0,-0.0168141414141414,0.0098521551225924,-0.0045886872920536,0.0013032495763411892
2025-12-05,0.0,0.0,0.0046719487908961,-0.0045886872920536,0.010331915909770728
2025-12-08,0.0,0.0,0.0046719487908961,-0.0045886872920536,0.002060472230630883
2025-12-09,0.0,0.0,0.0046719487908961,-0.0057212360662856,0.002100603250164146
2025-12-10,0.0,0.0,0.0046719487908961,-0.0019819751280175,0.005183068083098597
2025-12-11,0.0,0.0,0.0046719487908961,-0.0019819751280175,0.01309479527574613
2025-12-12,0.0060014631915867,0.0,0.0046719487908961,-0.0019819751280175,-0.0013233878729547175
2025-12-15,0.0,0.0,0.0046719487908961,-0.0019819751280175,-0.0010387904671933605
2025-12-16,0.0,0.0,0.0,-0.0019819751280175,0.0010737411339119467
2025-12-17,-0.012225922421949,0.0,0.0071245826292666,0.0,-0.008353409113464605
2025-12-18,0.0,0.0,0.0071245826292666,0.0,0.0071990511447005134
2025-12-19,-0.0013225092250922,0.0,0.0071245826292666,0.0,0.008047214033491755
2025-12-22,0.0,0.0,0.0071245826292666,0.0,-0.00917168243049582
2025-12-23,0.0,0.0,0.0071245826292666,0.0,-0.004759071980963703
2025-12-24,0.0,0.0,0.0071245826292666,0.0,0.0
2025-12-25,0.0,0.0,0.0071245826292666,0.0,0.008572869389813498
2025-12-26,0.0,0.0,0.0071245826292666,0.0,0.0
2025-12-29,0.0,0.0,0.0071245826292666,0.0,-0.002845759817871385
2025-12-30,0.0,0.0,0.0164353730756396,0.0,0.013408726694223938
2026-01-05,0.0,0.0,0.0257461635220125,0.0,0.008957868436204608
2026-01-06,0.011153273427471,0.0,0.0257461635220125,0.0029573060415978,-0.004706783695328843
2026-01-07,0.0104554059921841,0.0,0.0257461635220125,0.0029573060415978,-0.0038581300645302292
2026-01-08,0.0,0.0,0.0257461635220125,0.0029573060415978,0.004318695995884413
2026-01-09,2.6803243704698688e-05,0.0,0.0257461635220125,0.0029573060415978,0.01381851681252888
2026-01-13,0.0,0.0,0.0196572689531245,0.0029573060415978,0.011940725665405272
2026-01-14,0.0,0.0,0.0196572689531245,0.0079132621697327,0.005418312877608559
2026-01-15,0.0,0.0,0.0196572689531245,0.0079132621697327,0.006689930138047417
2026-01-16,0.0,0.0,0.0196572689531245,0.0079132621697327,-0.000536478205501012
2026-01-19,-0.0157336096145877,0.0,0.0135683743842364,0.0079132621697327,-0.0060186545485307885
2026-01-20,0.0,0.0,0.0135683743842364,0.0079132621697327,-0.009597523219814219
2026-01-21,0.0,0.0,0.0135683743842364,0.0,0.006297126285545472
2026-01-22,0.0032072144288576,0.0120936257011728,0.0135683743842364,-0.001388403039906,0.0056477355274230185
2026-01-23,0.0,0.0,0.0135683743842364,-0.001388403039906,-0.006648755447785537
2026-01-26,0.0,0.0,0.0135683743842364,-0.001388403039906,-0.001424670544936446
2026-01-27,0.0077037277147488,0.0,0.0,-0.0005690668282462,-0.014376078205865395
2026-01-28,0.0,0.0,0.0,-0.0005690668282462,0.0018103599695688533
2026-01-29,0.0,-0.002094335613206,0.0,0.0057997278796533,0.0001085524586232681
2026-01-30,0.0,0.0,0.0,0.0057997278796533,0.008716643077038887
2026-02-02,0.0,0.0,0.0,0.0077780717718089,-0.00918275043429262
2026-02-03,0.0,0.0,-0.0100399999999999,0.0164991348638125,0.0026412558290188626
2026-02-04,0.0110306784660767,0.0,-0.0100399999999999,0.0164991348638125,0.009599973044192836
2026-02-05,0.0,0.0,-0.0100399999999999,0.0145983929765215,-0.005137627790808341
2026-02-06,0.0,0.0,-0.0100399999999999,0.0145983929765215,0.005219210724782597
2026-02-09,-0.009107767328457,0.0,-0.0100399999999999,0.0147754508821707,0.005994858109031886
2026-02-10,0.0,0.0,-0.0100399999999999,-0.0072243138400728,0.0057739200197452385
2026-02-12,0.0,0.0,-0.0100399999999999,-0.0072243138400728,-0.011773880697954764
2026-02-13,0.0185263592567102,0.0,-0.0100399999999999,-0.0097680153177648,0.0075277098369473236
2026-02-16,0.0,0.0,-0.0100399999999999,-0.0068413351432733,0.0022846148169500084
2026-02-17,0.0,0.0,-0.0100399999999999,-0.0066522366295887,0.003902790302555116
2026-02-18,0.0,0.0,0.0,-0.0027575132693685,0.006676240902166202
2026-02-19,0.0,0.0,0.0,-0.0027575132693685,-0.0014229537282096326
2026-02-20,0.0,0.0,0.0,-0.0027575132693685,-0.0008204899689068565
2026-02-24,-0.0097652445369407,0.0,0.0,-0.0051394485201113,0.002855257640731032
2026-02-25,0.0,0.0,0.0,0.0128210869549377,0.006143845880107736
2026-02-26,0.0,0.0,0.0,-0.0005443550068312,-0.007169966533924099
2026-02-27,0.0,0.0,0.0,-0.0034209941560318,-0.014329742550237928
2026-03-02,-0.0185338608638312,-0.0130993502658003,0.0,-0.0036205596045929,0.013892968359393354
2026-03-03,0.0228793522267206,0.0,0.0,-0.0036205596045929,-0.01383608786348008
2026-03-04,0.0,-0.0051646378334419,0.0,-0.0058730841558549,0.014083758164512423
2026-03-05,0.0173151120751988,0.0,0.0,-0.0002298376402577,-0.009057714016169493
2026-03-06,0.0,0.0,0.0,0.0012346917148903,-0.012404555175419552
2026-03-09,-0.0037872788859616,0.0347180906546737,0.0,0.001784932079513,0.014558153748347928
2026-03-10,0.0,0.0,0.0,0.001784932079513,-0.03381234150464918
2026-03-11,0.0,0.0045477735019241,0.0,0.0003886666667746,-0.006520498958047774
2026-03-12,-3.045084996304812e-05,0.0,0.0,0.0,-0.015210743517850596
2026-03-13,0.0054997050147493,0.0038429063908777,0.0,0.0015532590942836,-0.0003969101405850199
2026-03-16,0.0169816568047336,0.0,0.0,0.0003634952187836,0.01098076705291649
2026-03-17,-0.0073495245062179,0.0,0.0,0.0003634952187836,0.005544427424282995
2026-03-18,0.0176403254333214,0.0,0.0,0.0003634952187836,0.0
2026-03-19,0.0,0.0,0.0,0.0003634952187836,-0.008167184906395758
2026-03-23,-0.0066232594321276,0.0,0.0,0.0063809856986141,0.00928481532788313
2026-03-24,0.0,0.0094586292593234,0.0116923556370302,0.0135882400539446,0.009819689724924346
2026-03-25,0.0089592512598992,0.0,0.0116923556370302,0.0135882400539446,0.008613959058455332
2026-03-26,0.0,0.0,0.0116923556370302,0.0135882400539446,0.02172096908939003
2026-03-27,0.0,0.0,0.0116923556370302,0.0135882400539446,-0.02061824021412819
2026-03-30,0.0169512747875355,0.0,0.0116923556370302,0.0,0.03341288782816232
2026-03-31,-0.0093413447782547,0.0315380165855257,0.0116923556370302,0.0040016326530612,0.012866940110211039
2026-04-01,0.0,0.0,0.0116923556370302,0.0055215099681491,0.010557691236280586
2026-04-02,0.0246677506775067,-0.0031118492933189,0.0116923556370302,0.0055215099681491,0.002449390919194494
2026-04-03,0.0,0.0,0.0116923556370302,0.0090725097825474,0.004829997255254984
2026-04-06,0.0,0.0,0.0116923556370302,0.0076257899368395,0.005179154506859392
2026-04-07,0.0,0.0,0.0,0.0085318292577841,0.011454285129883555
2026-04-08,0.0114123523455956,-0.0125642169285351,0.0,0.006024954866185,0.001342328691015137
2026-04-09,0.0095451303155007,0.0,0.0,0.006024954866185,-0.0006759554048054912
2026-04-10,-0.0028613220815752,0.0,0.0,1.7437612496631395e-05,0.0
2026-04-13,0.0,0.0,0.0,-0.0027056042266425,0.001455417733459178
2026-04-14,0.0,0.0,0.0,-0.0027056042266425,0.004057428214731651
2026-04-15,0.0,0.0,0.0,-0.0026121022078035,0.006021078089489928
2026-04-16,0.0,0.0,0.0,-0.0026121022078035,-0.0026250435591090144
2026-04-17,0.013936917562724,0.0,0.0,-0.004517909595026,0.005687571953745852
2026-04-20,0.0,0.0,0.0,-0.0110273684210526,0.008305647840531671
2026-04-21,0.0044798798798799,0.0,0.0,-0.0110273684210526,-0.000769469801483261
2026-04-22,-0.0065022120518687,0.0,0.0,0.0037453411046662,-0.004192301975319501
2026-04-23,0.0,-0.0001221450402888,0.0,0.0054677925643005,-0.0015959656807181806
2026-04-24,0.0,0.0,0.0,0.0057973725334104,0.0029561586293194724
2026-04-27,0.0,0.0,0.0,0.0082009069554765,-0.00030375629340539945
2026-04-28,0.0,0.0,0.0,0.0082009069554765,-0.0030456852791878038
2026-04-30,-0.0204849748937814,0.0,0.0,0.0078494039621545,-0.0014408391724549108
2026-05-01,0.0,0.0,0.0,0.0099513254476577,0.006417607048041174
2026-05-07,0.0,0.0,-0.0100399999999999,0.0112068726753194,0.00026468672639973933
2026-05-08,0.0,0.0,-0.0100399999999999,0.0056930606744681,-0.0003787702205025333
2026-05-11,-0.0030748184944592,0.0046125313283209,-0.0100399999999999,0.0042045528127138,0.00241211458192724
2026-05-12,0.0,0.0,-0.0100399999999999,0.0035467937140079,-0.003875650796067331
2026-05-13,0.0,0.0,-0.0100399999999999,0.0019976394325798,-0.006761672156067183
2026-05-14,0.0,0.0,-0.0100399999999999,0.0011669583185936,0.00657736306029361
2026-05-15,-0.0221471433837079,-0.0118204674967231,-0.0100399999999999,0.0042530994962744,-0.003258558888744179
2026-05-18,-0.0195404839292163,0.0,-0.0100399999999999,0.0065222713015762,0.0025840960618429233
2026-05-19,-0.0062479532163743,-0.0004,-0.0100399999999999,0.0122944021748432,0.003314953873862732
