trade_date,bps
2015-01-05,0.0
2015-01-06,0.0
2015-01-07,0.0
2015-01-08,0.0
2015-01-09,0.0
2015-01-13,0.0
2015-01-14,0.0
2015-01-15,0.0
2015-01-16,0.0
2015-01-19,0.0
2015-01-20,0.0
2015-01-21,0.0
2015-01-22,0.0
2015-01-23,0.0
2015-01-26,0.0
2015-01-27,0.0
2015-01-28,0.0
2015-01-29,0.0
2015-01-30,0.0
2015-02-02,0.0
2015-02-03,-0.6222222222222222
2015-02-04,-8.674083376042605
2015-02-05,-59.50461246307149
2015-02-06,26.85185398254075
2015-02-09,11.035647260003238
2015-02-10,-24.041986462918654
2015-02-12,-14.225870842524294
2015-02-13,28.43582505866042
2015-02-16,-102.06980120912587
2015-02-17,79.78068918543113
2015-02-18,13.240941800814936
2015-02-19,20.84657411332155
2015-02-20,21.362272847614044
2015-02-23,43.961577557483714
2015-02-24,-1.7800000089687167
2015-02-25,-16.016967203493834
2015-02-26,-57.10706492239964
2015-02-27,16.211737189632036
2015-03-02,13.383798245930569
2015-03-03,-13.0044956177451
2015-03-04,17.498129387595473
2015-03-05,-67.08707316556236
2015-03-06,-28.316916645268822
2015-03-09,22.824481699847208
2015-03-10,38.65491551193166
2015-03-11,11.412758050305692
2015-03-12,-52.09774767810117
2015-03-13,57.76214780810675
2015-03-16,-24.25364755427176
2015-03-17,-0.012805159160547634
2015-03-18,10.486176293485045
2015-03-19,-13.621250074000747
2015-03-20,14.682596712272154
2015-03-23,-61.503713652605114
2015-03-24,-30.64864493118717
2015-03-25,-15.0633480987264
2015-03-26,38.92872264326635
2015-03-27,78.60625237515717
2015-03-30,14.957332867627208
2015-03-31,-1.7794234007586454
2015-04-01,-39.29523661910273
2015-04-02,46.465732018829705
2015-04-03,27.418410931307424
2015-04-06,-30.357032403525384
2015-04-07,-33.25487866295584
2015-04-08,12.924655909214218
2015-04-09,-22.204497847065017
2015-04-10,17.852291645377633
2015-04-13,-0.76126400472866
2015-04-14,10.604269020111733
2015-04-15,-35.54907469860076
2015-04-16,-9.877430721571235
2015-04-17,11.798855940526932
2015-04-20,-3.302827835613845
2015-04-21,-34.66253660509975
2015-04-22,-10.549394881973946
2015-04-23,60.04904123526041
2015-04-24,-65.5503271015248
2015-04-27,-55.007722897136986
2015-04-28,-86.37043396204693
2015-04-30,74.21427506018489
2015-05-01,-92.81979876171631
2015-05-07,47.7449383289172
2015-05-08,1.7826952283777127
2015-05-11,-79.39942871890601
2015-05-12,-54.97004140344356
2015-05-13,26.64738460702037
2015-05-14,-53.60845406666616
2015-05-15,45.37819609581366
2015-05-18,-21.547570137316168
2015-05-19,43.195284763260084
2015-05-20,-23.16716657060492
2015-05-21,-9.648385058069179
2015-05-22,-34.127512442997734
2015-05-25,33.283814437633566
2015-05-26,23.885558293893542
2015-05-27,1.9411941177472076
2015-05-28,-72.81138215918509
2015-05-29,20.035438284725604
2015-06-01,-12.366418854234922
2015-06-02,12.99867798939238
2015-06-03,71.46753176682594
2015-06-04,21.58355018031169
2015-06-05,3.124477703314148
2015-06-08,-93.96382835248284
2015-06-09,27.39060710975803
2015-06-10,53.22407787436729
2015-06-11,30.65481877253453
2015-06-12,-53.271121614008045
2015-06-15,1.3368165186210743
2015-06-16,-22.79305581620335
2015-06-17,5.298152190951921
2015-06-18,9.270319450104902
2015-06-19,18.183753339898843
2015-06-22,57.489907346179606
2015-06-23,-6.9916280239324795
2015-06-24,4.060344058698354
2015-06-25,16.708710433275694
2015-06-26,39.150366473305304
2015-06-29,-9.553205408556574
2015-06-30,48.414478924320456
2015-07-01,11.928284099304172
2015-07-02,29.480834215281075
2015-07-03,-7.997893028573115
2015-07-06,33.31150874896596
2015-07-07,-0.11775303660851616
2015-07-08,6.334307492284148
2015-07-09,21.838376611498855
2015-07-10,31.96798055331882
2015-07-13,-9.661216683215706
2015-07-14,13.39889515485227
2015-07-15,-21.66605607778509
2015-07-16,13.948889655970033
2015-07-17,15.540038403028896
2015-07-21,-0.25687125650647463
2015-07-22,-21.5605801313022
2015-07-23,12.600010812581324
2015-07-24,-7.257867860877425
2015-07-27,-8.67389692937788
2015-07-28,-12.958226125487641
2015-07-29,26.58234286087832
2015-07-30,24.79431157164278
2015-07-31,62.39004682606881
2015-08-03,-34.811263725773706
2015-08-04,-11.19120322431979
2015-08-05,32.375088665055415
2015-08-06,4.432100145608416
2015-08-07,36.0643228321143
2015-08-10,53.478626171214415
2015-08-11,29.007718019733684
2015-08-12,19.676499548529268
2015-08-13,38.13382627288047
2015-08-14,-32.719203887812256
2015-08-17,12.7828446953249
2015-08-18,58.316340321344455
2015-08-19,-77.8215210294429
2015-08-20,25.938753672586415
2015-08-21,15.24433060124511
2015-08-24,28.371369778021784
2015-08-25,-16.39049591857388
2015-08-26,-20.64364476498907
2015-08-27,44.51906741603446
2015-08-28,-1.8473201506570704
2015-08-31,-79.30156631677346
2015-09-01,29.11465658540855
2015-09-02,-36.39154363294433
2015-09-03,-7.707053591720174
2015-09-04,-19.167402478567364
2015-09-07,-45.018341364769284
2015-09-08,55.12165527144695
2015-09-09,4.67271027552054
2015-09-10,-23.776453153993995
2015-09-11,-52.798099118890974
2015-09-14,-47.27543883898601
2015-09-15,18.227746630047736
2015-09-16,24.967634423466965
2015-09-17,0.992618312787971
2015-09-18,-36.03924279324721
2015-09-24,-42.123756221800235
2015-09-25,66.58190209301081
2015-09-28,46.567787018866674
2015-09-29,-3.762083948145545
2015-09-30,-38.25615579628914
2015-10-01,39.450563848791624
2015-10-02,-61.506703062351434
2015-10-05,-8.63024057464338
2015-10-06,53.14236244661188
2015-10-07,89.91679637149122
2015-10-08,47.16166083366832
2015-10-09,18.158634332405274
2015-10-13,-9.172211457872631
2015-10-14,18.765891015206485
2015-10-15,-20.4686665272581
2015-10-16,42.16712176832934
2015-10-19,-3.8227606542680803
2015-10-20,-16.29567204702836
2015-10-21,20.770324054306705
2015-10-22,-20.92205714711176
2015-10-23,14.20913316136931
2015-10-26,50.846840395302266
2015-10-27,-2.1280984153656104
2015-10-28,-14.238036770766497
2015-10-29,-52.59608974429929
2015-10-30,19.26309941834754
2015-11-02,-72.39951659560307
2015-11-04,-23.98451366311414
2015-11-05,-39.244622304670735
2015-11-06,-20.641141652964254
2015-11-09,71.46504957238345
2015-11-10,-9.935551878252971
2015-11-11,-25.747322446498476
2015-11-12,3.721853994210327
2015-11-13,16.731386812352994
2015-11-16,-42.73823448590508
2015-11-17,-100.17212289091087
2015-11-18,35.17200952086354
2015-11-19,-3.1791994692928762
2015-11-20,6.215035199070534
2015-11-24,-13.17679057422297
2015-11-25,8.279602288661174
2015-11-26,37.822380344082326
2015-11-27,74.81065186402853
2015-11-30,-30.285982769218588
2015-12-01,-12.814848354890653
2015-12-02,7.982200898113149
2015-12-03,3.4830340808039164
2015-12-04,-22.836192792693932
2015-12-07,1.6849274687604112
2015-12-08,-9.814410947081704
2015-12-09,-17.93840963655893
2015-12-10,13.361816424425209
2015-12-11,-32.34261664964833
2015-12-14,18.251029683038514
2015-12-15,-4.970231008995254
2015-12-16,9.692343853626845
2015-12-17,-73.9204936343625
2015-12-18,-19.46505779328311
2015-12-21,-57.411949181406925
2015-12-22,7.516765348376759
2015-12-24,-9.073111433225668
2015-12-25,-30.522867409059796
2015-12-28,-11.696512364127102
2015-12-29,6.644859026524156
2015-12-30,8.67017971530904
2016-01-04,-37.03799179994936
2016-01-05,31.296562964974935
2016-01-06,78.4311894790944
2016-01-07,20.86493002283768
2016-01-08,0.12107666741046172
2016-01-12,30.06337237745529
2016-01-13,32.44237676746115
2016-01-14,14.068238795729563
2016-01-15,36.510421983100954
2016-01-18,5.938790991847311
2016-01-19,-27.069474875618116
2016-01-20,5.325430258019194
2016-01-21,-57.459723984386386
2016-01-22,-2.9358731143891608
2016-01-25,-2.2139609576855874
2016-01-26,-27.365344511079027
2016-01-27,-37.25245886961893
2016-01-28,-65.41416296989497
2016-01-29,-13.79096274901657
2016-02-01,79.85639146612738
2016-02-02,-25.223543784968573
2016-02-03,-29.595303147456825
2016-02-04,70.17624995971283
2016-02-05,30.901546061772383
2016-02-08,31.299917730292904
2016-02-09,-35.37371846237714
2016-02-10,46.87847197478365
2016-02-12,12.000587947656287
2016-02-15,-27.576801095303964
2016-02-16,23.969386344072156
2016-02-17,-1.2102086195830977
2016-02-18,25.95581084109852
2016-02-19,-32.84182996122175
2016-02-22,-3.753505620086773
2016-02-23,17.117206083748936
2016-02-24,16.27452102371904
2016-02-25,44.8837733951032
2016-02-26,15.100211504638063
2016-02-29,14.813508220642284
2016-03-01,23.52764554390362
2016-03-02,57.68193202028827
2016-03-03,18.211393837644472
2016-03-04,-26.33337860052647
2016-03-07,-18.05882233009703
2016-03-08,21.807282159759204
2016-03-09,2.5357986514446176
2016-03-10,13.991415384149873
2016-03-11,15.746271575034235
2016-03-14,0.0858035585675086
2016-03-15,-1.1761505404967447
2016-03-16,-9.524121822028052
2016-03-17,16.395498364274285
2016-03-18,-29.42149799849371
2016-03-22,18.973422283225904
2016-03-23,48.160110795304135
2016-03-24,-17.156913450248005
2016-03-25,-12.59473974898164
2016-03-28,-4.791601528461764
2016-03-29,13.782906079732715
2016-03-30,-29.91455763246577
2016-03-31,-32.34238859894398
2016-04-01,16.146078039003434
2016-04-04,-102.27183004152309
2016-04-05,-32.375646559436426
2016-04-06,20.991430736752804
2016-04-07,88.296395906697
2016-04-08,47.88602123398555
2016-04-11,-43.69687859998132
2016-04-12,13.48763559555417
2016-04-13,31.472327274558438
2016-04-14,44.065184794243734
2016-04-15,-4.5206449923980365
2016-04-18,-26.756032674311896
2016-04-19,16.556719362787508
2016-04-20,2.37283462553461
2016-04-21,38.4217571089326
2016-04-22,19.50780640640345
2016-04-25,53.918739619459295
2016-04-26,9.27853266593818
2016-04-27,-17.094033416948555
2016-04-28,6.69038928417674
2016-05-02,21.37302117664944
2016-05-06,-32.70753026528613
2016-05-09,15.418497755229636
2016-05-10,8.529014585255139
2016-05-11,29.368598834753602
2016-05-12,88.21238489788989
2016-05-13,40.35571247808221
2016-05-16,-64.44584736740464
2016-05-17,-41.60878845417243
2016-05-18,-6.879440246873624
2016-05-19,5.906143158895351
2016-05-20,11.767468897024704
2016-05-23,37.352306279429385
2016-05-24,13.312820726101815
2016-05-25,-4.393171697620356
2016-05-26,15.73730960511468
2016-05-27,27.757604821768453
2016-05-30,6.939412940604039
2016-05-31,11.571529277580503
2016-06-01,-6.993619234024599
2016-06-02,-37.97170460197955
2016-06-03,-13.439849689202008
2016-06-06,-39.51185614256045
2016-06-07,-61.97351725552643
2016-06-08,-83.61610849309974
2016-06-09,3.994267152610086
2016-06-10,-19.191035233090865
2016-06-13,-30.429868723846425
2016-06-14,-25.506606011249964
2016-06-15,33.95888321867418
2016-06-16,-29.841078852200724
2016-06-17,-10.53001078226113
2016-06-20,-34.87083702277662
2016-06-21,33.842303776263265
2016-06-22,-128.90581145315159
2016-06-23,79.15799417279506
2016-06-24,-87.68368978616897
2016-06-27,3.629219639078807
2016-06-28,-45.864680957465794
2016-06-29,18.39850393742877
2016-06-30,-0.9749935625168322
2016-07-01,-67.80471297384058
2016-07-04,-10.128129284433713
2016-07-05,-101.49658600993422
2016-07-06,-39.342870468899136
2016-07-07,11.637358301902099
2016-07-08,-46.36416753040693
2016-07-11,78.07431745328046
2016-07-12,122.8506402681884
2016-07-13,58.01913657757437
2016-07-14,-3.3391801558674055
2016-07-15,62.891571299598844
2016-07-19,-56.858282356705274
2016-07-20,-39.262719083238956
2016-07-21,97.11813357187137
2016-07-22,-68.46180667729027
2016-07-25,39.581703719501455
2016-07-26,-16.578413148754564
2016-07-27,-17.51643162675124
2016-07-28,-23.546683568856423
2016-07-29,45.96784312085039
2016-08-01,12.53134963604298
2016-08-02,23.814855558290294
2016-08-03,24.84611700736378
2016-08-04,-89.28392221460915
2016-08-05,-9.609891027902892
2016-08-08,7.372144844381413
2016-08-09,-9.515991897906096
2016-08-10,100.2046888368079
2016-08-12,-28.39737490427412
2016-08-15,34.582706589348874
2016-08-16,-24.15632214106443
2016-08-17,22.18671531112541
2016-08-18,-2.517652323028061
2016-08-19,-84.93539074065103
2016-08-22,16.628757710167488
2016-08-23,-2.3295141714150227
2016-08-24,-16.98105466039377
2016-08-25,28.406193618855475
2016-08-26,2.7562093278647555
2016-08-29,80.79590799174262
2016-08-30,-39.74122148553295
2016-08-31,53.71655854751824
2016-09-01,21.89368688476745
2016-09-02,-28.886604270239516
2016-09-05,-58.16013795217262
2016-09-06,40.57549205208096
2016-09-07,62.89204762515947
2016-09-08,-25.02614161198201
2016-09-09,7.6920923728727235
2016-09-12,-36.89931807529479
2016-09-13,38.259535213086366
2016-09-14,-13.41561614681904
2016-09-15,34.56757552869289
2016-09-16,-14.219432525029452
2016-09-20,65.79942731221504
2016-09-21,8.330721049800882
2016-09-23,21.15587452956046
2016-09-26,2.9626393938826894
2016-09-27,57.77270163478124
2016-09-28,42.87115258516278
2016-09-29,10.415391601631319
2016-09-30,7.6164828723162055
2016-10-03,-12.155066775028157
2016-10-04,64.636932655257
2016-10-05,134.9211142655224
2016-10-06,-24.438969471537153
2016-10-07,-0.9721755103386474
2016-10-11,-2.948900178039682
2016-10-12,9.42112434786268
2016-10-13,-6.483745506685036
2016-10-14,4.345508022163253
2016-10-17,-10.000307254612718
2016-10-18,-7.954609914395295
2016-10-19,8.838652166993919
2016-10-20,-18.33981328711072
2016-10-21,13.056110981450072
2016-10-24,38.07592076536885
2016-10-25,-33.43569613422301
2016-10-26,42.01094102211747
2016-10-27,67.24151568027531
2016-10-28,-2.4014170626325733
2016-10-31,-32.64144168790816
2016-11-01,-23.811205312460384
2016-11-02,61.28928247605529
2016-11-04,-8.127368649897242
2016-11-07,-57.15999090256116
2016-11-08,-36.666450949456134
2016-11-09,12.818369739662351
2016-11-10,-23.747760250129986
2016-11-11,21.200484168793416
2016-11-14,24.30886266170669
2016-11-15,-7.584682341600664
2016-11-16,-4.67499674068277
2016-11-17,-54.851057664897034
2016-11-18,-3.7447454740538118
2016-11-21,25.365602924127895
2016-11-22,50.70716514831308
2016-11-24,-12.926046181833259
2016-11-25,42.38845525090365
2016-11-28,24.88659406564274
2016-11-29,44.28209381221683
2016-11-30,9.445187860921493
2016-12-01,8.663262990723362
2016-12-02,-60.47544668727843
2016-12-05,26.966226829136954
2016-12-06,-0.1472904818150861
2016-12-07,-28.501882559249193
2016-12-08,-34.42046235433098
2016-12-09,9.069298019369729
2016-12-12,-9.457626318502484
2016-12-13,72.26860909543014
2016-12-14,-24.75279108680397
2016-12-15,14.050990510627445
2016-12-16,-29.719144333900903
2016-12-19,-5.288354004059594
2016-12-20,60.870246455825686
2016-12-21,24.441442364579846
2016-12-22,-7.865807959553142
2016-12-26,6.716553391191711
2016-12-27,-9.182703133002974
2016-12-28,6.75594165732387
2016-12-29,-26.231428089952214
2016-12-30,-6.045693006750231
2017-01-04,17.986579379650863
2017-01-05,-0.7459421551093707
2017-01-06,12.86739905093007
2017-01-10,-73.37878187200764
2017-01-11,14.79265560642855
2017-01-12,-21.434588300642616
2017-01-13,-31.455691191780854
2017-01-16,-35.08353902168207
2017-01-17,10.528885980539208
2017-01-18,4.994272191959707
2017-01-19,18.37289287862754
2017-01-20,11.902607441480136
2017-01-23,5.811034063063371
2017-01-24,-12.324204623596707
2017-01-25,-23.896528945644974
2017-01-26,-61.271893728346726
2017-01-27,22.24519479898551
2017-01-30,7.115058893890937
2017-01-31,-17.312014935671478
2017-02-01,-4.93227031975427
2017-02-02,53.014335960715385
2017-02-03,2.548187629476124
2017-02-06,-11.837610372574261
2017-02-07,29.503348945560234
2017-02-08,-34.25617670896502
2017-02-09,11.412362398815066
2017-02-10,17.344414646462937
2017-02-13,40.09558645858967
2017-02-14,-135.35828343410193
2017-02-15,-31.776167963782015
2017-02-16,-36.73700608547221
2017-02-17,-4.913633305707369
2017-02-20,28.59935144621391
2017-02-21,-14.478440639506914
2017-02-22,-1.2428415943590272
2017-02-23,31.459688894505135
2017-02-24,-7.078707972473421
2017-02-27,22.899517576913084
2017-02-28,-10.287614765373426
2017-03-01,-31.57429011493342
2017-03-02,-64.54347521761345
2017-03-03,-31.432576676243496
2017-03-06,-18.4691521907251
2017-03-07,16.783248064745678
2017-03-08,-6.371815717882817
2017-03-09,-64.99197321629134
2017-03-10,33.49921995864643
2017-03-13,-14.82602924605733
2017-03-14,-10.495124795870492
2017-03-15,15.67989271241785
2017-03-16,-23.701030236281866
2017-03-17,-5.334314021977377
2017-03-21,-15.82253460891977
2017-03-22,-37.6116511276498
2017-03-23,15.368672123684052
2017-03-24,-21.021511712927488
2017-03-27,-18.968919634646525
2017-03-28,3.278776302003148
2017-03-29,3.5975583599115897
2017-03-30,-17.651011134015324
2017-03-31,1.9935746300694714
2017-04-03,35.945573849715814
2017-04-04,-37.74776773579976
2017-04-05,8.58594682766654
2017-04-06,-15.70874995447148
2017-04-07,18.018326876622535
2017-04-10,-5.884281030162073
2017-04-11,27.437662214079783
2017-04-12,-30.339776839706968
2017-04-13,46.79940583149617
2017-04-14,5.52753966173492
2017-04-17,1.480643306989167
2017-04-18,2.611203807229905
2017-04-19,-33.817497283119714
2017-04-20,55.090910553301484
2017-04-21,27.983535240816803
2017-04-24,-33.205416185084395
2017-04-25,2.2990507271316876
2017-04-26,-30.197517834721996
2017-04-27,3.5548242674775916
2017-04-28,69.55563895142163
2017-05-01,17.18602531622105
2017-05-02,-15.331754927010113
2017-05-08,0.1643528897579674
2017-05-09,29.97226708522043
2017-05-10,-29.399239789128792
2017-05-11,-109.60444430554357
2017-05-12,-35.446380891105306
2017-05-15,8.117954165946157
2017-05-16,-66.02306197482633
2017-05-17,-67.31540531461906
2017-05-18,17.387939917735835
2017-05-19,71.22594670029912
2017-05-22,-53.39822504497769
2017-05-23,-22.97159477079602
2017-05-24,-49.8131007355633
2017-05-25,-33.48644037956144
2017-05-26,-5.865793094799882
2017-05-29,-15.477053879298264
2017-05-30,-5.074960446152378
2017-05-31,-73.47500038218975
2017-06-01,23.086248234869192
2017-06-02,36.18164825349024
2017-06-05,-96.52454380474255
2017-06-06,34.65444719934952
2017-06-07,2.2953161673128637
2017-06-08,-14.4748093407288
2017-06-09,16.532934141295467
2017-06-12,34.002231821332806
2017-06-13,36.30860976398353
2017-06-14,38.38589236707004
2017-06-15,-27.62017308515423
2017-06-16,-18.343491358562964
2017-06-19,20.59153835518039
2017-06-20,-22.09255607744863
2017-06-21,21.07797970979403
2017-06-22,-38.54278069152594
2017-06-23,13.902704126006379
2017-06-26,-17.964038706415906
2017-06-27,8.412509842886719
2017-06-28,-25.31380869686588
2017-06-29,-6.358509282366408
2017-06-30,-3.57308333115377
2017-07-03,16.56901368515596
2017-07-04,18.057100769839877
2017-07-05,33.84426786640426
2017-07-06,3.0585713655508857
2017-07-07,3.3762929133681308
2017-07-10,47.235353659262984
2017-07-11,-31.91018071287168
2017-07-12,18.337038273465637
2017-07-13,47.30911811322556
2017-07-14,11.14850452891644
2017-07-18,-25.28605968769759
2017-07-19,-4.005338968557052
2017-07-20,14.58182062088518
2017-07-21,1.5441419247938137
2017-07-24,0.8348494877441084
2017-07-25,9.566138052045394
2017-07-26,-21.861454068253142
2017-07-27,14.074751101612954
2017-07-28,31.70943008637535
2017-07-31,-6.950007630874753
2017-08-01,10.72266662875524
2017-08-02,8.791473651788879
2017-08-03,34.665756709752365
2017-08-04,8.654421141279249
2017-08-07,27.29977736337428
2017-08-08,20.747170573978252
2017-08-09,-69.24791022423456
2017-08-10,112.42627358064513
2017-08-14,35.13208072339445
2017-08-15,24.10776789629047
2017-08-16,12.298719446739911
2017-08-17,6.333873448049617
2017-08-18,2.507125674641281
2017-08-21,8.234005391364171
2017-08-22,-1.6809667982300385
2017-08-23,-24.2229662007017
2017-08-24,-6.251958240001179
2017-08-25,16.310114894465155
2017-08-28,-10.982978936378222
2017-08-29,-14.406526296553807
2017-08-30,47.84417527214611
2017-08-31,-48.15132737701833
2017-09-01,88.01522968249083
2017-09-04,-24.029629323115596
2017-09-05,-13.241274737526172
2017-09-06,-3.836627602062757
2017-09-07,-20.99504786850972
2017-09-08,-30.713570455983003
2017-09-11,37.52932892167832
2017-09-12,-46.09671540988593
2017-09-13,-27.346274812267566
2017-09-14,37.849550675574875
2017-09-15,-3.169606173246235
2017-09-19,18.563832887873097
2017-09-20,-12.105776584867918
2017-09-21,2.133843770905337
2017-09-22,6.880750434603844
2017-09-25,9.871680574814919
2017-09-26,-22.64340677107311
2017-09-27,-33.33170355680099
2017-09-28,22.666696545381967
2017-09-29,8.247736471412765
2017-10-02,-31.336033211109175
2017-10-03,6.083001168320469
2017-10-04,19.10617010058288
2017-10-05,-5.004321801002662
2017-10-06,-2.9858258205476087
2017-10-10,15.971032069808972
2017-10-11,-4.386532897902788
2017-10-12,56.98047032227109
2017-10-13,23.15980662260795
2017-10-16,-6.119161308070362
2017-10-17,-41.529143831240226
2017-10-18,-8.184296655827842
2017-10-19,-9.803969295939858
2017-10-20,-52.68668975618227
2017-10-23,-2.983793925949848
2017-10-24,15.366702611447092
2017-10-25,-44.94621717937142
2017-10-26,-17.51645594591728
2017-10-27,-19.156880382711318
2017-10-30,31.648919156072047
2017-10-31,122.08354854238996
2017-11-01,89.15388880687709
2017-11-02,-74.74184966352963
2017-11-06,-33.65854888440275
2017-11-07,-48.538762854535214
2017-11-08,-75.12825751054235
2017-11-09,90.50803933390496
2017-11-10,-15.763549988178177
2017-11-13,198.16114064495784
2017-11-14,21.103263008011638
2017-11-15,29.429855842972003
2017-11-16,-18.058455399529034
2017-11-17,-13.844058583333158
2017-11-20,-26.1511966423397
2017-11-21,-18.482415977009314
2017-11-22,-32.29808557026712
2017-11-24,-63.69283214427615
2017-11-27,5.265848388110042
2017-11-28,26.5432712232213
2017-11-29,29.07801723198966
2017-11-30,29.894376713911683
2017-12-01,-7.430776681528217
2017-12-04,-23.009693703754813
2017-12-05,-1.048351118144148
2017-12-06,29.444791504963625
2017-12-07,19.866464542366074
2017-12-08,-38.03279234137944
2017-12-11,7.465721887306243
2017-12-12,18.580737377129697
2017-12-13,19.92062732561453
2017-12-14,19.633025219162484
2017-12-15,-14.551918001358432
2017-12-18,-7.1127620289719715
2017-12-19,-12.385201056571749
2017-12-20,-35.48604167743291
2017-12-21,4.744447768962612
2017-12-22,31.038673641524504
2017-12-25,31.625062151325412
2017-12-26,-17.627576442596105
2017-12-27,-13.158456900395192
2017-12-28,-18.4828199733942
2017-12-29,-0.33531852214586155
2018-01-04,-40.63494491580665
2018-01-05,-10.345818097283463
2018-01-09,51.152120791789145
2018-01-10,-63.663602140368766
2018-01-11,19.725189764147153
2018-01-12,27.41918644236635
2018-01-15,-21.902205042984406
2018-01-16,22.935169190619845
2018-01-17,-20.86589969871993
2018-01-18,-41.505009479588544
2018-01-19,-72.71373909996753
2018-01-22,3.772271219412057
2018-01-23,25.633567313424535
2018-01-24,1.5014658745707565
2018-01-25,-25.123267407116252
2018-01-26,-5.168999109784394
2018-01-29,-17.528036235741823
2018-01-30,35.39013306981296
2018-01-31,-18.124463941639892
2018-02-01,-67.01206053376441
2018-02-02,-66.65385110013555
2018-02-05,-7.83633734146158
2018-02-06,-27.324745296991725
2018-02-07,-56.92843577160641
2018-02-08,15.568162394811232
2018-02-09,-19.135514836939223
2018-02-13,19.6238161387393
2018-02-14,30.16514983004758
2018-02-15,8.829801981384469
2018-02-16,-57.925051353349886
2018-02-19,-28.80902400109556
2018-02-20,-39.66421695251128
2018-02-21,27.349554295157915
2018-02-22,-1.0285350998471694
2018-02-23,-16.67019826554352
2018-02-26,10.194731086709488
2018-02-27,57.99437904848307
2018-02-28,-15.674643092675517
2018-03-01,29.322502517304063
2018-03-02,-28.159390845001568
2018-03-05,-19.72177764371102
2018-03-06,7.7033841084576045
2018-03-07,-52.248565052345754
2018-03-08,59.32623214146502
2018-03-09,-6.528045908954547
2018-03-12,89.09286682149543
2018-03-13,53.45765085657979
2018-03-14,5.323011595306214
2018-03-15,-9.846074867535222
2018-03-16,-11.860493552705567
2018-03-19,9.32085243308836
2018-03-20,-0.49959418893276897
2018-03-22,35.19477602160969
2018-03-23,-72.09829641342617
2018-03-26,11.6966098789533
2018-03-27,55.985083947701874
2018-03-28,10.045509879212014
2018-03-29,-59.032285765058504
2018-03-30,21.570364655684088
2018-04-02,-4.525011417833277
2018-04-03,4.0860753162772285
2018-04-04,11.913181339855397
2018-04-05,-21.71305682608109
2018-04-06,-2.2330593619361547
2018-04-09,-20.292504896248662
2018-04-10,41.80643733600164
2018-04-11,32.51879045707217
2018-04-12,-32.171341637792544
2018-04-13,44.149909460581824
2018-04-16,10.87231429293442
2018-04-17,-7.975287927111718
2018-04-18,19.727270969917253
2018-04-19,-27.527072573750715
2018-04-20,-0.007886927772074238
2018-04-23,27.502807308897136
2018-04-24,44.228646825884425
2018-04-25,-79.60312229983488
2018-04-26,-6.058615835504778
2018-04-27,28.74641887151601
2018-05-01,-79.68289030220885
2018-05-02,-9.703231454397566
2018-05-07,18.344746500774818
2018-05-08,17.32207491090414
2018-05-09,-3.135570466931183
2018-05-10,-2.4278823825975357
2018-05-11,36.44863893434145
2018-05-14,59.7706035522804
2018-05-15,17.650475860190998
2018-05-16,10.127731660624532
2018-05-17,-60.6417074467084
2018-05-18,-26.471493506167477
2018-05-21,19.43825159638086
2018-05-22,65.57929860792173
2018-05-23,22.443980473945317
2018-05-24,2.838201475409297
2018-05-25,-8.310351952818674
2018-05-28,32.792943050532614
2018-05-29,-1.722068978788379
2018-05-30,-47.22748523869271
2018-05-31,-69.84594544020632
2018-06-01,5.259797269213916
2018-06-04,28.72983954639434
2018-06-05,-25.968689394120492
2018-06-06,-30.40811999661384
2018-06-07,76.70911101200252
2018-06-08,-34.36525394079893
2018-06-11,29.10803964584477
2018-06-12,36.7394003650297
2018-06-13,-15.285375768846174
2018-06-14,-8.72967328611272
2018-06-15,-51.131472852304455
2018-06-18,-62.047496758682
2018-06-19,-8.175658711449397
2018-06-20,21.119995394944834
2018-06-21,26.02639101803445
2018-06-22,-14.992593631754037
2018-06-25,10.61282849891283
2018-06-26,12.51093214653145
2018-06-27,-33.982703486678716
2018-06-28,33.90589949005013
2018-06-29,29.12105348125161
2018-07-02,-39.00200674306532
2018-07-03,-80.23650425246721
2018-07-04,-44.283185079139514
2018-07-05,-6.790675966223239
2018-07-06,80.8518816602915
2018-07-09,2.130145698845398
2018-07-10,16.423869644153285
2018-07-11,-18.00130423667596
2018-07-12,-47.75887565726359
2018-07-13,2.555579486454786
2018-07-17,-5.707994720520667
2018-07-18,-7.58214971236722
2018-07-19,8.037899719062786
2018-07-20,-39.51249226650636
2018-07-23,-0.7553968570849854
2018-07-24,32.68829968643982
2018-07-25,-5.523586043934114
2018-07-26,88.33201011514895
2018-07-27,-1.960977360924124
2018-07-30,36.40777564878713
2018-07-31,-48.13270416006588
2018-08-01,-11.18720602919003
2018-08-02,-13.984573226469985
2018-08-03,-56.717111247623045
2018-08-06,-19.424384820971884
2018-08-07,-39.14458732937867
2018-08-08,69.11526087281102
2018-08-09,1.2239577139252005
2018-08-10,-24.40710605194198
2018-08-13,13.618119113195123
2018-08-14,-85.60021708604872
2018-08-15,-63.73655674371082
2018-08-16,-38.77224470618172
2018-08-17,-40.3756086026481
2018-08-20,-73.87555130431765
2018-08-21,26.453029704233728
2018-08-22,-20.038829870299317
2018-08-23,6.165977943839613
2018-08-24,-0.34457925674340434
2018-08-27,34.62421476518323
2018-08-28,17.68308544405462
2018-08-29,0.4358183395281243
2018-08-30,20.043097657350742
2018-08-31,-67.98145479060882
2018-09-03,-23.844490120236635
2018-09-04,14.178096502953357
2018-09-05,-32.797258330255545
2018-09-06,-68.8328931136072
2018-09-07,-61.22498179589114
2018-09-10,-22.705162583267118
2018-09-11,-7.64080568899788
2018-09-12,-46.93276837527861
2018-09-13,-25.220789204558386
2018-09-14,96.87679748670107
2018-09-18,2.1023592658658004
2018-09-19,17.136055817498917
2018-09-20,7.006331330484084
2018-09-21,91.1031949613577
2018-09-25,-112.09705765959039
2018-09-26,-8.806956824484372
2018-09-27,28.373542037048665
2018-09-28,-57.86356951008767
2018-10-01,57.47931072682715
2018-10-02,-7.681344223339709
2018-10-03,52.23968509021496
2018-10-04,-48.47371222620365
2018-10-05,-66.49910812893137
2018-10-09,-30.939555991395064
2018-10-10,22.259437781658786
2018-10-11,62.611935710322804
2018-10-12,83.8917923560658
2018-10-15,-3.902104643567136
2018-10-16,-11.754042735305552
2018-10-17,-59.015175166628914
2018-10-18,43.27833439723973
2018-10-19,-24.941881076659996
2018-10-22,21.594535127962747
2018-10-23,-33.77355575013107
2018-10-24,39.78418902457494
2018-10-25,-22.821657909820452
2018-10-26,36.218600415644794
2018-10-29,-16.492895752388577
2018-10-30,91.14236204192724
2018-10-31,-7.846411762523508
2018-11-01,51.2239772996862
2018-11-02,34.749835455933194
2018-11-05,-73.33046327916833
2018-11-06,46.987844254978704
2018-11-07,38.843384743180614
2018-11-08,-47.934587670216466
2018-11-09,37.2156386090412
2018-11-12,147.05957642758344
2018-11-13,2.195380283826372
2018-11-14,57.39437440367807
2018-11-15,-38.35977938669423
2018-11-16,-22.4420979774784
2018-11-19,-14.411539704400102
2018-11-20,26.09651755128689
2018-11-21,14.673950745297097
2018-11-22,39.9790390274502
2018-11-26,30.165157583099113
2018-11-27,2.2465420040359763
2018-11-28,-4.762245914718367
2018-11-29,13.781076182199456
2018-11-30,-41.63335361389284
2018-12-03,68.63310393796608
2018-12-04,49.45352803541755
2018-12-05,-48.01468628059087
2018-12-06,-24.297162446507464
2018-12-07,-79.05693339950734
2018-12-10,-22.340054415202587
2018-12-11,-134.14908732916751
2018-12-12,38.39072643150086
2018-12-13,97.11004600172345
2018-12-14,-20.916583660340777
2018-12-17,-63.83875515583346
2018-12-18,-1.5530014946132569
2018-12-19,-49.719510828366666
2018-12-20,40.67645213502159
2018-12-21,-17.271136447012022
2018-12-25,-21.793958445965945
2018-12-26,51.65227207653576
2018-12-27,26.037168951508946
2018-12-28,51.59453620672892
2019-01-04,-42.913797115269304
2019-01-07,38.494297201272644
2019-01-08,17.905991011320676
2019-01-09,29.90556396243204
2019-01-10,-25.65107907329965
2019-01-11,-59.09634523983695
2019-01-15,-44.46924020034238
2019-01-16,44.11990415549514
2019-01-17,33.26872902006787
2019-01-18,12.356789855145943
2019-01-21,-16.78394360133513
2019-01-22,11.45817915465923
2019-01-23,9.946030866873471
2019-01-24,-62.05075868370258
2019-01-25,-17.485113029520093
2019-01-28,-9.880803817138842
2019-01-29,24.990330488405995
2019-01-30,12.632783997473062
2019-01-31,3.8283580860727984
2019-02-01,-3.239860507401968
2019-02-04,-41.58367251650275
2019-02-05,113.64612259202083
2019-02-06,-18.20420919900258
2019-02-07,-129.83410949100377
2019-02-08,68.52815541847296
2019-02-12,-19.524228577706026
2019-02-13,-12.764928500479023
2019-02-14,6.893436392434522
2019-02-15,-7.670000796292064
2019-02-18,29.593573454070924
2019-02-19,46.83908548271742
2019-02-20,74.87611759988019
2019-02-21,44.32889639162134
2019-02-22,26.360284732178783
2019-02-25,5.6530110834869225
2019-02-26,-14.279543016054081
2019-02-27,-35.86266418442915
2019-02-28,24.305570443814698
2019-03-01,-44.051510921428125
2019-03-04,-71.26847345632002
2019-03-05,16.353517527250222
2019-03-06,-34.32003212017527
2019-03-07,47.04623438066445
2019-03-08,129.26990314639036
2019-03-11,27.464725050028182
2019-03-12,-40.69141272757863
2019-03-13,-15.200222128184672
2019-03-14,-15.650221985556275
2019-03-15,9.524679156457182
2019-03-18,-44.28053579949843
2019-03-19,-21.88375116943328
2019-03-20,-78.18099324015715
2019-03-22,-23.448020426426005
2019-03-25,-108.97052805557885
2019-03-26,9.498965836914051
2019-03-27,-13.102408786666667
2019-03-28,-41.93938226871461
2019-03-29,-67.33885744163564
2019-04-01,-51.43582073442783
2019-04-02,3.751405402179387
2019-04-03,61.14859818213535
2019-04-04,-16.289824092629527
2019-04-05,104.97158825245587
2019-04-08,21.50959414375042
2019-04-09,59.10353513377421
2019-04-10,-17.991027576475123
2019-04-11,63.51124242777525
2019-04-12,-5.935130222563403
2019-04-15,-20.075910839545582
2019-04-16,79.05720493770772
2019-04-17,-17.04037498252997
2019-04-18,13.332292024942145
2019-04-19,-54.31228690171665
2019-04-22,-1.0152911170870205
2019-04-23,18.410855709976737
2019-04-24,-8.983413714039445
2019-04-25,46.07439865155331
2019-04-26,-83.72136995188265
2019-05-07,-18.531676122101096
2019-05-08,-49.47530774241519
2019-05-09,21.62070928035025
2019-05-10,128.18243095377758
2019-05-13,8.197909312902047
2019-05-14,54.878770325968105
2019-05-15,3.5473374881909825
2019-05-16,-63.42492942790722
2019-05-17,-34.835723235537586
2019-05-20,-19.445421294485854
2019-05-21,-7.750698576173495
2019-05-22,1.6189087657153085
2019-05-23,-10.759628907071672
2019-05-24,-78.9495603301416
2019-05-27,-15.674539211991714
2019-05-28,19.995541708644048
2019-05-29,-10.197737292854287
2019-05-30,44.344925673711444
2019-05-31,-87.07049165355099
2019-06-03,-23.463416786758437
2019-06-04,96.6724002525736
2019-06-05,-17.9808718120688
2019-06-06,-13.988956007171616
2019-06-07,-0.0893910633773193
2019-06-10,-19.974478885012502
2019-06-11,14.061926542046349
2019-06-12,23.480360531831337
2019-06-13,-25.501569570513915
2019-06-14,-14.229341500282821
2019-06-17,-34.018858334058976
2019-06-18,-1.462853412653783
2019-06-19,92.27517873618397
2019-06-20,50.512200639732534
2019-06-21,51.94033240240793
2019-06-24,-8.13920477333999
2019-06-25,21.361669679135215
2019-06-26,-7.544165468212166
2019-06-27,-0.031277941279444436
2019-06-28,7.246512372865055
2019-07-01,-75.77456432618035
2019-07-02,38.49272686701296
2019-07-03,51.27966604853355
2019-07-04,-36.83805217267324
2019-07-05,13.570307671125862
2019-07-08,-39.51137875376056
2019-07-09,-13.284219424219442
2019-07-10,-4.968517217972792
2019-07-11,-2.5472932392076633
2019-07-12,30.70653028347418
2019-07-16,76.17201397197735
2019-07-17,10.9029981146007
2019-07-18,25.429148288987854
2019-07-19,-52.74367571178857
2019-07-22,16.66906848245516
2019-07-23,-18.01581817384384
2019-07-24,33.67342124256321
2019-07-25,-19.273218798922073
2019-07-26,-20.911583939633417
2019-07-29,-54.88401157180412
2019-07-30,-19.847492139062023
2019-07-31,-5.653495645345771
2019-08-01,60.174715724484486
2019-08-02,15.601082401692496
2019-08-05,-30.0542699221645
2019-08-06,38.401867455157856
2019-08-07,-41.75987507201382
2019-08-08,-8.979998828282453
2019-08-09,13.942013226871495
2019-08-13,-117.07386750295935
2019-08-14,-1.015110404431214
2019-08-15,-108.56087099739099
2019-08-16,-17.563033255879404
2019-08-19,-8.81313102747799
2019-08-20,59.143217961086165
2019-08-21,-33.272128562276265
2019-08-22,-8.24873046417321
2019-08-23,-36.13076161597816
2019-08-26,-41.71770787111275
2019-08-27,38.07848692073309
2019-08-28,25.11809786115394
2019-08-29,-15.80427716743353
2019-08-30,58.70990635541794
2019-09-02,-25.441780275883318
2019-09-03,-10.840729139507724
2019-09-04,-37.058278840959225
2019-09-05,41.59348129330406
2019-09-06,36.073995469435914
2019-09-09,-40.010959393057185
2019-09-10,105.55685087425658
2019-09-11,12.819958332027356
2019-09-12,-45.40437946857847
2019-09-13,22.12703703904211
2019-09-17,41.0597929932036
2019-09-18,13.969036014328479
2019-09-19,74.7073018683483
2019-09-20,50.46294555893651
2019-09-24,5.775435965594669
2019-09-25,22.80675622657955
2019-09-26,-94.82298977330028
2019-09-27,47.644498862813215
2019-09-30,48.41562249626693
2019-10-01,-125.39649863172836
2019-10-02,20.16352427717059
2019-10-03,59.673131678973014
2019-10-04,23.618802206137207
2019-10-07,7.0698873181264945
2019-10-08,-28.425818257895667
2019-10-09,54.06971529566572
2019-10-10,-16.698023833790796
2019-10-11,-49.32236422828455
2019-10-15,-26.592587567970902
2019-10-16,-39.59585973760363
2019-10-17,-12.063714335160967
2019-10-18,-35.96247623500598
2019-10-21,-55.72795456461587
2019-10-23,-11.01166156643952
2019-10-24,-123.4069848450027
2019-10-25,-51.93327051791008
2019-10-28,-22.321068818612623
2019-10-29,2.303733517087184
2019-10-30,32.735959541950145
2019-10-31,-0.8187429660632388
2019-11-01,40.64200959322161
2019-11-05,-92.53719971882583
2019-11-06,-12.901586837273944
2019-11-07,-28.439401940292843
2019-11-08,-31.265868998703226
2019-11-11,28.21583449279126
2019-11-12,141.34710734807283
2019-11-13,-10.037180562770665
2019-11-14,23.75024486569161
2019-11-15,-17.606403863382898
2019-11-18,-51.36182539883973
2019-11-19,-9.569781117495342
2019-11-20,30.092787591409675
2019-11-21,-10.315764033682127
2019-11-22,21.728177624638295
2019-11-25,68.07615604835448
2019-11-26,8.438542139002395
2019-11-27,-21.521555274703037
2019-11-28,-11.786677045469984
2019-11-29,-17.508717410181912
2019-12-02,-53.06464700499859
2019-12-03,-85.49375144579425
2019-12-04,27.291556960723238
2019-12-05,32.39924203562301
2019-12-06,-36.97603159445506
2019-12-09,11.305762497928443
2019-12-10,0.9955142661844528
2019-12-11,-7.881669430570958
2019-12-12,-2.1460732101568833
2019-12-13,14.280785326397897
2019-12-16,23.841974102807526
2019-12-17,-12.120398707781591
2019-12-18,25.561932112498734
2019-12-19,7.761561913682373
2019-12-20,2.499511397972436
2019-12-23,-29.594134757066172
2019-12-24,4.56708036914362
2019-12-25,-29.344268055390735
2019-12-26,14.736842092301174
2019-12-27,32.08510163365555
2019-12-30,14.848415377995773
2020-01-06,-4.5275222330314095
2020-01-07,-13.998293695884735
2020-01-08,-16.447980304785403
2020-01-09,-33.13714672072273
2020-01-10,22.205158366381543
2020-01-14,-40.85937719941401
2020-01-15,89.37825220129409
2020-01-16,-12.189648941125336
2020-01-17,59.44343889325866
2020-01-20,-35.957936257406985
2020-01-21,46.973295324583255
2020-01-22,6.417396805211322
2020-01-23,-8.596974252918734
2020-01-24,3.6191969277438525
2020-01-27,-17.360640151010248
2020-01-28,-27.372389932074
2020-01-29,11.80987285568366
2020-01-30,-37.962988002649624
2020-01-31,-56.75424651465336
2020-02-03,-0.48134638230319304
2020-02-04,-58.05216472149161
2020-02-05,67.24281758550296
2020-02-06,27.74391250038744
2020-02-07,-47.72704759014987
2020-02-10,4.982145732360168
2020-02-12,12.009045242870744
2020-02-13,-11.697292356343603
2020-02-14,-85.36563827355523
2020-02-17,-69.13035560205945
2020-02-18,24.445532493044787
2020-02-19,-4.079408639654089
2020-02-20,-27.432258245079158
2020-02-21,-30.163171330106163
2020-02-25,-107.24643136086212
2020-02-26,47.43639411085454
2020-02-27,-15.21209012968207
2020-02-28,15.01876332214707
2020-03-02,34.75649129470123
2020-03-03,-33.972262776789094
2020-03-04,-34.177514125482986
2020-03-05,13.268057414547172
2020-03-06,-48.29852222790362
2020-03-09,-120.24936101367848
2020-03-10,62.942972789746364
2020-03-11,106.72795643358106
2020-03-12,-45.991694432635626
2020-03-13,7.817470800719302
2020-03-16,44.9106687635509
2020-03-17,-73.16048833093949
2020-03-18,-342.8671525731659
2020-03-19,-110.22829467955142
2020-03-23,147.730011631994
2020-03-24,375.5667693379406
2020-03-25,100.54467449275934
2020-03-26,-37.42371384939057
2020-03-27,8.691366785442897
2020-03-30,-131.58421899778702
2020-03-31,-19.59848699441507
2020-04-01,-9.179976998910398
2020-04-02,-8.115991216243783
2020-04-03,-63.61372082030933
2020-04-06,33.4950016236012
2020-04-07,226.30116091915536
2020-04-08,-77.69988751069509
2020-04-09,158.04982210393558
2020-04-10,54.601487474255535
2020-04-13,12.579248116739986
2020-04-14,43.43102795060185
2020-04-15,-2.373153744276463
2020-04-16,-37.668398762710176
2020-04-17,3.034427808168298
2020-04-20,-6.227182368655648
2020-04-21,16.923651357944042
2020-04-22,-11.107702227720388
2020-04-23,-22.258209459265807
2020-04-24,37.82081483394005
2020-04-27,-25.599665919411546
2020-04-28,5.234052408499624
2020-04-30,-16.89588682212454
2020-05-01,-80.26910671622603
2020-05-07,4.06849529926837
2020-05-08,-3.1021270353187984
2020-05-11,-75.59579682212022
2020-05-12,78.43986593791415
2020-05-13,-5.700825710349104
2020-05-14,-53.66424669409731
2020-05-15,5.096074302391115
2020-05-18,17.13858941596829
2020-05-19,37.68576530968066
2020-05-20,55.157229627513125
2020-05-21,-5.62510656097456
2020-05-22,35.578844663066334
2020-05-25,-19.079857577163256
2020-05-26,-16.13919874168799
2020-05-27,60.4279338302034
2020-05-28,-20.531683234188097
2020-05-29,48.88115680094362
2020-06-01,35.66294120232569
2020-06-02,44.805673958117296
2020-06-03,-90.7323019141208
2020-06-04,-27.11457577201088
2020-06-05,-3.788130511935492
2020-06-08,-36.72393864552255
2020-06-09,33.52766532273482
2020-06-10,73.51372105193705
2020-06-11,88.28646217183868
2020-06-12,-51.11938929946811
2020-06-15,-18.41472808433841
2020-06-16,-56.71606013165062
2020-06-17,41.437709077218855
2020-06-18,16.16402148364722
2020-06-19,39.79300799126318
2020-06-22,34.514496512160996
2020-06-23,-33.91162949837992
2020-06-24,7.239317690316852
2020-06-25,23.567298255611632
2020-06-26,-40.118811767196604
2020-06-29,-12.78960589599076
2020-06-30,7.050897001578373
2020-07-01,23.17709429069296
2020-07-02,-7.507760303119391
2020-07-03,-23.800589208007594
2020-07-06,57.5577842282224
2020-07-07,-35.25282969033651
2020-07-08,-30.126798275845804
2020-07-09,-118.21796038070026
2020-07-10,12.101023051905658
2020-07-13,51.78757907345885
2020-07-14,9.077098757965432
2020-07-15,-10.778175503274683
2020-07-16,102.92044813888259
2020-07-17,-55.72460977361387
2020-07-20,-24.887758437467433
2020-07-21,-44.58367048320688
2020-07-22,-33.93328853127265
2020-07-27,-4.577835858229997
2020-07-28,-13.50627110190799
2020-07-29,45.25432208950492
2020-07-30,25.915382668098076
2020-07-31,77.84677126055263
2020-08-03,70.15942338102417
2020-08-04,-14.424117628408611
2020-08-05,-40.91264087915516
2020-08-06,-11.250420215164805
2020-08-07,-78.62885429000222
2020-08-11,128.27742044041204
2020-08-12,100.09337303406471
2020-08-13,-75.30613908230055
2020-08-14,-38.40057743331262
2020-08-17,38.24595422269146
2020-08-18,-12.184814778356882
2020-08-19,25.985077377915133
2020-08-20,22.819780048662867
2020-08-21,29.387530180184942
2020-08-24,-28.781432055057582
2020-08-25,42.54605714564028
2020-08-26,19.89612280307483
2020-08-27,-44.50768858724824
2020-08-28,24.41765147637024
2020-08-31,7.961025158642283
2020-09-01,12.756548318949712
2020-09-02,-32.05863818280491
2020-09-03,-44.01567283413941
2020-09-04,21.46960054754123
2020-09-07,-22.562579984298143
2020-09-08,23.487020484324148
2020-09-09,-54.99542311899218
2020-09-10,24.588945318093067
2020-09-11,2.6445895844665923
2020-09-14,-5.763490806449052
2020-09-15,11.15015735165081
2020-09-16,-21.60244496359709
2020-09-17,33.08811799849953
2020-09-18,48.55092241194423
2020-09-23,1.4636206954085904
2020-09-24,37.46825372401398
2020-09-25,-22.022758138785175
2020-09-28,27.7833784253335
2020-09-29,-30.765083925503077
2020-09-30,-31.716735055325426
2020-10-02,-58.787578838519416
2020-10-05,-1.1534156636775934
2020-10-06,49.561447080617924
2020-10-07,-11.272857701159111
2020-10-08,-41.027102841291025
2020-10-09,-5.61260548654895
2020-10-12,39.88082448886154
2020-10-13,68.98810999706555
2020-10-14,-63.64207707002171
2020-10-15,8.671276912300662
2020-10-16,44.106347812406455
2020-10-19,37.82074705993232
2020-10-20,-54.86601326435565
2020-10-21,57.93021722413126
2020-10-22,-7.6953778644908954
2020-10-23,-12.82079902633693
2020-10-26,23.154344899701112
2020-10-27,-9.334956751643666
2020-10-28,-1.3032017774850257
2020-10-29,14.38441006287368
2020-10-30,-55.20044211637702
2020-11-02,-12.39951529315753
2020-11-04,1.365139829101243
2020-11-05,48.466670806779774
2020-11-06,-0.05135678889976577
2020-11-09,-54.621358620075775
2020-11-10,77.45591060697365
2020-11-11,-9.604247256028376
2020-11-12,-29.42735932368732
2020-11-13,-68.32445327877114
2020-11-16,-122.18078539830883
2020-11-17,47.888475846888404
2020-11-18,29.53949840399035
2020-11-19,53.1563909793719
2020-11-20,14.306891540771481
2020-11-24,-11.092354523092002
2020-11-25,-108.75988856055248
2020-11-26,-0.019760095519038776
2020-11-27,2.936849618275953
2020-11-30,46.6194143094069
2020-12-01,-105.88133057605019
2020-12-02,-31.56943073281106
2020-12-03,42.985600990538366
2020-12-04,-146.04154774704793
2020-12-07,83.93356985038885
2020-12-08,-40.13356593570033
2020-12-09,-73.47539218824244
2020-12-10,65.59190685953772
2020-12-11,71.52089409395887
2020-12-14,-53.9095502709988
2020-12-15,-22.33483501785627
2020-12-16,-41.082681182918236
2020-12-17,80.03678288613054
2020-12-18,-82.46476569083129
2020-12-21,47.984831369164716
2020-12-22,81.09502375760782
2020-12-23,-7.037355548068902
2020-12-24,-25.758495964483714
2020-12-25,-76.82166082692886
2020-12-28,-24.885283246498407
2020-12-29,-34.54432300727686
2020-12-30,-19.712835758389463
2021-01-04,10.946990214712297
2021-01-05,33.056862339823475
2021-01-06,-36.71196200479638
2021-01-07,7.4536791899593355
2021-01-08,-12.020265226413152
2021-01-12,145.80578552409622
2021-01-13,9.186529475319002
2021-01-14,-8.254673597065398
2021-01-15,-19.16064236161266
2021-01-18,-9.558890149268827
2021-01-19,21.315662420040937
2021-01-20,23.268806802729276
2021-01-21,-52.475986613841044
2021-01-22,-81.48692496422503
2021-01-25,84.63660269037054
2021-01-26,98.01032881731086
2021-01-27,4.177913264078327
2021-01-28,31.096597787334115
2021-01-29,87.24205913356693
2021-02-01,-12.312097766206914
2021-02-02,-24.46610938174742
2021-02-03,-56.476721177825354
2021-02-04,7.91686336892265
2021-02-05,-154.32153737064363
2021-02-08,-1.9542037366400444
2021-02-09,77.926010016052
2021-02-10,-23.987112072774032
2021-02-12,74.938673457383
2021-02-15,44.51213909908586
2021-02-16,2.18767517346912
2021-02-17,-20.084097841338735
2021-02-18,13.82756381634439
2021-02-19,30.011261961401843
2021-02-22,-64.52105835443145
2021-02-24,-51.027036259070876
2021-02-25,-28.813714882134036
2021-02-26,7.325544546112811
2021-03-01,5.485047862727027
2021-03-02,-14.557395526721605
2021-03-03,-61.95536776119601
2021-03-04,93.91357647849586
2021-03-05,-16.31968156468802
2021-03-08,-110.21503563269616
2021-03-09,11.325762960709685
2021-03-10,2.761819685656028
2021-03-11,60.04440208674706
2021-03-12,35.41665699460547
2021-03-15,-6.643772466716154
2021-03-16,15.304160318722795
2021-03-17,61.810783887042085
2021-03-18,4.3006684788528835
2021-03-19,-35.9390723991587
2021-03-22,-35.94557417352904
2021-03-23,64.99151758071413
2021-03-24,8.89365484229033
2021-03-25,-41.760470235587356
2021-03-26,4.170996172093708
2021-03-29,59.14337419231994
2021-03-30,-33.68694554432986
2021-03-31,64.22624773786676
2021-04-01,-17.774497807433754
2021-04-02,44.637506944706395
2021-04-05,15.223403179132134
2021-04-06,-17.352181719725483
2021-04-07,-13.918301775257326
2021-04-08,-12.089791670532927
2021-04-09,8.074875250634252
2021-04-12,32.22161180692408
2021-04-13,14.015619324550638
2021-04-14,8.468528713457328
2021-04-15,-3.5697640139906266
2021-04-16,-3.694147676181888
2021-04-19,4.310199132760534
2021-04-20,10.62875465624816
2021-04-21,7.155785329059802
2021-04-22,-11.975560728251192
2021-04-23,31.773515663132837
2021-04-26,7.527671959257355
2021-04-27,-3.9905472919915947
2021-04-28,-37.07005429381005
2021-04-30,72.07682956733635
2021-05-06,-57.535175313445585
2021-05-07,-17.257786546102366
2021-05-10,44.289563515151606
2021-05-11,-15.983406338448212
2021-05-12,-58.530729574325555
2021-05-13,51.78247355581267
2021-05-14,69.66357350667728
2021-05-17,4.432384489522153
2021-05-18,-80.59440145530829
2021-05-19,23.602614570772616
2021-05-20,43.617438793015026
2021-05-21,-34.13765723489731
2021-05-24,-12.050393836042911
2021-05-25,9.563621657928799
2021-05-26,-21.013603690029942
2021-05-27,-4.555986797327754
2021-05-28,-12.045327918635378
2021-05-31,24.927142789206876
2021-06-01,-41.0476764880709
2021-06-02,-85.06271373415103
2021-06-03,4.347917889933964
2021-06-04,29.074034133793777
2021-06-07,-28.397241529646735
2021-06-08,101.01366104652699
2021-06-09,-67.40697490666145
2021-06-10,43.996806308626425
2021-06-11,-6.3762661506239775
2021-06-14,-21.925752211038844
2021-06-15,-25.80311209460143
2021-06-16,-32.126414265604204
2021-06-17,-53.36573525109233
2021-06-18,-13.473240126843416
2021-06-21,-37.912711372609984
2021-06-22,-17.27049266649049
2021-06-23,-11.207262386066372
2021-06-24,-24.927774269447273
2021-06-25,-65.95627377016177
2021-06-28,27.96389225945896
2021-06-29,-22.450748190589245
2021-06-30,17.41452073268681
2021-07-01,7.321328271885382
2021-07-02,3.1390072686988555
2021-07-05,-7.052721863656172
2021-07-06,-23.622408934954997
2021-07-07,3.36369495853867
2021-07-08,-7.407013065119352
2021-07-09,-15.861828734724902
2021-07-12,67.38903926219388
2021-07-13,11.859770942075029
2021-07-14,35.89148267938797
2021-07-15,5.508390073896014
2021-07-16,-34.31792982649914
2021-07-19,-9.878154163206032
2021-07-20,1.287131417881527
2021-07-21,-9.312903799457807
2021-07-26,14.359287202221322
2021-07-27,14.666172508381793
2021-07-28,-62.34598498145859
2021-07-29,-16.12426859864304
2021-07-30,-17.41149256808346
2021-08-02,-6.349312587793225
2021-08-03,13.352610540165767
2021-08-04,-69.40251616200861
2021-08-05,-100.38895702980739
2021-08-06,-69.44800153146345
2021-08-10,154.5608507984957
2021-08-11,77.69492541767154
2021-08-12,151.79237441947882
2021-08-13,58.75044571339279
2021-08-16,-47.222327144004055
2021-08-17,51.51630923831689
2021-08-18,55.17189622902754
2021-08-19,-29.834758582062573
2021-08-20,-4.687235043884537
2021-08-23,31.254530342921758
2021-08-24,3.620592939170308
2021-08-25,-16.634269734237606
2021-08-26,17.93024877992397
2021-08-27,-48.50494087208662
2021-08-30,-8.650647382800658
2021-08-31,-16.935423425977074
2021-09-01,-21.582199143588454
2021-09-02,-56.385358769036074
2021-09-03,-15.754378549310465
2021-09-06,-30.524057972162623
2021-09-07,-1.9882109713090221
2021-09-08,-2.281897763645112
2021-09-09,-21.132018087802344
2021-09-10,-136.2480863967983
2021-09-13,-14.125817317866154
2021-09-14,-40.864702774679614
2021-09-15,-46.28502767216699
2021-09-16,-34.73348781091019
2021-09-17,-36.23234634587802
2021-09-21,-57.317975356963046
2021-09-22,-86.88504818771213
2021-09-24,-41.365482744197564
2021-09-27,59.12093105009429
2021-09-28,97.4879978237175
2021-09-29,-103.29835701865143
2021-09-30,34.53889236369704
2021-10-01,80.15148784251006
2021-10-04,14.520752391424331
2021-10-05,-62.882035116448996
2021-10-06,-28.183903241639094
2021-10-07,27.350890718486355
2021-10-08,-13.861631192810835
2021-10-11,40.66440251695034
2021-10-12,27.069213366507203
2021-10-13,19.939719642412275
2021-10-14,29.05990091917431
2021-10-15,-34.02948846249237
2021-10-18,33.12351901592792
2021-10-19,53.45440928685701
2021-10-20,-15.578724287866741
2021-10-21,-25.739272334428694
2021-10-22,-42.05190681422847
2021-10-25,22.40593517121101
2021-10-26,55.7937480037385
2021-10-27,3.0315805827995423
2021-10-28,59.65514227865923
2021-10-29,27.42402007324175
2021-11-01,-31.552911070131884
2021-11-02,31.63918723575293
2021-11-04,-43.72449003381163
2021-11-05,14.666828324417736
2021-11-08,-20.049355647648017
2021-11-09,-16.837451919189327
2021-11-10,-9.212299951278194
2021-11-11,-29.29389096102919
2021-11-12,11.229793015413316
2021-11-15,-16.11705175034225
2021-11-16,89.73349343477427
2021-11-17,-41.210698228467535
2021-11-18,36.49779430493491
2021-11-19,12.47171559423137
2021-11-22,27.222365296118387
2021-11-24,-47.91790053792361
2021-11-25,-11.232277641658662
2021-11-26,24.53207965552464
2021-11-29,0.257163565516311
2021-11-30,23.254063011170583
2021-12-01,-40.09546265593743
2021-12-02,51.62597242658626
2021-12-03,61.96751600863023
2021-12-06,33.64945551970492
2021-12-07,33.52953942200042
2021-12-08,-23.33915136056179
2021-12-09,-29.808684850862075
2021-12-10,1.826264474248085
2021-12-13,-20.036267595791802
2021-12-14,-60.21005708915121
2021-12-15,110.04132493068352
2021-12-16,24.691890100816472
2021-12-17,3.479120439596945
2021-12-20,37.28154688332148
2021-12-21,-33.58701722113877
2021-12-22,24.844883908283734
2021-12-23,-21.78756607300631
2021-12-24,72.255474893398
2021-12-27,0.2946562291506905
2021-12-28,-1.6636012814172705
2021-12-29,-0.4363968606978151
2021-12-30,5.5427692535408495
2022-01-04,-81.36225360177203
2022-01-05,-3.4049035488118893
2022-01-06,71.62570848755175
2022-01-07,19.883456352132796
2022-01-11,43.677717216692706
2022-01-12,-36.49914710140912
2022-01-13,-40.25501585941308
2022-01-14,-25.156408065709254
2022-01-17,-9.023084811618459
2022-01-18,-14.117277767909304
2022-01-19,-55.27628159828137
2022-01-20,39.275572266880864
2022-01-21,-49.01887066695287
2022-01-24,40.70235745637274
2022-01-25,-68.85213395714095
2022-01-26,77.12732960668089
2022-01-27,-131.625530142464
2022-01-28,-47.62487113962213
2022-01-31,-7.405324976408066
2022-02-01,-35.90172313108473
2022-02-02,35.71470168087064
2022-02-03,-46.02066195309263
2022-02-04,-9.50264619087634
2022-02-07,24.13878801602743
2022-02-08,-10.824077376037206
2022-02-09,3.4346050819199827
2022-02-10,37.60346108460344
2022-02-14,-79.71423343173896
2022-02-15,11.372971850524628
2022-02-16,112.61487195455132
2022-02-17,4.667479905116674
2022-02-18,26.783647280294076
2022-02-21,-64.43010491800412
2022-02-22,-27.619949877184407
2022-02-24,-30.984233032526713
2022-02-25,108.85733481580033
2022-02-28,-63.06625096604947
2022-03-01,63.238873376530755
2022-03-02,-64.22909720515531
2022-03-03,-32.14621682926199
2022-03-04,86.36575682937075
2022-03-07,110.60745485783168
2022-03-08,-9.148241659516389
2022-03-09,-92.06685529222564
2022-03-10,93.15915258093042
2022-03-11,-36.671929527770814
2022-03-14,24.582318011683228
2022-03-15,70.61831794807186
2022-03-16,-3.194211784501312
2022-03-17,79.9915231953178
2022-03-18,22.33779611141639
2022-03-22,-43.9835997064117
2022-03-23,-34.83879619141905
2022-03-24,-47.906446657298716
2022-03-25,7.567578618489218
2022-03-28,-39.86848789747839
2022-03-29,-20.33888028306266
2022-03-30,33.313842533279995
2022-03-31,21.79042724025189
2022-04-01,-23.850980462488344
2022-04-04,19.68033923470775
2022-04-05,18.372333387409235
2022-04-06,-68.37558741476789
2022-04-07,2.3333610614153
2022-04-08,14.143076349861163
2022-04-11,-17.464609037536206
2022-04-12,-29.12851030208989
2022-04-13,-11.274553889778003
2022-04-14,-30.88797598225419
2022-04-15,-22.598579639335174
2022-04-18,-19.687180445650633
2022-04-19,9.743826583498048
2022-04-20,19.72952971687985
2022-04-21,31.43869001120901
2022-04-22,24.50233079891955
2022-04-25,20.603425634170573
2022-04-26,95.59608747186205
2022-04-27,-12.3603737671202
2022-04-28,-34.37451518405212
2022-05-02,-69.30627603691843
2022-05-06,-45.70037855705825
2022-05-09,20.699954502263292
2022-05-10,68.41043536738718
2022-05-11,43.665493088420824
2022-05-12,-96.51945256718447
2022-05-13,-63.11948860431332
2022-05-16,41.28829492113008
2022-05-17,-68.92362263722299
2022-05-18,-18.070873514463713
2022-05-19,-48.18571894528931
2022-05-20,13.840692721149777
2022-05-23,-8.374082312984932
2022-05-24,-18.47391994668393
2022-05-25,-0.9528283238756896
2022-05-26,-24.152729602345282
2022-05-27,48.63150594994874
2022-05-30,0.06550956705059995
2022-05-31,20.42663957839905
2022-06-01,-26.84908184100363
2022-06-02,-71.01531199729885
2022-06-03,27.78563225936579
2022-06-06,6.822341667434669
2022-06-07,-45.17054764660806
2022-06-08,-15.370130706116704
2022-06-09,25.426544296618957
2022-06-10,-10.073940629842077
2022-06-13,-17.918555576553015
2022-06-14,64.3738931019071
2022-06-15,21.109892411550945
2022-06-16,47.82360447519394
2022-06-17,32.193480600391375
2022-06-20,-34.897233098822554
2022-06-21,4.178063165567961
2022-06-22,-11.539526635773262
2022-06-23,-63.266974534843406
2022-06-24,-75.61245969997927
2022-06-27,16.240210485943162
2022-06-28,20.0052300794802
2022-06-29,-20.145241748250935
2022-06-30,-17.623715244070564
2022-07-01,-74.21137637256169
2022-07-04,-51.068578361388475
2022-07-05,8.279630874156416
2022-07-06,-98.2184081485307
2022-07-07,-14.322960551953356
2022-07-08,54.93332168532356
2022-07-11,40.38733426369048
2022-07-12,-16.00474343395268
2022-07-13,-3.752347086681376
2022-07-14,14.049671748934498
2022-07-15,-62.22700157585738
2022-07-19,109.01036610196515
2022-07-20,6.767647920337816
2022-07-21,-12.534932351805512
2022-07-22,77.66826321017554
2022-07-25,35.18995435199667
2022-07-26,-15.012142409706895
2022-07-27,33.45731782440899
2022-07-28,4.514135667065504
2022-07-29,-55.5604571476666
2022-08-01,82.34692267185534
2022-08-02,-17.142467411480233
2022-08-03,48.47091013547191
2022-08-04,-20.16893439315518
2022-08-05,-3.6839018301948494
2022-08-08,20.67759406946827
2022-08-09,-2.661043112274516
2022-08-10,-97.95459406575888
2022-08-12,8.146987928946361
2022-08-15,-42.11247597991389
2022-08-16,-4.384912783101571
2022-08-17,25.020025413062875
2022-08-18,21.899671488537628
2022-08-19,-8.116412364873623
2022-08-22,14.137202147857629
2022-08-23,24.311690195668504
2022-08-24,-33.388840447129674
2022-08-25,-0.4257038781245544
2022-08-26,-8.529624101377898
2022-08-29,-57.24293820462127
2022-08-30,-19.48355897733387
2022-08-31,10.944983833554387
2022-09-01,-30.11565890905396
2022-09-02,-10.37918196548835
2022-09-05,7.805265680178607
2022-09-06,-11.559084688435004
2022-09-07,33.057873575087086
2022-09-08,-14.405058524019491
2022-09-09,-27.697549991743646
2022-09-12,-7.375842690537954
2022-09-13,53.357567876094805
2022-09-14,-25.381824448249926
2022-09-15,-20.11258959308597
2022-09-16,-14.33020981340256
2022-09-20,22.65169495113473
2022-09-21,36.96494354527938
2022-09-22,-37.58159433756483
2022-09-26,6.432715533288056
2022-09-27,8.003997633326613
2022-09-28,-92.88197904901557
2022-09-29,-3.8098082961190887
2022-09-30,-69.6089434825808
2022-10-03,75.202161888849
2022-10-04,-41.6241157095074
2022-10-05,-15.654410652638793
2022-10-06,-12.759996560219871
2022-10-07,-35.39468029714201
2022-10-11,-67.72918833654232
2022-10-12,-18.281988174162322
2022-10-13,-46.676024031561326
2022-10-14,4.241077427351156
2022-10-17,82.01528418795837
2022-10-18,-11.084629525709783
2022-10-19,12.691924691283988
2022-10-20,-16.188835649959426
2022-10-21,-9.533489344651437
2022-10-24,57.095134176598776
2022-10-25,-19.577380961677054
2022-10-26,-28.123086138373846
2022-10-27,10.637560237020551
2022-10-28,-6.467227430681748
2022-10-31,26.67902456025555
2022-11-01,27.094211807305996
2022-11-02,66.20777447648902
2022-11-04,13.527841880187458
2022-11-07,32.417146487160785
2022-11-08,-25.910522986569834
2022-11-09,53.03414166067062
2022-11-10,30.520694263565286
2022-11-11,-43.30230071861111
2022-11-14,6.979707709421938
2022-11-15,-53.10116052681556
2022-11-16,-1.04208505792275
2022-11-17,83.97744891522045
2022-11-18,16.66647933689646
2022-11-21,33.40711882984052
2022-11-22,8.550559608346454
2022-11-24,5.196592930639771
2022-11-25,-6.081304317125852
2022-11-28,45.00485645592239
2022-11-29,39.58872572483795
2022-11-30,-3.2375567456824133
2022-12-01,13.278203333308902
2022-12-02,8.415481449624965
2022-12-05,-36.99278211615966
2022-12-06,6.056953977036906
2022-12-07,-17.144179555349382
2022-12-08,2.1065305943049015
2022-12-09,-22.80289952915873
2022-12-12,-8.552649132344193
2022-12-13,32.51885032344377
2022-12-14,-5.0383584292308425
2022-12-15,-11.302980419762832
2022-12-16,22.383004261891394
2022-12-19,32.76350161279014
2022-12-20,3.1180151192461474
2022-12-21,9.363599403126033
2022-12-22,32.79703510074742
2022-12-23,-7.076566472953203
2022-12-26,-12.231427431473284
2022-12-27,-14.429252809536052
2022-12-28,5.459007147162492
2022-12-29,12.648485679615995
2022-12-30,-6.368533217453824
2023-01-04,-32.32615617651665
2023-01-05,2.94969724526105
2023-01-06,18.19922383694463
2023-01-10,38.5005230589675
2023-01-11,-33.3838456193228
2023-01-12,-28.968202477499517
2023-01-13,-18.797687962215647
2023-01-16,40.37769670014168
2023-01-17,-3.4129295645180497
2023-01-18,9.318666297611951
2023-01-19,-11.175221466570706
2023-01-20,31.680636910571714
2023-01-23,-7.19359291997473
2023-01-24,-16.177662887067275
2023-01-25,13.905022199283898
2023-01-26,29.459878487597873
2023-01-27,10.690701171763257
2023-01-30,0.43505370307392344
2023-01-31,1.4420251623826599
2023-02-01,-0.8859725043094026
2023-02-02,9.943969055629447
2023-02-03,-51.52192072352935
2023-02-06,-44.814364518875294
2023-02-07,-17.90500713452006
2023-02-08,20.783277555430086
2023-02-09,-25.603977189627447
2023-02-10,-24.216792556604435
2023-02-13,33.63659407476396
2023-02-14,-21.314666761533847
2023-02-15,2.8788780236766343
2023-02-16,-32.18367440134092
2023-02-17,-2.4977700578791437
2023-02-20,6.776360350654268
2023-02-21,-39.49341186506009
2023-02-22,-8.64606506367058
2023-02-24,12.919879359625163
2023-02-27,-23.60602487015018
2023-02-28,18.11131239879743
2023-03-01,-26.47571598543732
2023-03-02,33.59670772088496
2023-03-03,-26.16456538560796
2023-03-06,-29.194793469707886
2023-03-07,-4.369312709625697
2023-03-08,5.587702238241438
2023-03-09,-36.19493781748415
2023-03-10,51.84224758065794
2023-03-13,71.05514507716593
2023-03-14,25.09106861894339
2023-03-15,6.688200142888827
2023-03-16,-57.916202787113335
2023-03-17,45.1665860242597
2023-03-20,-3.4506506992864847
2023-03-22,-4.595149814370002
2023-03-23,54.175327459341204
2023-03-24,8.366287411767836
2023-03-27,34.99180877303521
2023-03-28,29.47316880853626
2023-03-29,0.6119626680328594
2023-03-30,-28.6646133992659
2023-03-31,70.41001604234926
2023-04-03,5.20261166471683
2023-04-04,22.71777829012935
2023-04-05,28.278948692117336
2023-04-06,-36.23801685389444
2023-04-07,4.087358318852613
2023-04-10,-0.7186051044123806
2023-04-11,46.906865618475166
2023-04-12,3.8204275897331814
2023-04-13,-1.622722393152719
2023-04-14,-16.46156202165824
2023-04-17,15.418096549673047
2023-04-18,-10.513728482591805
2023-04-19,-24.24126836389085
2023-04-20,-7.045673983044413
2023-04-21,0.5052181087568839
2023-04-24,10.851702682019969
2023-04-25,1.1251822388708703
2023-04-26,28.37704351103802
2023-04-27,3.0331378042268065
2023-04-28,-69.64578990789522
2023-05-01,9.685630770966213
2023-05-02,-36.562008455752306
2023-05-08,-18.595495966309358
2023-05-09,-48.03613181283098
2023-05-10,3.5516521914350627
2023-05-11,-102.29895612810054
2023-05-12,-12.425380774923623
2023-05-15,-72.93708052261461
2023-05-16,-24.661343406845507
2023-05-17,7.416653024464933
2023-05-18,69.55173655532015
2023-05-19,-53.3728099001213
2023-05-22,-36.09203910582524
2023-05-23,-21.45249665787059
2023-05-24,-16.939629031476972
2023-05-25,-44.446851710599574
2023-05-26,15.709487154597266
2023-05-29,-10.423514741590164
2023-05-30,-18.079382459857225
2023-05-31,51.139098438296
2023-06-01,-35.6348276484685
2023-06-02,-28.149173354075053
2023-06-05,20.50149833667114
2023-06-06,7.103297723761473
2023-06-07,17.58092526922798
2023-06-08,-65.04737228658854
2023-06-09,24.460344626960747
2023-06-12,-16.248547556621393
2023-06-13,-10.943221059815123
2023-06-14,-15.38746962650289
2023-06-15,-22.330211223405158
2023-06-16,4.918900804119299
2023-06-19,31.142731964114425
2023-06-20,-21.685659937785022
2023-06-21,-22.07501086449829
2023-06-22,-1.374686699596244
2023-06-23,23.384803874540847
2023-06-26,38.8641912162881
2023-06-27,88.30822851744992
2023-06-28,-9.1456114981914
2023-06-29,-26.00576030050452
2023-06-30,10.844237178392227
2023-07-03,-43.61454627732451
2023-07-04,-57.60946433164406
2023-07-05,16.135536059972562
2023-07-06,14.344043903243687
2023-07-07,28.822185055719615
2023-07-10,-5.62544086166401
2023-07-11,48.17715015402051
2023-07-12,-23.14656237331586
2023-07-13,53.375839790215906
2023-07-14,-19.844532683472696
2023-07-18,25.636711682194523
2023-07-19,-59.82807663584455
2023-07-20,6.763215164071669
2023-07-21,4.690324026979179
2023-07-24,40.945616505736446
2023-07-25,-76.46067908246509
2023-07-26,29.403123141355405
2023-07-27,20.069699398122584
2023-07-28,-15.702692476447428
2023-07-31,5.3425942587838575
2023-08-01,58.702773119130676
2023-08-02,33.433321419955156
2023-08-03,-4.46332642717508
2023-08-04,14.801826132940631
2023-08-07,-17.073497989661533
2023-08-08,-11.957836881219192
2023-08-09,-6.590552833205562
2023-08-10,-41.57635397288729
2023-08-14,29.760379184738
2023-08-15,10.140935558669286
2023-08-16,38.98726317974929
2023-08-17,18.710520607959282
2023-08-18,1.4643630660177223
2023-08-21,-19.20847931790159
2023-08-22,-27.705153481251685
2023-08-23,28.022471904800184
2023-08-24,-15.407994523090155
2023-08-25,-37.61347080118167
2023-08-28,-7.51424896705443
2023-08-29,31.45887063126247
2023-08-30,9.12914036826944
2023-08-31,-9.410950747936276
2023-09-01,-5.908996058461269
2023-09-04,-24.33596435365328
2023-09-05,-42.53286995096958
2023-09-06,-14.725696918809977
2023-09-07,-19.23208104403378
2023-09-08,-0.5565907467155822
2023-09-11,38.3076116045109
2023-09-12,-35.85253318598701
2023-09-13,-61.88533205442651
2023-09-14,29.786327518975458
2023-09-15,25.64387474676327
2023-09-19,40.11419122629268
2023-09-20,-27.407472958005364
2023-09-21,-19.15884371587147
2023-09-22,12.203213077375134
2023-09-25,25.104081281470258
2023-09-26,-55.419152309295484
2023-09-27,43.89373307369661
2023-09-28,5.367659429314502
2023-09-29,54.086902504037894
2023-10-02,-2.8582482807431027
2023-10-03,13.013898473437047
2023-10-04,43.977187714199594
2023-10-05,-38.797456298484654
2023-10-06,-6.8720798641732666
2023-10-10,-38.93377521839464
2023-10-11,44.10082272841771
2023-10-12,1.4233692542757197
2023-10-13,9.136212031118422
2023-10-16,10.046979126384734
2023-10-17,-5.710397278841066
2023-10-18,60.28493261435152
2023-10-19,-13.23382086362091
2023-10-20,-72.46934780531193
2023-10-23,-2.7245354770933847
2023-10-24,22.617223039303333
2023-10-25,-3.230209861912409
2023-10-26,-7.922347892161142
2023-10-27,-52.37086557092898
2023-10-30,-22.12136276315547
2023-10-31,-86.13870004262725
2023-11-01,65.23188716387138
2023-11-02,-45.23512304664723
2023-11-06,125.29619104067595
2023-11-07,48.23416733264197
2023-11-08,74.28275510983798
2023-11-09,-9.625969626186112
2023-11-10,-28.63670091770278
2023-11-13,-158.12279323486376
2023-11-14,-3.1080811583458163
2023-11-15,40.742736453875324
2023-11-16,-0.6429748375657438
2023-11-17,40.86348700330987
2023-11-20,65.27140184361467
2023-11-21,12.904590347455388
2023-11-22,-4.651908266403656
2023-11-24,-49.9485515182863
2023-11-27,-9.882719782553387
2023-11-28,3.65396550921791
2023-11-29,-72.7320077765306
2023-11-30,34.99049229335033
2023-12-01,-68.77112455107188
2023-12-04,-18.34951162368259
2023-12-05,22.640350447819607
2023-12-06,-12.347605063947453
2023-12-07,3.8107347128975815
2023-12-08,32.94305399407177
2023-12-11,55.755115074184815
2023-12-12,-15.60556760380596
2023-12-13,21.006403820186375
2023-12-14,53.67958601966162
2023-12-15,76.36248743933874
2023-12-18,34.3158178649358
2023-12-19,-34.51550788526606
2023-12-20,40.941837773438046
2023-12-21,2.6900501940999213
2023-12-22,2.3371692607675287
2023-12-25,-2.0672226577752344
2023-12-26,10.034701322051703
2023-12-27,25.98142060164874
2023-12-28,12.931958885614174
2023-12-29,29.338608588360575
2024-01-04,109.3694886568507
2024-01-05,-27.91382016235368
2024-01-09,-15.101736763322744
2024-01-10,-42.934865317981725
2024-01-11,-4.721992349224065
2024-01-12,6.347149720184181
2024-01-15,-77.72314956960692
2024-01-16,10.129152690222803
2024-01-17,-31.95350555238629
2024-01-18,20.63324813451623
2024-01-19,-4.841227643826217
2024-01-22,-19.211001849872943
2024-01-23,28.39322457607518
2024-01-24,19.91398970486974
2024-01-25,-23.703039200630077
2024-01-26,51.81912285836625
2024-01-29,-11.171698443384344
2024-01-30,-5.698531893692195
2024-01-31,-56.59650851551485
2024-02-01,-25.13192615391584
2024-02-02,-44.82096733642662
2024-02-05,55.136493609229255
2024-02-06,-113.4773351631784
2024-02-07,-29.95470350208674
2024-02-08,44.46346435204434
2024-02-09,-29.628199440119538
2024-02-13,23.372329909173565
2024-02-14,-82.32718739213698
2024-02-15,-35.78336126894598
2024-02-16,-15.598805291652655
2024-02-19,-19.051824510969407
2024-02-20,28.427091509801684
2024-02-21,1.5824207663815895
2024-02-22,-47.39542818635911
2024-02-26,-10.191354520868257
2024-02-27,13.911182334517406
2024-02-28,62.13340862925534
2024-02-29,5.446696172435529
2024-03-01,-92.48250657873109
2024-03-04,44.32556421361241
2024-03-05,-100.4594571094839
2024-03-06,55.24103620415696
2024-03-07,50.39596528834203
2024-03-08,13.97016057504669
2024-03-11,-53.67782104039423
2024-03-12,51.988978746169686
2024-03-13,9.547743977871207
2024-03-14,-22.50163736542864
2024-03-15,15.281404875343172
2024-03-18,-18.77779602087456
2024-03-19,6.341417562788926
2024-03-21,-73.04162493872289
2024-03-22,-18.672546632390933
2024-03-25,44.409588104804385
2024-03-26,34.059918828206705
2024-03-27,48.295785454864195
2024-03-28,8.084276587865508
2024-03-29,-27.88806541503392
2024-04-01,10.976937900246254
2024-04-02,-48.13521775619952
2024-04-03,91.64572323051884
2024-04-04,-6.904765421108059
2024-04-05,-26.970275574400475
2024-04-08,-32.01858222274461
2024-04-09,-9.397942165746473
2024-04-10,8.494899115829577
2024-04-11,-48.00850524234308
2024-04-12,88.8171941077934
2024-04-15,31.337188704396638
2024-04-16,47.17562071227246
2024-04-17,23.7049239730229
2024-04-18,38.91608151565198
2024-04-19,22.07255964996181
2024-04-22,-25.635836589269232
2024-04-23,-11.079152071822332
2024-04-24,-13.84233712347989
2024-04-25,-16.319919587727433
2024-04-26,-20.102238424684046
2024-04-30,-46.428308265604784
2024-05-01,92.76912715630539
2024-05-02,-15.451189695614849
2024-05-07,54.999462902288165
2024-05-08,-19.45511163712223
2024-05-09,36.461769088548955
2024-05-10,-151.4872191251225
2024-05-13,38.676637416698135
2024-05-14,11.609890282721604
2024-05-15,38.85226291816755
2024-05-16,-0.05968354165048911
2024-05-17,-32.97436398914566
2024-05-20,46.38824681090525
2024-05-21,-32.215683836748056
2024-05-22,30.539577256010304
2024-05-23,-11.70292909288208
2024-05-24,-31.874148139981017
2024-05-27,24.161315730697012
2024-05-28,3.4218835523934716
2024-05-29,55.017346048241976
2024-05-30,66.99168140037217
2024-05-31,29.983188859413627
2024-06-03,-48.66867482969554
2024-06-04,18.320294412020594
2024-06-05,-14.242885179627969
2024-06-06,-73.34726257380851
2024-06-07,-0.6160887608504567
2024-06-10,20.118926506180216
2024-06-11,-44.78919603380906
2024-06-12,-45.05933526982383
2024-06-13,-38.78807648236207
2024-06-14,-53.1511712602686
2024-06-17,-38.02993794156608
2024-06-18,-26.9168813678532
2024-06-19,24.273085991119867
2024-06-20,41.40856003207133
2024-06-21,60.90974174249826
2024-06-24,38.94435809917067
2024-06-25,-1.5090793832116591
2024-06-26,-39.75529709534845
2024-06-27,-49.51691013353557
2024-06-28,-10.799879333136325
2024-07-01,-58.682224824895165
2024-07-02,-32.75804978341543
2024-07-03,-14.286304053351987
2024-07-04,-38.85164154773837
2024-07-05,-3.550712993865205
2024-07-08,61.949918942057394
2024-07-09,-64.1237192883474
2024-07-10,51.290019605867876
2024-07-11,87.51803077706059
2024-07-12,48.87924218636823
2024-07-16,-39.1291249298853
2024-07-17,-52.85006677110724
2024-07-18,-32.73949231858517
2024-07-19,-5.963575108012389
2024-07-22,-3.05126781200068
2024-07-23,-23.860191972824808
2024-07-24,3.1692458682492437
2024-07-25,72.53915620555843
2024-07-26,0.31545134426424526
2024-07-29,-118.56981527973716
2024-07-30,3.761193135076441
2024-07-31,55.3068493925555
2024-08-01,-43.194950093435345
2024-08-02,48.463176914907166
2024-08-05,-293.64360750917564
2024-08-06,68.41772200206056
2024-08-07,123.64834601077538
2024-08-08,125.95740608593704
2024-08-09,-29.12205990990372
2024-08-13,74.19573083910427
2024-08-14,28.686052857991076
2024-08-15,99.4350705499906
2024-08-16,79.8280730682452
2024-08-19,-17.316433958073688
2024-08-20,-21.528927760051513
2024-08-21,-32.53798791546786
2024-08-22,5.517781653558204
2024-08-23,58.84597272807154
2024-08-26,-27.676921893812228
2024-08-27,-1.1150469560954919
2024-08-28,-50.28890809824815
2024-08-29,-8.837556534435866
2024-08-30,34.846537841153435
2024-09-02,47.983591501761886
2024-09-03,-21.589418730932614
2024-09-04,1.1720529274583749
2024-09-05,2.0353475224197775
2024-09-06,-18.264474620204016
2024-09-09,-22.896964301199823
2024-09-10,-24.53800012104991
2024-09-11,5.33236903185202
2024-09-12,-11.095260552729647
2024-09-13,81.94988537490025
2024-09-17,-26.03543933579857
2024-09-18,37.75071251356219
2024-09-19,7.915415578737062
2024-09-20,24.052664886643626
2024-09-24,-23.33763576663372
2024-09-25,31.01265253729755
2024-09-26,69.8223690144889
2024-09-27,-4.8036320279530855
2024-09-30,58.08389328758187
2024-10-01,-13.927628612367023
2024-10-02,51.17865108345438
2024-10-03,44.81251459234086
2024-10-04,45.732759568543
2024-10-07,-6.912854622099107
2024-10-08,-16.49958541037527
2024-10-09,-10.592511256671326
2024-10-10,33.00733634705039
2024-10-11,-17.282208833299805
2024-10-15,-15.25342151586403
2024-10-16,-29.228802454738734
2024-10-17,-70.63264635862271
2024-10-18,-8.485202077428227
2024-10-21,0.3378104052225442
2024-10-22,12.920844934582725
2024-10-23,-40.08677426266604
2024-10-24,-0.07412868937777262
2024-10-25,0.8012027334192547
2024-10-28,23.914474133033135
2024-10-29,-22.879494668313953
2024-10-30,-51.05950656216018
2024-10-31,33.66261292272986
2024-11-01,63.21305082135817
2024-11-05,2.481725726753798
2024-11-06,-48.1176574671011
2024-11-07,-23.913258208996954
2024-11-08,94.64932905834995
2024-11-11,-1.3055519069976025
2024-11-12,-61.20670123759683
2024-11-13,-16.415605773173702
2024-11-14,-32.90924090250973
2024-11-15,28.62106280202193
2024-11-18,-40.335578846114224
2024-11-19,12.89690230528327
2024-11-20,-35.89722305518765
2024-11-21,-33.37358243219125
2024-11-22,16.14964106260516
2024-11-25,14.719567134633792
2024-11-26,2.7947120138551664
2024-11-27,114.05425527537346
2024-11-28,28.645123275118507
2024-11-29,41.08741913963698
2024-12-02,-32.19671838148611
2024-12-03,-19.247327201537743
2024-12-04,-74.31001103858779
2024-12-05,-3.3497996699850785
2024-12-06,34.89354201058305
2024-12-09,25.947602714155785
2024-12-10,-15.514985012621205
2024-12-11,-63.92989636329043
2024-12-12,-45.01998319344273
2024-12-13,-39.18721508242167
2024-12-16,-70.34548274665684
2024-12-17,-22.034196266035806
2024-12-18,165.6567495321969
2024-12-19,4.486624313194298
2024-12-20,33.77888682184151
2024-12-23,-4.546335921084836
2024-12-24,70.14126572343078
2024-12-25,-20.083705660907533
2024-12-26,-17.220576813721657
2024-12-27,60.81324114928239
2024-12-30,79.71408889411006
2025-01-06,63.861161986094054
2025-01-07,31.180036045540874
2025-01-08,29.554197958307547
2025-01-09,-29.186875580209247
2025-01-10,-97.41982661250479
2025-01-14,94.7417772882516
2025-01-15,-1.0949930331338846
2025-01-16,41.53241809245057
2025-01-17,2.6299540505443906
2025-01-20,68.52399766661534
2025-01-21,-2.7943924603099717
2025-01-22,28.996493715533852
2025-01-23,31.980346430887405
2025-01-24,6.626524748298844
2025-01-27,-6.309152023376561
2025-01-28,-40.496715794396344
2025-01-29,26.498734084136235
2025-01-30,-3.421344479056805
2025-01-31,-5.361346361834174
2025-02-03,-147.41837338892995
2025-02-04,-4.521677507558869
2025-02-05,0.4011875209757439
2025-02-06,-6.665552559718465
2025-02-07,89.14891521543971
2025-02-10,-39.812319256590825
2025-02-12,-2.4823033158830583
2025-02-13,-50.22472130360612
2025-02-14,2.9226908507585625
2025-02-17,22.619329587713132
2025-02-18,-39.21673211861745
2025-02-19,-65.78901580407937
2025-02-20,-13.908716609082685
2025-02-21,20.20607782307097
2025-02-25,-28.03388812916824
2025-02-26,-0.43947835973957516
2025-02-27,43.388458964555596
2025-02-28,-32.8684149799594
2025-03-03,52.5376565587219
2025-03-04,31.31879821413098
2025-03-05,15.450820979865146
2025-03-06,-12.529332110619512
2025-03-07,-56.23194139524324
2025-03-10,-23.73905333508661
2025-03-11,-59.77845875553138
2025-03-12,45.129853325169876
2025-03-13,-5.424894231833507
2025-03-14,29.022003359370167
2025-03-17,-36.287996696534115
2025-03-18,29.31560562939694
2025-03-19,7.3352125536531965
2025-03-21,42.946510880722336
2025-03-24,-17.912659660317633
2025-03-25,33.9849471782592
2025-03-26,91.80204875695252
2025-03-27,-15.045999343516591
2025-03-28,9.301700977098811
2025-03-31,-51.83198036217086
2025-04-01,-102.34615332995212
2025-04-02,32.46208178769646
2025-04-03,-178.9338364402017
2025-04-04,-24.637026742887446
2025-04-07,-158.33652745681837
2025-04-08,164.56968563617596
2025-04-09,-90.28389606597145
2025-04-10,86.09563797179348
2025-04-11,-2.137839847394067
2025-04-14,74.7855939090776
2025-04-15,11.818963107980062
2025-04-16,-22.88844725988342
2025-04-17,67.53904135809528
2025-04-18,38.79976471469341
2025-04-21,-29.57824221376717
2025-04-22,7.822462233325329
2025-04-23,-0.5407861225025007
2025-04-24,64.82995963878858
2025-04-25,19.794432882199388
2025-04-28,3.1176583031131218
2025-04-30,226.47226569745482
2025-05-01,49.62269955973448
2025-05-02,24.247000375919065
2025-05-07,-44.63451942869707
2025-05-08,-88.51371418794335
2025-05-09,61.25121501991298
2025-05-12,24.77636685096325
2025-05-13,5.419737664142291
2025-05-14,24.71583694390319
2025-05-15,-5.3380764617602665
2025-05-16,20.51540745654033
2025-05-19,-22.202972611647482
2025-05-20,39.963067957906304
2025-05-21,-5.3936974633407555
2025-05-22,12.697979699028261
2025-05-23,-2.855940585322944
2025-05-26,-54.56006307553737
2025-05-27,-34.27140424596876
2025-05-28,20.841479874315056
2025-05-29,32.16884556734996
2025-05-30,1.4565547527504665
2025-06-02,-44.365177269621775
2025-06-03,-13.042821344357906
2025-06-04,-0.9186758777790421
2025-06-05,12.27873325371227
2025-06-06,8.559071357595904
2025-06-09,-22.88596559953717
2025-06-10,66.76397399771135
2025-06-11,4.770660772269049
2025-06-12,8.951298106387423
2025-06-13,-3.923259905461473
2025-06-16,-14.486345512292681
2025-06-17,20.20300207051436
2025-06-18,37.67458932594169
2025-06-19,-44.49435626646654
2025-06-20,-15.18150959543232
2025-06-23,-0.07149586673790588
2025-06-24,52.33752615888375
2025-06-25,24.151130128387322
2025-06-26,-13.11511935799201
2025-06-27,50.73725536399929
2025-06-30,-8.772164995721253
2025-07-01,-47.62640259081687
2025-07-02,34.95933328861059
2025-07-03,25.01494034115894
2025-07-04,-14.46678821448627
2025-07-07,4.738196338763351
2025-07-08,-40.16793651562474
2025-07-09,-20.9582917804591
2025-07-10,6.765010055608148
2025-07-11,9.108439259050947
2025-07-14,8.256284741856735
2025-07-15,-56.13288891313968
2025-07-16,1.2402560549550954
2025-07-17,38.97862684132031
2025-07-18,-3.130620500418578
2025-07-22,-29.401985266112256
2025-07-23,-42.12367766213927
2025-07-24,-6.2670458814233
2025-07-25,-19.608510762789997
2025-07-28,41.80244404470261
2025-07-29,-23.380460349957822
2025-07-30,26.664617606292488
2025-07-31,-148.63855691120372
2025-08-01,50.06890471390634
2025-08-04,95.73223336041474
2025-08-05,-61.09743189237842
2025-08-06,-29.8438644550397
2025-08-07,16.818866812608242
2025-08-08,35.17860502977475
2025-08-12,-59.829186296169695
2025-08-13,-63.4053189120314
2025-08-14,83.48893059532699
2025-08-15,-66.42048987853435
2025-08-18,-33.06461501542521
2025-08-19,-51.957336767668636
2025-08-20,96.18759070376237
2025-08-21,-99.18509000610233
2025-08-22,-38.1546498798543
2025-08-25,-5.224583661715608
2025-08-26,-28.67246831999455
2025-08-27,1.5834646119622593
2025-08-28,-54.021710893337456
2025-08-29,-30.236306672088713
2025-09-01,4.247507801143566
2025-09-02,-54.78484361284691
2025-09-03,-7.453182816634702
2025-09-04,-17.299107666845018
2025-09-05,1.2898145242862253
2025-09-08,-88.16996154785927
2025-09-09,56.814019648315195
2025-09-10,-5.3076348134801306
2025-09-11,-45.932106446685765
2025-09-12,91.79612256798815
2025-09-16,-1.6810641300708842
2025-09-17,80.52951982008591
2025-09-18,-63.86496388182211
2025-09-19,-10.789011178096995
2025-09-22,-16.968520198663118
2025-09-24,-13.31655515947051
2025-09-25,18.251697939175827
2025-09-26,-16.417032480500986
2025-09-29,-38.10138059789975
2025-09-30,-2.332391076587628
2025-10-01,-41.53330626476159
2025-10-02,-12.205601765939397
2025-10-03,53.780483371479946
2025-10-06,-1.4497404390630826
2025-10-07,-2.0543484544938213
2025-10-08,29.503711906383458
2025-10-09,-23.44762071492268
2025-10-10,-14.176737556821498
2025-10-14,103.97647051415015
2025-10-15,-5.673803809161165
2025-10-16,-10.171755489115508
2025-10-17,-18.93706949921569
2025-10-20,-14.729522973511589
2025-10-21,48.26918798720024
2025-10-22,39.10715198019547
2025-10-23,13.849978302837645
2025-10-24,-41.00321397171622
2025-10-27,-32.73378393618794
2025-10-28,-20.43093737414067
2025-10-29,-208.89333726346325
2025-10-30,50.84615668386698
2025-10-31,29.509909846574917
2025-11-04,-16.372281467436615
2025-11-05,21.235102475575168
2025-11-06,-116.4382445686615
2025-11-07,99.24360082378574
2025-11-10,-11.034742198819504
2025-11-11,49.69367897049926
2025-11-12,-158.89671837975237
2025-11-13,9.084356606532857
2025-11-14,114.84913272074692
2025-11-17,-177.59012467486127
2025-11-18,101.92238971916942
2025-11-19,8.905166411064648
2025-11-20,-62.317712617542625
2025-11-21,171.01590282066348
2025-11-25,83.02765762977715
2025-11-26,44.62984793732865
2025-11-27,-38.827107787581205
2025-11-28,80.396981506429
2025-12-01,89.74817150233305
2025-12-02,-97.3715889208102
2025-12-03,-68.57213602002827
2025-12-04,84.96834706916688
2025-12-05,-25.719374766158506
2025-12-08,-21.676496633784023
2025-12-09,-5.625294773241511
2025-12-10,-76.55629328265758
2025-12-11,-25.025479716439836
2025-12-12,-0.12752237110023795
2025-12-15,-2.558564680338767
2025-12-16,26.857140646032196
2025-12-17,18.647355078067733
2025-12-18,4.051829339446916
2025-12-19,-55.54333826944112
2025-12-22,-19.026993089324257
2025-12-23,-11.97002466661894
2025-12-24,-82.98413677558011
2025-12-25,2.5480843027140136
2025-12-26,-56.01804932204751
2025-12-29,-5.01127605605325
2025-12-30,80.67665308946445
2026-01-05,0.3184333560648882
2026-01-06,-46.739307397095864
2026-01-07,-61.971198819697946
2026-01-08,90.53595212836635
2026-01-09,-77.14959157545312
2026-01-13,-50.12383970170015
2026-01-14,8.582191021879758
2026-01-15,-3.0463017009038555
2026-01-16,-3.6896517914221048
2026-01-19,24.57522359665968
2026-01-20,-70.24082637140675
2026-01-21,-91.21464844540921
2026-01-22,13.455077807780869
2026-01-23,-13.134651421077836
2026-01-26,0.7626808592612283
2026-01-27,-126.8817496695437
2026-01-28,-118.2229081230724
2026-01-29,-51.23712888986904
2026-01-30,18.08138590651218
2026-02-02,182.61351249473762
2026-02-03,-67.8911586542306
2026-02-04,-144.20925789493197
2026-02-05,-3.959540930654351
2026-02-06,-42.440854196758515
2026-02-09,-33.21859645028772
2026-02-10,-15.577306320856552
2026-02-12,78.7907507264961
2026-02-13,209.64777157399965
2026-02-16,97.656154457921
2026-02-17,17.315718666166383
2026-02-18,-52.097727304002596
2026-02-19,-38.00070931272354
2026-02-20,-138.02351315374713
2026-02-24,-59.849107954809384
2026-02-25,-72.17411227080439
2026-02-26,87.35027160964658
2026-02-27,99.77890267656102
2026-03-02,-92.84901878438993
2026-03-03,17.166052930839967
2026-03-04,89.57793597060822
2026-03-05,-88.60911161633265
2026-03-06,81.28733866284789
2026-03-09,74.40425134393156
2026-03-10,-8.302220855702956
2026-03-11,-207.6049342771719
2026-03-12,-8.41825311222856
2026-03-13,-86.1127136771634
2026-03-16,-18.374657939141017
2026-03-17,50.34164375876372
2026-03-18,-49.48570443474924
2026-03-19,-67.54332906699375
2026-03-23,91.1100514636178
2026-03-24,82.19547770860956
2026-03-25,-21.34123842842952
2026-03-26,-93.49451516752735
2026-03-27,-50.03323527593531
2026-03-30,-10.170963002612233
2026-03-31,135.90647317810047
2026-04-01,64.33998365712938
2026-04-02,-39.0687536466845
2026-04-03,-45.423778295681295
2026-04-06,-23.646312792939145
2026-04-07,25.554992981572624
2026-04-08,86.5854836556203
2026-04-09,20.25896922692708
2026-04-10,-45.032830085733195
2026-04-13,-20.8831803372917
2026-04-14,89.10725347103094
2026-04-15,131.88862087025296
2026-04-16,25.006560449646116
2026-04-17,59.87742439642121
2026-04-20,-6.569695010147781
2026-04-21,-64.8230906552972
2026-04-22,-38.54486617208264
