date,0
2021-01-04,0.0023548692047454106
2021-01-05,0.013375906690546044
2021-01-06,-0.002639138674987662
2021-01-07,0.027916099880009593
2021-01-08,0.02987867719496759
2021-01-12,-0.005635984188913798
2021-01-13,0.02517818788769735
2021-01-14,-0.009301675742182769
2021-01-15,0.000920661869397224
2021-01-18,-0.010611839285232474
2021-01-19,0.020365083990346134
2021-01-20,-0.0007816093021233289
2021-01-21,-0.002746189118305195
2021-01-22,-0.0025109819281467216
2021-01-25,0.007834085902759358
2021-01-26,-0.01597310486069567
2021-01-27,-0.012729251874542852
2021-01-28,-0.01761432462497839
2021-01-29,-0.02217621194507295
2021-02-01,0.02366267614330192
2021-02-02,0.0170694260319261
2021-02-03,-0.004601136395070954
2021-02-04,-0.00804440865326185
2021-02-05,-0.002648134965161697
2021-02-08,0.03022707866905236
2021-02-09,0.0064177060107856315
2021-02-10,-0.012728931122818962
2021-02-12,0.01801509086709277
2021-02-15,0.015013491939011026
2021-02-16,0.01962762746062649
2021-02-17,0.0028147724303609484
2021-02-18,-0.01817713075421666
2021-02-19,0.00036703344032303076
2021-02-22,0.03395624985224763
2021-02-24,-0.02637500265283879
2021-02-25,0.013457578095573797
2021-02-26,-0.04191891656248163
2021-03-01,0.020149375948232268
2021-03-02,-0.010793382655928191
2021-03-03,0.007473706525970611
2021-03-04,-0.03554118708587878
2021-03-05,-0.01567087902171442
2021-03-08,-0.017274123833638882
2021-03-09,0.0016265736709692585
2021-03-10,0.0013964084511201014
2021-03-11,0.006000928989096252
2021-03-12,0.025962503204729898
2021-03-15,0.0026045473382388384
2021-03-16,0.011221343339963885
2021-03-17,0.002797567526124714
2021-03-18,0.027212897533735236
2021-03-19,-0.014846278618088349
2021-03-22,-0.01645369397398524
2021-03-23,-0.0051755048686186605
2021-03-24,-0.0012202853541615627
2021-03-25,0.0005869502841271274
2021-03-26,0.016693629853546683
2021-03-29,0.012131351083759845
2021-03-30,0.003579127470480059
2021-03-31,-0.006903564821240618
2021-04-01,0.010067362533643334
2021-04-02,0.012681447597509932
2021-04-05,0.010090288708642703
2021-04-06,-0.006939705241453317
2021-04-07,0.014134269714316156
2021-04-08,-0.0030047885319682
2021-04-09,0.004808010590642661
2021-04-12,-0.00639336916711325
2021-04-13,-0.002369178114236245
2021-04-14,0.004853463733967597
2021-04-15,-0.0060959841200751985
2021-04-16,0.00399098682391158
2021-04-19,0.007957124359991491
2021-04-20,-0.009881339751673074
2021-04-21,-0.01481092224006525
2021-04-22,0.02043933893928629
2021-04-23,-0.0061658615466228806
2021-04-26,0.006847240448304481
2021-04-27,-0.0036228339850911534
2021-04-28,0.0060355439738441485
2021-04-30,-0.0063006706548851404
2021-05-06,0.0048685867634023355
2021-05-07,0.007134981152545183
2021-05-10,-0.0021534768200869997
2021-05-11,-0.02463809788860814
2021-05-12,-0.025529393507479
2021-05-13,-0.0183825304856865
2021-05-14,0.022080086048628784
2021-05-17,-0.008060464793974279
2021-05-18,0.008540726564439854
2021-05-19,-0.002475236917218057
2021-05-20,0.007919744205170599
2021-05-21,-0.0015617549295433159
2021-05-24,0.00010049870446839082
2021-05-25,0.01021141469732266
2021-05-26,-0.0008254672998129209
2021-05-27,0.003786162061847398
2021-05-28,0.008112783347527908
2021-05-31,0.00840659493163226
2021-06-01,0.002168453993034697
2021-06-02,0.004293981470621974
2021-06-03,0.016663332955311583
2021-06-04,-0.00021951385027615955
2021-06-07,-0.004529089389175442
2021-06-08,-0.01430656471616408
2021-06-09,-0.011972072982286475
2021-06-10,0.005410948709570837
2021-06-11,-0.0028914461894455844
2021-06-14,0.0050393309052560896
2021-06-15,0.006599042401812416
2021-06-16,-0.0024010999578165243
2021-06-17,0.004453343703085134
2021-06-18,-0.00048381335557483307
2021-06-21,-0.014371950353671267
2021-06-22,0.010218872765643428
2021-06-23,0.00586464593424714
2021-06-24,-0.003002579094139368
2021-06-25,0.006859720497793292
2021-06-28,-0.004440254587393208
2021-06-29,-0.003203628354733007
2021-06-30,-0.004944284789855813
2021-07-01,-0.002264345905535828
2021-07-02,-0.010128377063778352
2021-07-05,0.002764547128920103
2021-07-06,0.001945040236119605
2021-07-07,-0.0023096079564493555
2021-07-08,-0.007820775406679692
2021-07-09,0.0044356586157762445
2021-07-12,0.008406152168551872
2021-07-13,-0.00593202670972674
2021-07-14,0.0037234042553191404
2021-07-15,0.0004017447199265445
2021-07-16,-0.0007437070938215162
2021-07-19,-0.0027048802946593037
2021-07-20,0.004294117647058837
2021-07-21,-0.004492720655141044
2021-07-26,0.0031264747522416203
2021-07-27,0.0033954880294659318
2021-07-28,-0.00571492604213357
2021-07-29,-0.001232973226867079
2021-07-30,-0.003617172675521821
2021-08-02,0.0020151441133365866
2021-08-03,0.002283653846153838
2021-08-04,0.0011213408876298292
2021-08-05,0.0036265793167992444
2021-08-06,-0.001989540700318329
2021-08-10,-0.0009819778188539796
2021-08-11,-0.007335817419655333
2021-08-12,0.0003711034141514191
2021-08-13,0.0008633448445979353
2021-08-16,-0.0025722684958353753
2021-08-17,-0.002813906953476733
2021-08-18,0.002942681678607978
2021-08-19,-0.0036874999999999963
2021-08-20,-0.001674394641937152
2021-08-23,0.0015665796344647431
2021-08-24,0.00825167612171221
2021-08-25,0.0005652152878567907
2021-08-26,0.0022608718012769174
2021-08-27,0.0027627007858092023
2021-08-30,0.008577767210295323
2021-08-31,0.007691741182593859
2021-09-01,-0.0002794058745823752
2021-09-02,0.001017691943246149
2021-09-03,0.01431505280491277
2021-09-06,0.006247915376185242
2021-09-07,0.003175550384784148
2021-09-08,0.010116752929366063
2021-09-09,-0.008899820258485416
2021-09-10,0.001966648304462748
2021-09-13,0.001518334822945916
2021-09-14,0.0010300967395198979
2021-09-15,0.0011244560658739441
2021-09-16,-0.008178020758343896
2021-09-17,0.0030993453246819817
2021-09-21,-0.010183869340708626
2021-09-22,-0.006238781942929247
2021-09-24,0.005809971445711881
2021-09-27,-0.001035923882386769
2021-09-28,-0.01008228661586276
2021-09-29,-0.01757770577698571
2021-09-30,-0.01381979396241045
2021-10-01,-0.011777824127355452
2021-10-04,-0.018643178579052386
2021-10-05,-0.0060315512734816085
2021-10-06,-0.004215932454191038
2021-10-07,0.0057572361716587556
2021-10-08,0.006508086669780894
2021-10-11,-0.001636812277453742
2021-10-12,-0.004959509245064941
2021-10-13,-0.0037098693059277182
2021-10-14,0.014734504733143819
2021-10-15,0.022780652321748945
2021-10-18,0.005071107383395432
2021-10-19,0.011088035539441321
2021-10-20,-0.002992161389607076
2021-10-21,-0.020800504779925608
2021-10-22,0.006923741125197197
2021-10-25,-0.006986730988776136
2021-10-26,0.004474635495340845
2021-10-27,-0.00040638277138956014
2021-10-28,0.005142281587655895
2021-10-29,-0.0008190624728965784
2021-11-01,0.013660338908352554
2021-11-02,-0.0032185801382832416
2021-11-04,0.009700328688370757
2021-11-05,-0.0004583861158450747
2021-11-08,0.0011976136050437097
2021-11-09,0.0014262467739701856
2021-11-10,-0.010661492684896176
2021-11-11,0.006671051203705774
2021-11-12,0.01028535434650961
2021-11-15,0.008017021662750746
2021-11-16,0.0022207712790230094
2021-11-17,0.008394632438410793
2021-11-18,-0.005122940899023154
2021-11-19,0.007699447298909756
2021-11-22,-0.0017933722656255785
2021-11-24,-0.006703557885698583
2021-11-25,0.0029336624329455163
2021-11-26,-0.020664867218361735
2021-11-29,-0.001181472359237973
2021-11-30,-0.012534122031770761
2021-12-01,0.007693837317888891
2021-12-02,-0.006542016410114246
2021-12-03,0.0005345857424985112
2021-12-06,-0.001345134511668841
2021-12-07,0.015676123431194983
2021-12-08,0.00976293630337605
2021-12-09,0.00047567874293394374
2021-12-10,-0.008328872304158047
2021-12-13,0.00947363698243428
2021-12-14,-0.009763014247202467
2021-12-15,-0.0017752542478100264
2021-12-16,0.01869673580022549
2021-12-17,-0.008354768923271236
2021-12-20,-0.014824068202589219
2021-12-21,0.019453290123814443
2021-12-22,0.0028430781300392977
2021-12-23,0.006913153173627201
2021-12-24,0.0054397830900338034
2021-12-27,0.0026149716221221114
2021-12-28,0.008544293785011398
2021-12-29,-0.0029167626530678115
2021-12-30,0.00013517403923241078
2022-01-04,0.006135786210935815
2022-01-05,0.0001301794703653658
2022-01-06,-0.013553983485195875
2022-01-07,-0.0025685542226291797
2022-01-11,-0.008256395930446345
2022-01-12,0.012217004680196347
2022-01-13,0.007426221575412367
2022-01-14,-0.005403141814980278
2022-01-17,-0.001075750899684022
2022-01-18,0.003360433996484516
2022-01-19,-0.02582910214646386
2022-01-20,-0.0002770066234609736
2022-01-21,-0.01431200412187926
2022-01-24,0.007980880321785629
2022-01-25,-0.019640225657239274
2022-01-26,0.0073530777471742526
2022-01-27,-0.031176253267439877
2022-01-28,0.010442605317813283
2022-01-31,0.014348759719866072
2022-02-01,-0.008518194114599836
2022-02-02,0.015974527766015684
2022-02-03,-0.015822567862541714
2022-02-04,0.0015192101551403689
2022-02-07,-0.0005473314398577733
2022-02-08,0.0020143228985618766
2022-02-09,0.006757289819727233
2022-02-10,0.008865731415263062
2022-02-14,-0.002219255187968794
2022-02-15,-0.007290836091380606
2022-02-16,-0.0004975376235128587
2022-02-17,-0.0018040554802504355
2022-02-18,-0.00045092140340750875
2022-02-21,-0.0012594839140767505
2022-02-22,-0.004070569484575612
2022-02-24,0.0054076888791094735
2022-02-25,-0.004305805529978973
2022-02-28,0.006278034196292123
2022-03-01,0.00183987854570071
2022-03-02,0.001853201932404333
2022-03-03,0.012869154092252977
2022-03-04,-0.005807316933027648
2022-03-07,0.003147104678822163
2022-03-08,-0.0175125581814827
2022-03-09,-0.0017314931879260087
2022-03-10,0.00798607604229562
2022-03-11,0.00038272133154798604
2022-03-14,0.0009997233679351902
2022-03-15,-0.015501604889931797
2022-03-16,0.006177829093311327
2022-03-17,0.010050395101072307
2022-03-18,0.012879543104510172
2022-03-22,0.004297937559768011
2022-03-23,0.005180437530677123
2022-03-24,0.005753460259479079
2022-03-25,0.004546644129166666
2022-03-28,-0.009709173262016951
2022-03-29,0.0029297191292384367
2022-03-30,-0.01324964271909744
2022-03-31,-0.00230053134765916
2022-04-01,0.0012033492171460713
2022-04-04,0.005258030693964605
2022-04-05,-0.004781718731001014
2022-04-06,-0.0028636346645642685
2022-04-07,-0.00878667331026542
2022-04-08,0.0064767444084666
2022-04-11,0.0011263148127760442
2022-04-12,-0.0003898535958390126
2022-04-13,0.0022324963295266703
2022-04-14,0.008585550873387707
2022-04-15,-0.0017230728789146693
2022-04-18,-1.7064232114283318e-06
2022-04-19,0.008019351234719474
2022-04-20,-0.002178243741727242
2022-04-21,0.00038463061492005624
2022-04-22,-0.012996585358560034
2022-04-25,-0.009595138499742778
2022-04-26,-0.011579225558507475
2022-04-27,-0.002812681664745992
2022-04-28,0.012525888063181861
2022-05-02,-0.0036979693233095967
2022-05-06,0.005488283243402382
2022-05-09,-0.00865412713271646
2022-05-10,-0.008102306924159777
2022-05-11,-0.009121006935046347
2022-05-12,-0.0044185595935793374
2022-05-13,7.548309178742607e-05
2022-05-16,0.0002263126131563098
2022-05-17,0.0014307228915662606
2022-05-18,0.0024320031764939465
2022-05-19,-0.0037514118792599774
2022-05-20,0.0
2022-05-23,0.0
2022-05-24,0.0
2022-05-25,0.0
2022-05-26,0.0
2022-05-27,0.0
2022-05-30,0.0
2022-05-31,0.0
2022-06-01,0.0
2022-06-02,0.0011286601138127295
2022-06-03,0.0029883879781420764
2022-06-06,0.001480153435623771
2022-06-07,-0.002637217735289285
2022-06-08,-0.0012417915473985353
2022-06-09,-0.0027423469387755084
2022-06-10,-0.0046597178146201654
2022-06-13,-0.011607894132694807
2022-06-14,-0.001953966128161802
2022-06-15,-0.0028234617887328006
2022-06-16,0.002693741539969585
2022-06-17,-0.011332953533293763
2022-06-20,-0.0114175929094293
2022-06-21,0.009349833088022678
2022-06-22,-0.0021342436188753616
2022-06-23,-0.000568993047871641
2022-06-24,0.001506221875583802
2022-06-27,0.007316151969668477
2022-06-28,0.002511482886112054
2022-06-29,-0.0011841576497486073
2022-06-30,-0.005079845751331621
2022-07-01,-0.0056009025630747
2022-07-04,-7.746758704808843e-05
2022-07-05,0.005861694410256746
2022-07-06,-0.0070814070399820295
2022-07-07,0.0016112809526957483
2022-07-08,0.0020998651138307844
2022-07-11,0.0022762297347804494
2022-07-12,-0.004665239223321696
2022-07-13,0.0021072817163015345
2022-07-14,0.00287221028859197
2022-07-15,0.009538145477666515
2022-07-19,0.0049021511834216325
2022-07-20,0.0042301443042723486
2022-07-21,0.0010847184812658062
2022-07-22,0.0005639163501352518
2022-07-25,-0.0011841265596129052
2022-07-26,0.0012693734415793745
2022-07-27,-0.0007506356751354887
2022-07-28,-0.00019798118247532637
2022-07-29,0.0020814304500743758
2022-08-01,0.0023962448955986287
2022-08-02,-0.0035811682168871567
2022-08-03,0.00195515808956552
2022-08-04,0.0038433558216805245
2022-08-05,0.0008967227667427968
2022-08-08,0.016358198963039333
2022-08-09,0.002241552037603761
2022-08-10,-0.007004935120983671
2022-08-12,0.008087593763828699
2022-08-15,0.002489482217710254
2022-08-16,-0.001768870653410748
2022-08-17,0.0059450193596106565
2022-08-18,-0.00218220438539396
2022-08-19,-0.0061996862241717465
2022-08-22,-0.0016110154638064311
2022-08-23,-0.0015882218809594977
2022-08-24,-0.002739542866413952
2022-08-25,0.0009067445502094901
2022-08-26,0.005356095181575843
2022-08-29,-0.018151414456975254
2022-08-30,0.006577750059115872
2022-08-31,-0.0034644541574050253
2022-09-01,-0.012472390866969343
2022-09-02,-0.0030366088990484014
2022-09-05,0.00018784253579304244
2022-09-06,0.00517501881134419
2022-09-07,-0.0026281704241093717
2022-09-08,0.012065436669361468
2022-09-09,0.00216505157148017
2022-09-12,0.00556258074381491
2022-09-13,0.002734090072566031
2022-09-14,-0.012442632132571723
2022-09-15,-0.0038358148308168805
2022-09-16,-0.011914015379872911
2022-09-20,0.004569448181955066
2022-09-21,-0.00581741073808302
2022-09-22,-0.003454136730934615
2022-09-26,-0.02674314341387182
2022-09-27,0.00267227335707014
2022-09-28,-0.019071663596625557
2022-09-29,0.002761823464090471
2022-09-30,-0.016398123311044992
2022-10-03,-0.0022268835898139852
2022-10-04,0.017208884751163434
2022-10-05,0.001743721175615942
2022-10-06,0.0021776902200679876
2022-10-07,-0.0038130790088963112
2022-10-11,-0.0068685806716575065
2022-10-12,-0.001760275932945532
2022-10-13,0.000496819173941565
2022-10-14,0.018583681993094653
2022-10-17,-0.00494090637825069
2022-10-18,0.0040786586042775574
2022-10-19,-0.0001348926761270408
2022-10-20,-0.006210788767601033
2022-10-21,-0.006337798827139307
2022-10-24,0.005110920929032331
2022-10-25,0.0019338140791972103
2022-10-26,0.00030730408422974535
2022-10-27,-0.0022291013354028694
2022-10-28,-0.0022258855759429153
2022-10-31,0.003332376803963327
2022-11-01,-0.0004669987546699894
2022-11-02,0.0007812500000000111
2022-11-04,0.0008540372670807483
2022-11-07,-0.00046267735965453693
2022-11-08,0.0009674922600619307
2022-11-09,-3.8402457757297226e-05
2022-11-10,0.002344974242615419
2022-11-11,0.021352894523809757
2022-11-14,0.0003427400916515
2022-11-15,0.007969085224871289
2022-11-16,-0.0008702749422895006
2022-11-17,-0.01434446391787787
2022-11-18,-0.009131218342058944
2022-11-21,0.005155149427831518
2022-11-22,-0.0008591680875080637
2022-11-24,0.016834588515238946
2022-11-25,-0.0005472821806590394
2022-11-28,-0.00788095375053217
2022-11-29,0.000970191968169918
2022-11-30,4.731246409946381e-05
2022-12-01,0.015027033083887115
2022-12-02,-0.003274522772562724
2022-12-05,-0.0022462830507006815
2022-12-06,0.008624282209146683
2022-12-07,-0.012151908405897274
2022-12-08,-0.006976189038460808
2022-12-09,0.029266494709359825
2022-12-12,-0.011771140663160679
2022-12-13,0.004171121426919083
2022-12-14,0.01075186575540793
2022-12-15,-0.005311420315678633
2022-12-16,-0.029361237976265553
2022-12-19,-0.009719183246617843
2022-12-20,-0.015413998067215648
2022-12-21,-0.002490798982672085
2022-12-22,-0.0026950818874805216
2022-12-23,-0.019671756213790664
2022-12-26,0.016746153141779074
2022-12-27,0.002390625616891795
2022-12-28,-0.005056511519287682
2022-12-29,-0.0068242903068928135
2022-12-30,-0.0022945588838105407
2023-01-04,-0.011577011173297666
2023-01-05,0.007831671991918449
2023-01-06,0.011967723457807056
2023-01-10,0.019312613168538093
2023-01-11,0.014517386196508386
2023-01-12,0.017544650730909717
2023-01-13,0.009446475683943665
2023-01-16,-0.012877088207288695
2023-01-17,0.013909760730928172
2023-01-18,0.010324698377587024
2023-01-19,-0.01382085686787174
2023-01-20,0.005790788206847516
2023-01-23,0.01247692843918849
2023-01-24,0.012528423487934315
2023-01-25,0.0038226541267456088
2023-01-26,-0.004928508585065675
2023-01-27,0.0006774700498753117
2023-01-30,-0.0011640264850331205
2023-01-31,-0.010163413869759233
2023-02-01,-0.009460342248336681
2023-02-02,0.008829827654785585
2023-02-03,-0.0018132981530365189
2023-02-06,-0.004909668352199456
2023-02-07,0.0018815458584763856
2023-02-08,0.004922769552700615
2023-02-09,0.0006746188143565562
2023-02-10,0.006671613882086633
2023-02-13,-0.011914924441885466
2023-02-14,0.007343503215596597
2023-02-15,0.0008969245495281525
2023-02-16,0.004215037123748169
2023-02-17,-0.004108511121540936
2023-02-20,8.989915005445936e-05
2023-02-21,0.005089924206290786
2023-02-22,-0.006062730914314515
2023-02-24,0.013414479337208685
2023-02-27,-0.0031049441487537993
2023-02-28,-0.002094585404286975
2023-03-01,0.013040367248603163
2023-03-02,-0.0011327133817834317
2023-03-03,0.005192769990106417
2023-03-06,0.010470370566087767
2023-03-07,0.002690742973198157
2023-03-08,-0.0019437872922268146
2023-03-09,0.006716379311170223
2023-03-10,-0.016689390350761182
2023-03-13,-0.01043544254562695
2023-03-14,-0.022330554327580243
2023-03-15,0.00830528245162504
2023-03-16,-0.014301827335899006
2023-03-17,0.010829193479307025
2023-03-20,-0.012901895081579448
2023-03-22,0.01506335159953276
2023-03-23,0.005902905593368965
2023-03-24,-0.0022721784942212747
2023-03-27,-0.0003206897330494257
2023-03-28,0.0071485023904541145
2023-03-29,0.004401338619842515
2023-03-30,-0.007250942253690065
2023-03-31,0.005722016969097632
2023-04-03,8.70451348500556e-05
2023-04-04,0.001991981871402773
2023-04-05,-0.008921640075305964
2023-04-06,-0.012172594772914502
2023-04-07,0.004916620797424415
2023-04-10,0.002640667186129711
2023-04-11,0.011707977272843423
2023-04-12,0.002219682312449028
2023-04-13,0.0016993782897257032
2023-04-14,0.008058413950737392
2023-04-17,-0.003036833767316588
2023-04-18,-0.00600161731132845
2023-04-19,0.002274317411856075
2023-04-20,0.006690156200138714
2023-04-21,0.003981609157244173
2023-04-24,-0.005700943939210293
2023-04-25,0.0012536409522826864
2023-04-26,-0.0058349185713998525
2023-04-27,-0.010991210542385832
2023-04-28,0.005263863360192952
2023-05-01,0.004312967476253565
2023-05-02,0.004389811694253692
2023-05-08,-0.00334725066101986
2023-05-09,0.0057338246277329336
2023-05-10,0.0002838099097417779
2023-05-11,0.0008236943692526005
2023-05-12,0.0041993420521112546
2023-05-15,0.0040340566881507944
2023-05-16,0.006051477888501605
2023-05-17,0.005146721895406589
2023-05-18,0.011652769731463036
2023-05-19,-0.0017189889029295248
2023-05-22,0.00550342916141057
2023-05-23,-0.004924464478924681
2023-05-24,-0.0036616925346058095
2023-05-25,0.02206722989520518
2023-05-26,0.009724692018029599
2023-05-29,0.007538248274881337
2023-05-30,0.0029833868486663917
2023-05-31,-0.008480147000719307
2023-06-01,0.0036883593650121616
2023-06-02,-0.00035822314268917077
2023-06-05,0.013645325043726786
2023-06-06,0.00045492993218500255
2023-06-07,-0.015358296538760405
2023-06-08,-0.0020875942288634958
2023-06-09,0.01236139260469507
2023-06-12,0.002072044775577153
2023-06-13,0.017930199931381285
2023-06-14,0.008664613379146313
2023-06-15,0.0023963751545106465
2023-06-16,0.006097714788345105
2023-06-19,-0.01309661557723879
2023-06-20,0.003305492744986346
2023-06-21,0.008294757005342296
2023-06-22,-0.019867035688387793
2023-06-23,-0.004663142718638627
2023-06-26,-0.003517974108297267
2023-06-27,-0.005100962548136773
2023-06-28,0.02327368775688335
2023-06-29,0.010728666460658176
2023-06-30,-0.0018137884444373586
2023-07-03,0.021510878377564685
2023-07-04,0.0036330218678965326
2023-07-05,-0.006106067950126817
2023-07-06,-0.018387325077509828
2023-07-07,-0.008668885203475488
2023-07-10,-0.006926251324348709
2023-07-11,0.00959128431757511
2023-07-12,-0.012236915085516928
2023-07-13,0.012998041762032689
2023-07-14,0.007280652073087923
2023-07-18,0.0057189490099597284
2023-07-19,0.008752032700306514
2023-07-20,-0.017442440005294338
2023-07-21,-0.020065660974645766
2023-07-24,0.016828577398810662
2023-07-25,0.007600937073347663
2023-07-26,0.0011488447246150862
2023-07-27,0.0053790767877606865
2023-07-28,0.009413454248117861
2023-07-31,0.007707281994963344
2023-08-01,0.016161763549109642
2023-08-02,-0.01808036236476505
2023-08-03,-0.021516742047340207
2023-08-04,-0.010112410500669702
2023-08-07,-0.003815649591810119
2023-08-08,-0.005533600758532098
2023-08-09,0.008783712134428495
2023-08-10,0.0025724062078307797
2023-08-14,-0.013855621981578442
2023-08-15,0.004023498842669684
2023-08-16,-0.016271827057871918
2023-08-17,-0.0026398028953652786
2023-08-18,0.001938470238024001
2023-08-21,0.0011419207723737694
2023-08-22,0.021579367184194953
2023-08-23,0.003190592856428323
2023-08-24,0.01502163952013763
2023-08-25,-0.028624155924691475
2023-08-28,0.023196577359826914
2023-08-29,0.002719765311262612
2023-08-30,0.0061498212653094825
2023-08-31,0.0030042206954905724
2023-09-01,0.003240826747056491
2023-09-04,0.0029522187311385338
2023-09-05,0.00045076606755208026
2023-09-06,0.005299196689344365
2023-09-07,-0.005759857334178969
2023-09-08,-0.007758437934226106
2023-09-11,-0.0016808323742131814
2023-09-12,0.0022207351796405123
2023-09-13,0.004683000550746649
2023-09-14,0.013306909861508343
2023-09-15,0.006422001226658328
2023-09-19,-0.008742017280930534
2023-09-20,-0.0025668601460191037
2023-09-21,-0.001163230500189516
2023-09-22,0.0019917139166429204
2023-09-25,0.0077461835084742525
2023-09-26,-0.007032303393002148
2023-09-27,0.0033254095431544143
2023-09-28,-0.011147686335528387
2023-09-29,-0.005326846802536797
2023-10-02,0.002101017954989709
2023-10-03,-0.013839939738842844
2023-10-04,-0.0196017688265175
2023-10-05,0.014116761171912268
2023-10-06,-0.0005949809779439541
2023-10-10,0.0159126493207975
2023-10-11,0.009221683110138101
2023-10-12,0.014198073187998195
2023-10-13,-0.0073816512365661585
2023-10-16,0.0001464911690337023
2023-10-17,0.0007543407884216952
2023-10-18,0.006548863302485303
2023-10-19,-0.00606455751106405
2023-10-20,-0.0006188584518183327
2023-10-23,-0.004190468282403104
2023-10-24,-2.3099516079955196e-05
2023-10-25,0.00017885648918525288
2023-10-26,-0.006891825050078876
2023-10-27,0.009516463575337919
2023-10-30,0.00020462517870008246
2023-10-31,-0.0001634555566183693
2023-11-01,0.01379403567897064
2023-11-02,-0.00022499812393847463
2023-11-06,-0.003635658942862871
2023-11-07,0.0008828508704582655
2023-11-08,-0.009322258455039714
2023-11-09,0.00885529868512172
2023-11-10,0.0010990300968444916
2023-11-13,0.012484443979714283
2023-11-14,0.009797964136359777
2023-11-15,0.004267625487668375
2023-11-16,0.006140639328170538
2023-11-17,0.002605731708588868
2023-11-20,-0.0040333013972205095
2023-11-21,0.0032117495825255415
2023-11-22,0.003392815537295299
2023-11-24,-0.00038235904413777555
2023-11-27,0.00031896785144977513
2023-11-28,0.003037008460377924
2023-11-29,0.0026610056825646933
2023-11-30,0.0036429129292597506
2023-12-01,0.002577260753413649
2023-12-04,-0.0029386190999316055
2023-12-05,-0.022690971159897114
2023-12-06,0.01971937685091299
2023-12-07,-0.017854373983808427
2023-12-08,-0.010344634279434398
2023-12-11,0.007640989963133754
2023-12-12,0.005240292467115326
2023-12-13,0.009352643445706244
2023-12-14,-0.007765323083722422
2023-12-15,0.008284102653013214
2023-12-18,-0.0027489491272215116
2023-12-19,0.020034018790333702
2023-12-20,0.006945066162057575
2023-12-21,-0.012742154009114243
2023-12-22,-0.00014454793850761372
2023-12-25,0.0038531187459441424
2023-12-26,0.004629794191594358
2023-12-27,0.008224388735620453
2023-12-28,-0.005990703804743605
2023-12-29,-0.003448462932174337
2024-01-04,-0.01741542800220744
2024-01-05,-0.001779486850948711
2024-01-09,0.013250648005977195
2024-01-10,0.00997205689101778
2024-01-11,0.010792691435790452
2024-01-12,0.009239582740902558
2024-01-15,0.009801221346402642
2024-01-16,-0.0066211663430152945
2024-01-17,0.007888619940439268
2024-01-18,0.007224752257177489
2024-01-19,0.0248011957965181
2024-01-22,0.015715311875221044
2024-01-23,-0.006179883522949625
2024-01-24,-0.0025140998531849174
2024-01-25,0.009874960147143577
2024-01-26,-0.015934000663299374
2024-01-29,0.0021999995376872222
2024-01-30,0.0022785584810221943
2024-01-31,0.006555213425099977
2024-02-01,-0.008051830656305409
2024-02-02,0.012327014435005806
2024-02-05,0.013362543661627035
2024-02-06,-0.0012396162331873573
2024-02-07,0.0015540320994016366
2024-02-08,0.007491165154693433
2024-02-09,0.0007021131421888482
2024-02-13,0.03053429161484486
2024-02-14,-0.0023582819620322215
2024-02-15,0.01108234488293472
2024-02-16,0.0013304774433237215
2024-02-19,-0.0001318793322307582
2024-02-20,-0.008584741528229967
2024-02-21,-0.0011000593838384753
2024-02-22,0.03128618519657303
2024-02-26,-0.005093985168159509
2024-02-27,0.0028893449875044552
2024-02-28,-0.002335488703364988
2024-02-29,0.0006165012536284847
2024-03-01,0.0121190983832144
2024-03-04,0.011314571842507726
2024-03-05,-0.0004403628836328055
2024-03-06,0.006705910600504891
2024-03-07,-0.008968432598351339
2024-03-08,0.006072072012784757
2024-03-11,-0.03399619494233368
2024-03-12,-0.002086052535032662
2024-03-13,0.006906885070822047
2024-03-14,0.006598458680901156
2024-03-15,-0.015806151969589108
2024-03-18,0.030892874166428358
2024-03-19,0.002146754058841238
2024-03-21,0.0231594587223361
2024-03-22,0.002032620886355113
2024-03-25,-0.004900391237976254
2024-03-26,-0.0011004304216755243
2024-03-27,0.00714687677235068
2024-03-28,-0.007849758110953384
2024-03-29,0.010451251999841819
2024-04-01,-0.029189885781005107
2024-04-02,0.012540517413807448
2024-04-03,-0.005126448627736133
2024-04-04,0.01663602906203321
2024-04-05,-0.026869449821144822
2024-04-08,0.010488874368124027
2024-04-09,0.02466124829619873
2024-04-10,0.004730293008550324
2024-04-11,0.0025717554265240333
2024-04-12,0.0007304998773293714
2024-04-15,0.0006182740855727037
2024-04-16,-0.03490890728016065
2024-04-17,-0.021870481777944456
2024-04-18,0.01247624618664768
2024-04-19,-0.03316756970571767
2024-04-22,-0.0016722551249468282
2024-04-23,-0.000697186707266137
2024-04-24,0.01839897136389246
2024-04-25,-0.02363525943903648
2024-04-26,0.01503229675295431
2024-04-30,0.013369271908037467
2024-05-01,0.0032446950924398706
2024-05-02,0.0025049287829873174
2024-05-07,0.014779079014321725
2024-05-08,-0.004727012020217428
2024-05-09,-0.009687114264958538
2024-05-10,0.001974505212557487
2024-05-13,-0.0046019131143868715
2024-05-14,0.023220337190380247
2024-05-15,3.4118036658092876e-06
2024-05-16,0.0011315890622146246
2024-05-17,-0.0016224162373026513
2024-05-20,0.021908685979373427
2024-05-21,-0.0010816634223900085
2024-05-22,-0.008945365933924681
2024-05-23,-0.002792023982458383
2024-05-24,-0.003877745639931096
2024-05-27,0.009487691197827969
2024-05-28,0.014316469410017574
2024-05-29,-0.006548631781720132
2024-05-30,-0.005959476832883143
2024-05-31,0.005319503706761059
2024-06-03,-0.0041434611304562025
2024-06-04,-0.007780168122828987
2024-06-05,-0.025514156362411777
2024-06-06,0.0007496892132156097
2024-06-07,0.005525120529843483
2024-06-10,0.008680578252607318
2024-06-11,-0.000983053007346385
2024-06-12,-0.0009890227436265137
2024-06-13,-0.007991291915282958
2024-06-14,0.00617231878849081
2024-06-17,-0.013195608082161664
2024-06-18,0.001701342563403832
2024-06-19,0.007847225603759111
2024-06-20,-0.0027108095024421077
2024-06-21,0.001024330904112719
2024-06-24,-0.0015581349123914012
2024-06-25,0.011933122563701826
2024-06-26,0.001993682377014541
2024-06-27,0.0014456146225913236
2024-06-28,0.0026643672049800784
2024-07-01,0.0014148189475668566
2024-07-02,0.0028265552700632163
2024-07-03,-0.001981502293585735
2024-07-04,0.01190575055914797
2024-07-05,-0.006843279201628319
2024-07-08,-0.005779940536467296
2024-07-09,0.011870080796639038
2024-07-10,0.007033714214569858
2024-07-11,0.000706243872716214
2024-07-12,-0.014001641085620992
2024-07-16,0.00028770685311153843
2024-07-17,0.005695229852882511
2024-07-18,-0.016811893627644195
2024-07-19,0.0004598953238323239
2024-07-22,-0.009303323062390262
2024-07-23,0.0077130034521359385
2024-07-24,-0.009435147760182186
2024-07-25,-0.029081150812800674
2024-07-26,-0.0009348762059143423
2024-07-29,0.020460380906998893
2024-07-30,-0.002518461472137551
2024-07-31,0.020663619508026143
2024-08-01,0.002201687909258468
2024-08-02,-0.05006504509422466
2024-08-05,-0.09934551897030489
2024-08-06,0.07242679471744046
2024-08-07,-0.0012026093156096707
2024-08-08,-0.00910213243323318
2024-08-09,0.01013214327098419
2024-08-13,0.019147931497353377
2024-08-14,0.0030800658021913896
2024-08-15,0.006383870022022911
2024-08-16,0.020437637632816752
2024-08-19,-0.006433900614758942
2024-08-20,0.00406092765462589
2024-08-21,-0.0024399399399399335
2024-08-22,0.00147396630934149
2024-08-23,-0.002945826220369524
2024-08-26,-0.0013008088175329446
2024-08-27,-0.0012476949364732814
2024-08-28,0.004098363669792229
2024-08-29,0.0012109433036795458
2024-08-30,0.005083294419210904
2024-09-02,0.003373002135391684
2024-09-03,-0.002386987508545227
2024-09-04,-0.01297111130208281
2024-09-05,-0.00835115808827594
2024-09-06,-0.0014955196072068133
2024-09-09,-0.0013763685433273443
2024-09-10,0.0007390979029995581
2024-09-11,-0.005001459412484116
2024-09-12,0.016216028462254395
2024-09-13,-0.00011199675790311836
2024-09-17,-0.006555161016570651
2024-09-18,0.004392091364258527
2024-09-19,0.004869191049913957
2024-09-20,0.006790167268108438
2024-09-24,0.0007108824827691262
2024-09-25,0.002427625633119296
2024-09-26,0.008862870370280301
2024-09-27,0.008755446128710181
2024-09-30,-0.01241642433823939
2024-10-01,0.006163407122770054
2024-10-02,-0.011012288300861803
2024-10-03,0.010460810093120831
2024-10-04,0.003840757819882218
2024-10-07,0.007039212823290508
2024-10-08,0.0023434410841985526
2024-10-09,0.005983436337549303
2024-10-10,-5.045515610521689e-05
2024-10-11,0.011929284408632806
2024-10-15,0.001990645638488567
2024-10-16,-1.4933080329737614e-05
2024-10-17,-0.0020905622930414286
2024-10-18,-0.00023876738518729674
2024-10-21,0.0010278155712769438
2024-10-22,-0.0079407854933507
2024-10-23,-0.0035134843307992186
2024-10-24,0.0023349785510138193
2024-10-25,-0.006783333807155551
2024-10-28,0.01012717047785558
2024-10-29,0.008675763815750515
2024-10-30,0.011762046183397795
2024-10-31,0.004879556209895081
2024-11-01,-0.02084126877544083
2024-11-05,0.007724030851386204
2024-11-06,0.029887572735334822
2024-11-07,0.00672184392622191
2024-11-08,0.020174387332657848
2024-11-11,0.021029637208413887
2024-11-12,0.002201222512636644
2024-11-13,-0.015504931486503962
2024-11-14,-0.0024874656105725035
2024-11-15,0.010127356630514645
2024-11-18,-0.003170774221980241
2024-11-19,0.015149437567306356
2024-11-20,-0.0005720420595768522
2024-11-21,0.0016507464174761038
2024-11-22,0.004536801069911056
2024-11-25,-0.00037712197181534457
2024-11-26,-0.010908779830349935
2024-11-27,-0.018121074782426555
2024-11-28,4.99710703889991e-05
2024-11-29,0.0069053359718834195
2024-12-02,0.01319843598965742
2024-12-03,0.018942024711542577
2024-12-04,0.0010849737311625363
2024-12-05,0.0012841152110712323
2024-12-06,-0.009706167373852142
2024-12-09,-0.004767199114020099
2024-12-10,-0.00041136286523160703
2024-12-11,0.00272924694773502
2024-12-12,0.009402115833450075
2024-12-13,0.005451093262621984
2024-12-16,0.0067251609858823
2024-12-17,-0.01621219352523863
2024-12-18,-3.424011170193031e-05
2024-12-19,0.001593778222869588
2024-12-20,-0.0016421695487608273
2024-12-23,0.007378611773685456
2024-12-24,-0.004093659636195235
2024-12-25,0.002482766094799277
2024-12-26,0.004741156413496372
2024-12-27,0.008016176158602228
2024-12-30,-0.00857851453103382
2025-01-06,0.004183116993497049
2025-01-07,0.023611414345028447
2025-01-08,0.011816582357320304
2025-01-09,-0.01046473545528373
2025-01-10,0.00012058344029045043
2025-01-14,-0.02620973047144702
2025-01-15,-0.005516387555037472
2025-01-16,0.01534846790155539
2025-01-17,0.000643008903485856
2025-01-20,0.003050557412067237
2025-01-21,0.0020443196548226295
2025-01-22,0.0225352684292697
2025-01-23,0.005302534826559721
2025-01-24,0.00027642933979614426
2025-01-27,-0.028295874353136546
2025-01-28,-0.02655844886993394
2025-01-29,0.016439667562401367
2025-01-30,0.010280061077000913
2025-01-31,0.005197892957662514
2025-02-03,-0.013549392146077407
2025-02-04,0.012384973665958601
2025-02-05,0.0008132781302026965
2025-02-06,0.004342402574986498
2025-02-07,-0.007680308440695324
2025-02-10,0.004176790063390223
2025-02-12,0.008235194799972811
2025-02-13,-0.0013616175357923505
2025-02-14,-0.005589802244607492
2025-02-17,-0.0003545444710581491
2025-02-18,0.012244898624641759
2025-02-19,0.006285055494655345
2025-02-20,-0.008996412010186472
2025-02-21,-0.005411904251239316
2025-02-25,-0.01473791265785962
2025-02-26,-0.004050019030673202
2025-02-27,0.0023708362889010154
2025-02-28,-0.015401985721959208
2025-03-03,0.0036565576247541143
2025-03-04,-0.010412755371842719
2025-03-05,0.0016914229983687329
2025-03-06,-0.0029615084849736323
2025-03-07,-0.011319951956177812
2025-03-10,0.0069620090763875125
2025-03-11,-0.012681193485515673
2025-03-12,0.0035232297056340288
2025-03-13,0.0021875770273601103
2025-03-14,0.002240794573643401
2025-03-17,0.00068419800095193
2025-03-18,0.002544378698224853
2025-03-19,0.0007538854094177594
2025-03-21,0.0038621166705095633
2025-03-24,-0.0024882576604786377
2025-03-25,-0.0017971246006389802
2025-03-26,0.0010419078490391254
2025-03-27,0.0017221584385763433
2025-03-28,-0.004954699886749722
2025-03-31,-0.0055719339622641445
2025-04-01,-6.17131572451246e-05
2025-04-02,-0.0011731291676957273
2025-04-03,-0.009941411119421595
2025-04-04,-0.01405065005417118
2025-04-07,-0.013426914861153494
2025-04-08,0.016880341880341876
2025-04-09,-0.00530873493975903
2025-04-10,0.01881318024536018
2025-04-11,0.0
2025-04-14,0.0
2025-04-15,0.0
2025-04-16,0.0
2025-04-17,0.0
2025-04-18,0.0
2025-04-21,0.0
2025-04-22,0.0
2025-04-23,0.0
2025-04-24,0.0
2025-04-25,0.0
2025-04-28,0.0
2025-04-30,0.0
2025-05-01,0.0
2025-05-02,0.0
2025-05-07,0.0
2025-05-08,0.0
2025-05-09,0.0
2025-05-12,0.0
2025-05-13,0.0
2025-05-14,0.0
2025-05-15,0.0
2025-05-16,0.0
2025-05-19,0.0
2025-05-20,-0.0013118399339934028
2025-05-21,-0.002161008123307648
2025-05-22,-0.0013777024162780899
2025-05-23,0.0010983711958851283
2025-05-26,0.00023900573613766518
2025-05-27,0.0003445716709075397
2025-05-28,2.6432649608804093e-05
2025-05-29,0.003208271897699419
2025-05-30,-0.011301596148032743
2025-06-02,-0.009845865000429485
2025-06-03,0.0021307013583980045
2025-06-04,0.006917159741965428
2025-06-05,0.012232110903636947
2025-06-06,-0.001893211461160657
2025-06-09,0.006049430826549573
2025-06-10,-0.00876479302867322
2025-06-11,0.007149377284646111
2025-06-12,-0.007598992769863336
2025-06-13,-0.017439611561306148
2025-06-16,0.023792388906281714
2025-06-17,0.014429564853333979
2025-06-18,0.009596341998039423
2025-06-19,-0.01625217699780991
2025-06-20,0.005674057444923553
2025-06-23,-0.010565187166280146
2025-06-24,0.036491531300642394
2025-06-25,0.008888064352163716
2025-06-26,0.026235462427160627
2025-06-27,0.02463079777856436
2025-06-30,-0.002487438012901924
2025-07-01,-0.0075635889068897955
2025-07-02,-0.002729568655281109
2025-07-03,0.009445511484015998
2025-07-04,-0.003261552318574168
2025-07-07,-0.011293238612042386
2025-07-08,0.01784277718186228
2025-07-09,-0.00305483257436176
2025-07-10,0.00027935133266951406
2025-07-11,-0.0018988916641389658
2025-07-14,-0.00547652857375186
2025-07-15,0.02025879843459087
2025-07-16,-0.007069519767318802
2025-07-17,-0.007086939946245038
2025-07-18,-0.0007787383549124477
2025-07-22,0.0062286195736329375
2025-07-23,0.01190967966350899
2025-07-24,0.016409247081001235
2025-07-25,-0.001761325925302093
2025-07-28,-0.020264802263432316
2025-07-29,-0.012648063406544757
2025-07-30,0.013393495172956404
2025-07-31,0.018835463859968718
2025-08-01,-0.031178555932028687
2025-08-04,-0.0027159054967783453
2025-08-05,0.01567232310282786
2025-08-06,-0.0006667800829246312
2025-08-07,-0.006123566860943355
2025-08-08,-0.006961113492826881
2025-08-12,0.040173132301836556
2025-08-13,0.020275775560993123
2025-08-14,-0.015184358164586714
2025-08-15,0.042736275683464164
2025-08-18,0.006229715227752675
2025-08-19,-0.00767171777025355
2025-08-20,-0.022972072256041504
2025-08-21,0.006312885607513044
2025-08-22,0.001682818926661825
2025-08-25,0.0197441137677217
2025-08-26,0.0005638838648844152
2025-08-27,0.01157149731207685
2025-08-28,0.008507887379420962
2025-08-29,0.0077515732033187346
2025-09-01,-0.024295009555675776
2025-09-02,0.00635377972732315
2025-09-03,-0.005041560168135742
2025-09-04,0.014449218193785474
2025-09-05,0.009252553899563282
2025-09-08,0.012482915199474115
2025-09-09,-0.0072128592634122385
2025-09-10,0.0171353429075701
2025-09-11,0.011013270337083741
2025-09-12,-0.0020897529901772877
2025-09-16,0.0047190618247662935
2025-09-17,-0.0167204638865789
2025-09-18,0.015671633148543154
2025-09-19,-0.00230995766435782
2025-09-22,0.009940768462489855
2025-09-24,0.009112499175734382
2025-09-25,0.02036659724099668
2025-09-26,-0.014699360310582138
2025-09-29,0.013263853625678005
2025-09-30,-0.005417483313869348
2025-10-01,-0.010900722251076023
2025-10-02,0.016612852898059846
2025-10-03,0.013084554003207408
2025-10-06,0.03247558545709213
2025-10-07,-0.008253659058206811
2025-10-08,0.018109305203135653
2025-10-09,0.008095501969611663
2025-10-10,-0.01847524744917098
2025-10-14,-0.026070089732947967
2025-10-15,0.03041272921358462
2025-10-16,0.01333333098342894
2025-10-17,-0.01709849411051584
2025-10-20,0.037439044205535316
2025-10-21,-0.01054329108436558
2025-10-22,-0.006648940507397019
2025-10-23,-0.010528962163006
2025-10-24,0.02114381136906049
2025-10-27,0.030189779724914878
2025-10-28,-0.003583094897619765
2025-10-29,0.05137647841004535
2025-10-30,0.033752363807035196
2025-10-31,0.022761766411883794
2025-11-04,0.0004976866995335671
2025-11-05,-0.036757713336458
2025-11-06,0.02818861974019264
2025-11-07,-0.024125535152447822
2025-11-10,0.007279322452410891
2025-11-11,-0.007753668727035562
2025-11-12,0.03516487421636531
2025-11-13,0.026113696803050118
2025-11-14,-0.032190285667487856
2025-11-17,0.01934836450082089
2025-11-18,-0.054607391776951036
2025-11-19,-0.00021242699973217372
2025-11-20,0.04534810601576625
2025-11-21,-0.06399356107579976
2025-11-25,0.013271826490056676
2025-11-26,0.018211742689798915
2025-11-27,0.02542580243070136
2025-11-28,0.00654158075302036
2025-12-01,-0.02212908073986651
2025-12-02,0.00933582833849067
2025-12-03,0.031124474768083235
2025-12-04,0.016659745545441584
2025-12-05,-0.0006578446926717163
2025-12-08,0.0034002136779094916
2025-12-09,-0.0015880952253300162
2025-12-10,-0.0046386925971548115
2025-12-11,-0.009936640367283922
2025-12-12,0.019625531517330458
2025-12-15,-0.025027742833039934
2025-12-16,-0.02314152236654253
2025-12-17,0.014888662722530699
2025-12-18,-0.01869987256809913
2025-12-19,0.01060702650253964
2025-12-22,0.04771557926202366
2025-12-23,-0.004852963405422003
2025-12-24,0.012410548744482108
2025-12-25,-0.007482460719878223
2025-12-26,0.0044132033661376385
2025-12-29,0.0036544422513132696
2025-12-30,-0.006053090935346214
2026-01-05,0.0513083387300588
2026-01-06,0.028520555444978446
2026-01-07,-0.011660608663726618
2026-01-08,-0.014367310299565908
2026-01-09,0.022072775946807607
2026-01-13,0.048697789981467635
2026-01-14,0.035595420137123884
2026-01-15,-0.0005521966027520753
2026-01-16,0.011068393426823545
2026-01-19,0.007019166510408917
2026-01-20,-0.00526924899868178
2026-01-21,0.01141642883870804
2026-01-22,0.008377869364733545
2026-01-23,0.005421481812419318
2026-01-26,-0.0068151982194486205
2026-01-27,0.02357210900292135
2026-01-28,0.030252272793328747
2026-01-29,0.001572922971812149
2026-01-30,-0.02251044874158145
2026-02-02,-0.0513444055117757
2026-02-03,0.053821831241182144
2026-02-04,0.014721030591473769
2026-02-05,-0.030405571899631445
2026-02-06,0.013139675193590647
2026-02-09,0.0766358645251911
2026-02-10,0.051568391045946835
2026-02-12,0.021172905386798918
2026-02-13,-0.010532569886107318
2026-02-16,-0.009377477144759783
2026-02-17,-0.01188229365673596
2026-02-18,0.021734514373681957
2026-02-19,0.017317663377953457
2026-02-20,0.0010143533428704915
2026-02-24,0.04369229293321958
2026-02-25,0.03897242696643648
2026-02-26,0.0036651916083514507
2026-02-27,0.01339171029684176
2026-03-02,0.005662916725192771
2026-03-03,-0.03507526406003507
2026-03-04,-0.05528767044906764
2026-03-05,0.024567300277467077
2026-03-06,-0.008422394428712482
2026-03-09,-0.07674153080277002
2026-03-10,0.05863247722860926
2026-03-11,0.02961831370473142
2026-03-12,-0.016715872453572422
2026-03-13,0.0012558135959532951
2026-03-16,-0.0032483483065355173
2026-03-17,-0.025320880067581486
2026-03-18,0.04038033204618938
2026-03-19,-0.03285795439055256
2026-03-23,-0.053828097928453986
2026-03-24,0.017396212585610846
2026-03-25,0.048664135663879976
2026-03-26,0.0025874500207302975
2026-03-27,-0.008912707034777326
2026-03-30,-0.02142197458930617
2026-03-31,-0.037128120737115994
2026-04-01,0.07641850819908401
2026-04-02,-0.023712120765774156
2026-04-03,0.03339858831073059
2026-04-06,0.01666181786886123
2026-04-07,-0.004633590685121397
2026-04-08,0.08702266405521174
2026-04-09,-0.004414383313781422
2026-04-10,0.037085388915376355
2026-04-13,-0.007277304507741791
2026-04-14,0.02135647232168769
2026-04-15,-0.017136668925638268
2026-04-16,0.018655636954475252
2026-04-17,-0.023562622736385444
2026-04-20,-0.0019304768373692577
2026-04-21,0.018529181350967275
2026-04-22,-0.0035144244314751077
2026-04-23,-0.022638783217682586
2026-04-24,0.014340129046710365
2026-04-27,0.008193734990383214
2026-04-28,-0.0002307414607527732
2026-04-30,-0.013971947702136042
2026-05-01,0.00031933359992857013
2026-05-07,0.07457292818568168
2026-05-08,0.005779588497877117
2026-05-11,-0.010752810010030756
2026-05-12,0.019583771687849666
2026-05-13,0.025612587973923576
2026-05-14,-0.022326776302239296
2026-05-15,-0.03879708120739028
2026-05-18,-0.019833384684751584
2026-05-19,-0.024140493334116983
2026-05-20,-0.0027059816221824268
2026-05-21,0.030128387379844218
2026-05-22,0.03296303950121196
2026-05-25,0.04649077565672356
2026-05-26,-0.006245399530143941
2026-05-27,-0.006692643474403376
2026-05-28,-0.0294238921865719
2026-05-29,0.01562284074416756
2026-06-01,-0.003707602421939349
2026-06-02,-0.003868124678794674
2026-06-03,0.03448765861548275
2026-06-04,0.0030378542614945686
2026-06-05,-0.02452545440573506
2026-06-08,-0.046372562239188245
2026-06-09,0.019589894541884437
2026-06-10,-0.022744434104532973
2026-06-11,-0.002754342097617435
2026-06-12,0.06369798433823018
2026-06-15,0.043037448769864955
2026-06-16,0.013728647144919517
2026-06-17,0.025131849523874344
2026-06-18,0.01988305820629295
2026-06-19,0.0154960895876248
2026-06-22,0.032714878993232124
2026-06-23,-0.06024517495432215
2026-06-24,-0.015065608484236798
2026-06-25,0.045054547279976126
2026-06-26,-0.04515841341522238
2026-06-29,-0.006989298149727208
2026-06-30,0.01667194305987224
2026-07-01,-0.0031279479834364354
2026-07-02,-0.052283115897240454
2026-07-03,0.009821337891257248
2026-07-06,-0.004197167121429507
2026-07-07,-0.025977406389596266
2026-07-08,-0.028459585372562796
2026-07-09,0.01904566834311898
2026-07-10,0.018432872558827366
2026-07-13,-0.009674343003808039
2026-07-14,0.0003317600472770993
2026-07-15,0.02823408216460678
2026-07-16,-0.03016510076105194
2026-07-17,-0.03884345067897452
2026-07-21,0.023842227665203997
2026-07-22,-0.00047453148888877694
2026-07-23,0.012440187589522339
2026-07-24,-0.022229242842511418
2026-07-27,0.0005511589684472212
2026-07-28,-0.04582612077357881
2026-07-29,-0.025924000436311212
2026-07-30,0.009096960263839285
2026-07-31,0.04926418806775178
2026-08-03,0.005764639086014614
2026-08-04,0.011082020798627829
2026-08-05,0.02019899971228498
2026-08-06,-0.006090247732340959
2026-08-07,-0.004798121608915254
2026-08-10,0.009279284869079585
2026-08-12,0.007166035720559849
2026-08-13,0.010583486943484516
2026-08-14,-5.975278839709386e-05
2026-08-17,0.0033232311819323818
2026-08-18,-0.01508299645589865
2026-08-19,-0.015456083480896107
2026-08-20,0.0008590041718355562
2026-08-21,0.0022954548952447973
2026-08-24,-0.0049054779511521485
2026-08-25,0.0009280809936958207
2026-08-26,0.009760948644389561
